id,reference,first_name,last_name,email,phone,birth_date,national_id,address,postal_code,city,country,marital_status,dependents,employment_status,employer_name,monthly_net_income,monthly_expenses,housing_status,credit_history,risk_category,status,notes,created_at,updated_at,employment_since,credit_score,score_updated_at,score_is_stale,score_override,score_override_reason,consent_given_at,marketing_opt_in
00402bc2-34ae-4fc0-a7de-19838efcf4fa,CLI-0098,Dimitri,Susi,dimitri.susi97@example.com,+372 51003589,1966-08-27,,,,Helsinki,EE,single,0,cdi,Employer 38,2105.00,1193.99,tenant,incidents,C,active,,2026-05-30 13:40:16.08259+00,2026-05-30 13:40:16.08259+00,,46,,false,,,,false
006c7f4a-2e50-4d4a-831e-c1f21f155c34,CLI-1207,Piret,Garcia,piret.garcia1206@example.com,+372 51044622,1994-12-27,,,,Parnu,EE,married,2,unemployed,Employer 19,2324.00,987.76,tenant,good,A,active,,2026-05-30 13:40:16.416366+00,2026-05-30 13:40:16.416366+00,,89,,false,,,,false
0131757a-e481-4f3f-ad81-edfcfed049da,CLI-0231,Emma,Kask,emma.kask230@example.com,+372 51008510,1971-08-13,,,,Bruxelles,EE,married,0,cdi,Employer 11,2911.00,1022.11,owner,incidents,C,active,,2026-05-30 13:40:16.08259+00,2026-05-30 13:40:16.08259+00,,52,,false,,,,false
0169cce7-3824-4ce1-85ef-591412ca4e0e,CLI-1298,Marie,Carre,marie.carre1297@example.com,+372 51047989,1977-04-11,,,,Madrid,EE,married,2,cdi,Employer 33,1476.00,567.23,hosted,excellent,A,active,,2026-05-30 13:40:16.416366+00,2026-05-30 13:40:16.416366+00,,91,,false,,,,false
01984c64-f19e-4759-bf40-955153055bbb,CLI-0762,Dimitri,Martin,dimitri.martin761@example.com,+372 51028157,1969-12-05,,,,Parnu,EE,married,2,student,Employer 8,4163.00,1576.42,tenant,good,A,active,,2026-05-30 13:40:16.308826+00,2026-05-30 13:40:16.308826+00,,89,,false,,,,false
01a48dad-ff78-4398-b02d-4b32ea3a8399,CLI-0310,Romain,Ivanov,romain.ivanov309@example.com,+372 51011433,1991-01-26,,,,Bruxelles,FR,single,2,cdd,Employer 6,1959.00,1118.70,owner,incidents,D,active,,2026-05-30 13:40:16.08259+00,2026-05-30 13:40:16.08259+00,,33,,false,,,,false
01a6d250-a9b0-415a-a410-b62c0ff60f4f,CLI-0578,Sarah,Kask,sarah.kask577@example.com,+372 51021349,2003-11-28,,,,Lyon,EE,married,2,cdi,Employer 12,1738.00,919.73,owner,good,A,active,,2026-05-30 13:40:16.308826+00,2026-05-30 13:40:16.308826+00,,90,,false,,,,false
01c2defa-04b8-4f46-a7b6-b47b81247d01,CLI-0170,Antoine,Kukk,antoine.kukk169@example.com,+372 51006253,1981-12-19,,,,Tartu,EE,single,2,cdd,Employer 3,2278.00,862.70,tenant,good,A,active,,2026-05-30 13:40:16.08259+00,2026-05-30 13:40:16.08259+00,,83,,false,,,,false
01c610a8-1861-41e0-991b-886b93f15cc1,CLI-1281,Antoine,Muller,antoine.muller1280@example.com,+372 51047360,1994-08-22,,,,Parnu,EE,married,1,freelance,Employer 12,1437.00,737.34,owner,incidents,D,active,,2026-05-30 13:40:16.416366+00,2026-05-30 13:40:16.416366+00,,33,,false,,,,false
01e05c02-a059-471f-aa74-6b90b55269ef,CLI-0981,Thomas,Parn,thomas.parn980@example.com,+372 51036260,1982-05-02,,,,Madrid,EE,married,3,student,Employer 40,1663.00,879.67,owner,incidents,C,active,,2026-05-30 13:40:16.308826+00,2026-05-30 13:40:16.308826+00,,56,,false,,,,false
022213db-16c9-4503-ae13-b0ef013b87a1,CLI-1007,Sarah,Nguyen,sarah.nguyen1006@example.com,+372 51037222,1983-08-04,,,,Tallinn,EE,single,3,cdi,Employer 5,3109.00,1618.05,tenant,incidents,D,active,,2026-05-30 13:40:16.416366+00,2026-05-30 13:40:16.416366+00,,28,,false,,,,false
02665be3-a07a-47e6-b6ba-9e2409d2a46b,CLI-0089,Eva,Lepik,eva.lepik88@example.com,+372 51003256,1980-01-13,,,,Parnu,EE,married,1,student,Employer 30,4589.00,1710.22,tenant,excellent,A,active,,2026-05-30 13:40:16.08259+00,2026-05-30 13:40:16.08259+00,,94,,false,,,,false
028fe04a-b591-4d7d-992c-24d64a9c9e37,CLI-0191,Tonu,Petit,tonu.petit190@example.com,+372 51007030,1996-10-27,,,,Geneve,FR,single,3,cdi,Employer 14,1612.00,810.13,tenant,excellent,A,active,,2026-05-30 13:40:16.08259+00,2026-05-30 13:40:16.08259+00,,94,,false,,,,false
02bd48f5-ff9c-4dc2-859c-cb9c1be1e127,CLI-1122,Antoine,Vidal,antoine.vidal1121@example.com,+372 51041477,2002-07-03,,,,Tartu,FR,single,1,cdi,Employer 3,5067.00,1780.52,hosted,incidents,C,active,,2026-05-30 13:40:16.416366+00,2026-05-30 13:40:16.416366+00,,46,,false,,,,false
02d29f86-f03b-4b57-9f3c-9a73841eea07,CLI-0954,Ines,Sepp,ines.sepp953@example.com,+372 51035261,1983-01-04,,,,Tallinn,FR,married,3,cdi,Employer 1,3459.00,1633.03,tenant,incidents,D,active,,2026-05-30 13:40:16.308826+00,2026-05-30 13:40:16.308826+00,,22,,false,,,,false
02f02991-9f7c-4144-9460-f8125fc5d069,CLI-0570,Piret,Lepik,piret.lepik569@example.com,+372 51021053,1982-07-03,,,,Lyon,EE,married,2,retired,Employer 5,1508.00,686.02,hosted,good,B,active,,2026-05-30 13:40:16.308826+00,2026-05-30 13:40:16.308826+00,,65,,false,,,,false
0358882e-01ff-4a87-9fef-2f1ac1f08267,CLI-0552,Marie,Susi,marie.susi551@example.com,+372 51020387,1975-05-02,,,,Tallinn,FR,married,3,student,Employer 4,3170.00,1711.31,owner,excellent,A,active,,2026-05-30 13:40:16.308826+00,2026-05-30 13:40:16.308826+00,,84,,false,,,,false
038ac7ff-4eb2-4f1d-894a-32e4f9c97bb4,CLI-0146,Sarah,Sokk,sarah.sokk145@example.com,+372 51005365,1997-10-18,,,,Parnu,FR,single,0,student,Employer 33,2975.00,1295.60,owner,good,A,active,,2026-05-30 13:40:16.08259+00,2026-05-30 13:40:16.08259+00,,91,,false,,,,false
03c9a10f-0b08-4c81-a0f1-472f73545656,CLI-0085,Ines,Magi,ines.magi84@example.com,+372 51003108,2002-03-11,,,,Helsinki,EE,single,2,cdd,Employer 2,4933.00,2285.62,owner,incidents,D,active,,2026-05-30 13:40:16.08259+00,2026-05-30 13:40:16.08259+00,,39,,false,,,,false
041486d1-689d-4594-a81f-658d92cd5710,CLI-1083,Sophie,Laine,sophie.laine1082@example.com,+372 51040034,1984-05-21,,,,Parnu,EE,married,0,student,Employer 24,2096.00,992.94,tenant,good,A,active,,2026-05-30 13:40:16.416366+00,2026-05-30 13:40:16.416366+00,,87,,false,,,,false
045a2207-bd7e-4dd6-8406-6f09703577e9,CLI-0246,Ines,Robert,ines.robert245@example.com,+372 51009065,1979-09-04,,,,Geneve,EE,single,0,freelance,Employer 39,2774.00,1446.51,hosted,incidents,C,active,,2026-05-30 13:40:16.08259+00,2026-05-30 13:40:16.08259+00,,60,,false,,,,false
045b99aa-40bf-4f48-9899-0ee101acc77e,CLI-0354,Marko,Oja,marko.oja353@example.com,+372 51013061,1997-01-02,,,,Madrid,EE,married,3,freelance,Employer 9,1994.00,809.43,tenant,good,A,active,,2026-05-30 13:40:16.08259+00,2026-05-30 13:40:16.08259+00,,83,,false,,,,false
048530de-e2fd-4e44-8178-ce6166b84e75,CLI-1335,Mehdi,Sepp,mehdi.sepp1334@example.com,+372 51049358,1989-06-18,,,,Tartu,FR,single,1,cdi,Employer 33,4397.00,2278.00,tenant,good,A,active,,2026-05-30 13:40:16.416366+00,2026-05-30 13:40:16.416366+00,,83,,false,,,,false
04bb9c87-c64f-4315-856d-9a1b33701f32,CLI-0859,Tonu,Lepik,tonu.lepik858@example.com,+372 51031746,1995-06-17,,,,Tallinn,EE,married,3,cdi,Employer 36,1228.00,481.40,tenant,good,A,active,,2026-05-30 13:40:16.308826+00,2026-05-30 13:40:16.308826+00,,87,,false,,,,false
04c88d38-db6f-463c-9d32-db35ed2f1fa4,CLI-0857,Mehdi,Aas,mehdi.aas856@example.com,+372 51031672,1980-06-06,,,,Parnu,FR,married,2,cdd,Employer 11,4581.00,2635.61,tenant,incidents,C,active,,2026-05-30 13:40:16.308826+00,2026-05-30 13:40:16.308826+00,,58,,false,,,,false
0520b07e-0138-4424-a264-798935b944fc,CLI-0259,Ines,Rebane,ines.rebane258@example.com,+372 51009546,1982-05-05,,,,Parnu,EE,single,0,freelance,Employer 7,1939.00,776.21,tenant,incidents,C,active,,2026-05-30 13:40:16.08259+00,2026-05-30 13:40:16.08259+00,,51,,false,,,,false
0524d576-dfe3-4935-8696-9996bac82f52,CLI-0475,Karl,Parn,karl.parn474@example.com,+372 51017538,1983-01-21,,,,Tartu,EE,single,1,unemployed,Employer 5,1850.00,744.03,tenant,good,B,active,,2026-05-30 13:40:16.08259+00,2026-05-30 13:40:16.08259+00,,78,,false,,,,false
05375a89-645a-4aea-a500-9fd88e236d90,CLI-0675,Lea,Vaino,lea.vaino674@example.com,+372 51024938,1990-01-20,,,,Madrid,EE,single,0,student,Employer 17,4616.00,2324.13,owner,mixed,C,active,,2026-05-30 13:40:16.308826+00,2026-05-30 13:40:16.308826+00,,56,,false,,,,false
054fb4c6-9868-45d1-a00b-83fdf38f5610,CLI-1027,Manon,Rebane,manon.rebane1026@example.com,+372 51037962,1977-11-02,,,,Narva,FR,married,1,student,Employer 17,4588.00,2198.99,owner,mixed,B,active,,2026-05-30 13:40:16.416366+00,2026-05-30 13:40:16.416366+00,,77,,false,,,,false
0592ffa3-711f-432a-a0a7-d46a80617134,CLI-1360,Dimitri,Vaino,dimitri.vaino1359@example.com,+372 51050283,2001-12-02,,,,Madrid,EE,single,0,cdi,Employer 9,2657.00,1030.99,tenant,good,B,active,,2026-05-30 13:40:16.416366+00,2026-05-30 13:40:16.416366+00,,68,,false,,,,false
05945727-51d0-4f33-81c1-c8bc30d2136c,CLI-0980,Yann,Org,yann.org979@example.com,+372 51036223,1969-11-22,,,,Narva,EE,married,3,cdd,Employer 12,1859.00,934.82,tenant,mixed,C,active,,2026-05-30 13:40:16.308826+00,2026-05-30 13:40:16.308826+00,,54,,false,,,,false
059fd1cc-ff6d-4edf-9efe-c2e26703cae4,CLI-1073,Maria,Petit,maria.petit1072@example.com,+372 51039664,1982-05-03,,,,Madrid,EE,single,3,cdi,Employer 1,3309.00,1164.57,owner,good,B,active,,2026-05-30 13:40:16.416366+00,2026-05-30 13:40:16.416366+00,,71,,false,,,,false
05e3bfe8-3c8c-4e14-bbde-dea12eb02ef7,CLI-0513,Rasmus,Oja,rasmus.oja512@example.com,+372 51018944,1996-08-26,,,,Paris,FR,married,0,student,Employer 12,4966.00,2241.57,tenant,mixed,B,active,,2026-05-30 13:40:16.308826+00,2026-05-30 13:40:16.308826+00,,74,,false,,,,false
0613b9fe-e05f-423e-80e8-a0cb6c2d7807,CLI-1130,Kadri,Aas,kadri.aas1129@example.com,+372 51041773,1969-06-01,,,,Madrid,FR,single,2,cdi,Employer 39,2887.00,1664.78,tenant,excellent,A,active,,2026-05-30 13:40:16.416366+00,2026-05-30 13:40:16.416366+00,,99,,false,,,,false
06181d74-022b-4858-977b-11d67f117052,CLI-1252,Alex,Martin,alex.martin1251@example.com,+372 51046287,1988-02-21,,,,Geneve,EE,single,2,freelance,Employer 8,3594.00,1754.59,tenant,incidents,D,active,,2026-05-30 13:40:16.416366+00,2026-05-30 13:40:16.416366+00,,21,,false,,,,false
062ec0cb-7b9c-43c3-8ddd-da32d4e3fcb8,CLI-0759,Dimitri,Koppel,dimitri.koppel758@example.com,+372 51028046,1969-08-08,,,,Narva,EE,married,3,cdi,Employer 8,4889.00,2645.92,tenant,good,B,active,,2026-05-30 13:40:16.308826+00,2026-05-30 13:40:16.308826+00,,67,,false,,,,false
065c135e-5a9c-4fd6-b7fa-d134c54754e9,CLI-0502,Sophie,Kangro,sophie.kangro501@example.com,+372 51018537,1987-06-23,,,,Tallinn,EE,married,2,retired,Employer 31,3705.00,1862.87,hosted,good,B,active,,2026-05-30 13:40:16.308826+00,2026-05-30 13:40:16.308826+00,,69,,false,,,,false
06689f2c-633c-4a34-8738-928d310ef78d,CLI-1188,Rasmus,Smirnov,rasmus.smirnov1187@example.com,+372 51043919,1984-10-26,,,,Narva,EE,single,0,cdi,Employer 9,1203.00,604.33,tenant,good,A,active,,2026-05-30 13:40:16.416366+00,2026-05-30 13:40:16.416366+00,,82,,false,,,,false
06b9bfcb-7f01-4f3e-9acf-9dcca4e1b1e9,CLI-1170,Jaan,Kangro,jaan.kangro1169@example.com,+372 51043253,1975-07-25,,,,Geneve,EE,married,3,cdi,Employer 11,3346.00,1802.54,owner,good,A,active,,2026-05-30 13:40:16.416366+00,2026-05-30 13:40:16.416366+00,,84,,false,,,,false
06e7a9fe-7a7e-43bc-94ac-5b423a5a018d,CLI-0128,Mart,Dubois,mart.dubois127@example.com,+372 51004699,1992-01-22,,,,Bruxelles,FR,single,3,retired,Employer 32,3152.00,1725.67,tenant,incidents,C,active,,2026-05-30 13:40:16.08259+00,2026-05-30 13:40:16.08259+00,,61,,false,,,,false
0715d031-8ed3-4192-b5a1-5eed35107bd3,CLI-0159,Kevin,Lopez,kevin.lopez158@example.com,+372 51005846,1990-12-04,,,,Tartu,EE,married,0,cdi,Employer 31,4487.00,2018.99,hosted,incidents,C,active,,2026-05-30 13:40:16.08259+00,2026-05-30 13:40:16.08259+00,,54,,false,,,,false
07268382-214d-46c4-82f2-c2c71c41afdd,CLI-0239,Liis,Martin,liis.martin238@example.com,+372 51008806,1970-03-19,,,,Lyon,EE,single,0,cdd,Employer 21,1966.00,883.14,tenant,excellent,A,active,,2026-05-30 13:40:16.08259+00,2026-05-30 13:40:16.08259+00,,83,,false,,,,false
0731b11e-6001-4de1-aa10-5bc290f5ff3f,CLI-0078,Nathan,Mets,nathan.mets77@example.com,+372 51002849,1977-12-05,,,,Lyon,FR,married,1,student,Employer 33,4853.00,1984.05,tenant,incidents,C,active,,2026-05-30 13:40:16.08259+00,2026-05-30 13:40:16.08259+00,,45,,false,,,,false
0782bda2-c6c6-4a38-8873-34fa806c895d,CLI-0894,Maria,Kask,maria.kask893@example.com,+372 51033041,1980-07-01,,,,Tallinn,EE,married,2,cdd,Employer 21,2725.00,1464.40,owner,incidents,D,active,,2026-05-30 13:40:16.308826+00,2026-05-30 13:40:16.308826+00,,35,,false,,,,false
07aeaa32-f39c-4d9d-9add-d48bc8dc3fd3,CLI-0476,Marie,Vidal,marie.vidal475@example.com,+372 51017575,1975-08-07,,,,Tartu,FR,married,1,cdi,Employer 10,2369.00,1048.52,tenant,excellent,A,active,,2026-05-30 13:40:16.08259+00,2026-05-30 13:40:16.08259+00,,88,,false,,,,false
08325a14-ec37-4600-936d-f766ab55f6da,CLI-1181,Marko,Petit,marko.petit1180@example.com,+372 51043660,1989-04-01,,,,Narva,EE,married,0,cdi,Employer 10,4414.00,1825.46,owner,incidents,C,active,,2026-05-30 13:40:16.416366+00,2026-05-30 13:40:16.416366+00,,48,,false,,,,false
084053c1-f304-4eac-b0e7-6ed776555d11,CLI-0991,Anna,Muller,anna.muller990@example.com,+372 51036630,1965-10-21,,,,Bruxelles,EE,single,0,cdi,Employer 12,4557.00,2358.17,hosted,mixed,B,active,,2026-05-30 13:40:16.308826+00,2026-05-30 13:40:16.308826+00,,75,,false,,,,false
08461546-9a8c-4e69-bb2d-75afe092d29e,CLI-1113,Maria,Mets,maria.mets1112@example.com,+372 51041144,1987-03-13,,,,Paris,EE,single,0,student,Employer 32,2018.00,938.00,tenant,incidents,C,active,,2026-05-30 13:40:16.416366+00,2026-05-30 13:40:16.416366+00,,57,,false,,,,false
086997cd-2804-4e75-97fe-380fa57d73b9,CLI-0093,Manon,Garcia,manon.garcia92@example.com,+372 51003404,1971-10-04,,,,Madrid,EE,married,2,cdi,Employer 26,3450.00,1989.56,tenant,good,B,active,,2026-05-30 13:40:16.08259+00,2026-05-30 13:40:16.08259+00,,66,,false,,,,false
08860a76-19f0-4f7c-9741-22d91918e483,CLI-1097,Jaan,Parn,jaan.parn1096@example.com,+372 51040552,2002-10-19,,,,Bruxelles,EE,single,3,retired,Employer 9,2760.00,1404.92,owner,incidents,D,active,,2026-05-30 13:40:16.416366+00,2026-05-30 13:40:16.416366+00,,38,,false,,,,false
08b59bb3-7446-4608-b8bc-435d7024bf93,CLI-1156,Piret,Raud,piret.raud1155@example.com,+372 51042735,1984-07-20,,,,Geneve,EE,single,0,cdi,Employer 3,2823.00,1244.66,hosted,mixed,C,active,,2026-05-30 13:40:16.416366+00,2026-05-30 13:40:16.416366+00,,50,,false,,,,false
0902ef1d-a4c9-4566-a2da-4b0f8d087ac7,CLI-1265,Thomas,Sepp,thomas.sepp1264@example.com,+372 51046768,1994-10-18,,,,Bruxelles,FR,single,0,cdi,Employer 24,4090.00,1437.33,hosted,incidents,D,active,,2026-05-30 13:40:16.416366+00,2026-05-30 13:40:16.416366+00,,24,,false,,,,false
0932956c-c2b0-4b20-a84b-88bf6d462bea,CLI-0083,Maria,Lemoine,maria.lemoine82@example.com,+372 51003034,1972-10-21,,,,Parnu,EE,single,2,student,Employer 5,4104.00,1484.63,tenant,good,A,active,,2026-05-30 13:40:16.08259+00,2026-05-30 13:40:16.08259+00,,97,,false,,,,false
093edc4d-bade-45fa-8593-9b93fdfd7c34,CLI-1186,Dimitri,Koppel,dimitri.koppel1185@example.com,+372 51043845,1991-07-01,,,,Geneve,EE,married,1,retired,Employer 2,1562.00,628.37,tenant,good,A,active,,2026-05-30 13:40:16.416366+00,2026-05-30 13:40:16.416366+00,,88,,false,,,,false
0980812e-3d3b-4ee6-b9ce-1a3ef64e888d,CLI-0419,Tiina,Tamm,tiina.tamm418@example.com,+372 51015466,1981-10-23,,,,Narva,EE,married,0,student,Employer 15,2676.00,1466.45,owner,mixed,C,active,,2026-05-30 13:40:16.08259+00,2026-05-30 13:40:16.08259+00,,47,,false,,,,false
09b5bff7-6f9e-45cd-b0d0-f7bd8f235d53,CLI-0528,Kadri,Faure,kadri.faure527@example.com,+372 51019499,1970-08-17,,,,Paris,FR,single,1,retired,Employer 35,3457.00,1582.54,tenant,excellent,A,active,,2026-05-30 13:40:16.308826+00,2026-05-30 13:40:16.308826+00,,98,,false,,,,false
09ee231e-0d9c-46ec-a6fe-b59865d9ba7b,CLI-0181,Ines,Robert,ines.robert180@example.com,+372 51006660,1979-06-07,,,,Tartu,EE,married,2,cdi,Employer 7,3604.00,1336.72,owner,incidents,C,active,,2026-05-30 13:40:16.08259+00,2026-05-30 13:40:16.08259+00,,48,,false,,,,false
0a02fa2f-b484-43f7-8677-981be9f9c1ad,CLI-0262,Laura,Susi,laura.susi261@example.com,+372 51009657,1967-02-04,,,,Lyon,EE,single,3,cdi,Employer 37,2330.00,1031.28,tenant,good,A,active,,2026-05-30 13:40:16.08259+00,2026-05-30 13:40:16.08259+00,,85,,false,,,,false
0a7e6cdc-630a-4ab1-9b65-af0aca4eac5f,CLI-0717,Liis,Susi,liis.susi716@example.com,+372 51026492,1996-07-03,,,,Tartu,EE,single,0,unemployed,Employer 22,2758.00,1107.43,tenant,good,A,active,,2026-05-30 13:40:16.308826+00,2026-05-30 13:40:16.308826+00,,83,,false,,,,false
0ae66bc2-3ab2-43e6-80ee-ea7607419c52,CLI-1063,Chloe,Kukk,chloe.kukk1062@example.com,+372 51039294,1974-10-09,,,,Narva,FR,married,0,freelance,Employer 31,2738.00,976.64,owner,incidents,C,active,,2026-05-30 13:40:16.416366+00,2026-05-30 13:40:16.416366+00,,57,,false,,,,false
0aef1584-58d1-4261-a6ab-8566e8c5c1e0,CLI-1194,Karl,Ivanov,karl.ivanov1193@example.com,+372 51044141,1997-06-07,,,,Parnu,FR,married,1,cdi,Employer 28,4086.00,2299.13,owner,incidents,C,active,,2026-05-30 13:40:16.416366+00,2026-05-30 13:40:16.416366+00,,60,,false,,,,false
0b4a9147-3218-421b-95c7-bfdec1017807,CLI-1120,Kevin,Nguyen,kevin.nguyen1119@example.com,+372 51041403,2002-11-13,,,,Parnu,EE,single,0,cdi,Employer 15,3738.00,1410.34,tenant,good,B,active,,2026-05-30 13:40:16.416366+00,2026-05-30 13:40:16.416366+00,,68,,false,,,,false
0b4b8647-ebff-4de4-9549-385c10d61ef9,CLI-0441,Anna,Susi,anna.susi440@example.com,+372 51016280,1974-10-25,,,,Paris,EE,single,0,retired,Employer 31,3468.00,1648.20,tenant,mixed,B,active,,2026-05-30 13:40:16.08259+00,2026-05-30 13:40:16.08259+00,,78,,false,,,,false
0b99776d-30c7-4897-95b3-79425316cfe5,CLI-1253,Piret,Vaino,piret.vaino1252@example.com,+372 51046324,1994-11-20,,,,Helsinki,EE,married,2,student,Employer 39,4376.00,1879.66,hosted,good,A,active,,2026-05-30 13:40:16.416366+00,2026-05-30 13:40:16.416366+00,,86,,false,,,,false
0bba0959-98a2-4386-b330-6a3fc6d6f000,CLI-0955,Romain,Kallas,romain.kallas954@example.com,+372 51035298,1992-10-19,,,,Bruxelles,FR,married,1,cdi,Employer 13,4726.00,2339.59,tenant,incidents,C,active,,2026-05-30 13:40:16.308826+00,2026-05-30 13:40:16.308826+00,,45,,false,,,,false
0bc70ea9-78e5-480c-b666-fbdde28cf6e3,CLI-1364,Julien,Smirnov,julien.smirnov1363@example.com,+372 51050431,1974-10-06,,,,Narva,EE,married,0,student,Employer 15,2713.00,980.39,tenant,good,B,active,,2026-05-30 13:40:16.416366+00,2026-05-30 13:40:16.416366+00,,67,,false,,,,false
0bc9d98b-817c-4c36-9028-3eb1fc47ac2c,CLI-0214,Nathan,Lepik,nathan.lepik213@example.com,+372 51007881,1989-12-28,,,,Bruxelles,FR,married,1,cdi,Employer 20,4459.00,2159.67,tenant,mixed,C,active,,2026-05-30 13:40:16.08259+00,2026-05-30 13:40:16.08259+00,,59,,false,,,,false
0bef74f1-8fea-4d4f-9011-d96a5c74598c,CLI-0219,Lucas,Kallas,lucas.kallas218@example.com,+372 51008066,1967-06-26,,,,Geneve,FR,married,0,cdi,Employer 3,4082.00,1748.12,tenant,mixed,C,active,,2026-05-30 13:40:16.08259+00,2026-05-30 13:40:16.08259+00,,59,,false,,,,false
0c039208-6245-4b0a-a25d-7f9c3c18e8ad,CLI-0649,Andres,Rebane,andres.rebane648@example.com,+372 51023976,1983-06-23,,,,Bruxelles,EE,married,0,student,Employer 39,4760.00,2778.02,hosted,good,A,active,,2026-05-30 13:40:16.308826+00,2026-05-30 13:40:16.308826+00,,94,,false,,,,false
0c1a1241-d1d4-468a-a761-b56ae11cc8cf,CLI-1269,Hugo,Mets,hugo.mets1268@example.com,+372 51046916,1985-12-05,,,,Narva,FR,single,1,student,Employer 30,4405.00,1688.09,hosted,mixed,C,active,,2026-05-30 13:40:16.416366+00,2026-05-30 13:40:16.416366+00,,46,,false,,,,false
0c30e685-efc9-4aeb-a7eb-3b545842331a,CLI-0881,Rasmus,Robert,rasmus.robert880@example.com,+372 51032560,1969-11-25,,,,Paris,EE,married,2,retired,Employer 25,2776.00,1059.61,hosted,good,B,active,,2026-05-30 13:40:16.308826+00,2026-05-30 13:40:16.308826+00,,79,,false,,,,false
0c6f9019-21a2-4ee8-89cd-494fa73cba13,CLI-0019,Andres,Org,andres.org18@example.com,+372 51000666,1995-09-03,,,,Tartu,EE,married,2,cdd,Employer 32,2017.00,1126.37,hosted,incidents,D,active,,2026-05-30 13:40:16.08259+00,2026-05-30 13:40:16.08259+00,,29,,false,,,,false
0c79c6dc-df2a-4486-8102-e3e720288541,CLI-1079,Mehdi,Toom,mehdi.toom1078@example.com,+372 51039886,1983-06-14,,,,Paris,EE,single,3,cdi,Employer 33,1545.00,909.02,tenant,good,A,active,,2026-05-30 13:40:16.416366+00,2026-05-30 13:40:16.416366+00,,96,,false,,,,false
0cb7a782-6073-4f1d-a52d-c099c945eb49,CLI-0386,Laura,Roussel,laura.roussel385@example.com,+372 51014245,2000-04-12,,,,Tartu,EE,single,3,unemployed,Employer 32,2033.00,945.88,hosted,mixed,C,active,,2026-05-30 13:40:16.08259+00,2026-05-30 13:40:16.08259+00,,53,,false,,,,false
0cd313c2-6195-4e09-b781-a85b7e14b2a5,CLI-0520,Rasmus,Lille,rasmus.lille519@example.com,+372 51019203,1993-07-22,,,,Bruxelles,EE,single,2,retired,Employer 8,3311.00,1616.74,tenant,mixed,C,active,,2026-05-30 13:40:16.308826+00,2026-05-30 13:40:16.308826+00,,56,,false,,,,false
0d2b3dcc-7e0d-478d-966c-921142fc1d67,CLI-0299,Mehdi,Rebane,mehdi.rebane298@example.com,+372 51011026,2004-11-01,,,,Tallinn,FR,married,3,cdd,Employer 3,3543.00,1308.29,owner,excellent,A,active,,2026-05-30 13:40:16.08259+00,2026-05-30 13:40:16.08259+00,,94,,false,,,,false
0d4536b3-a1b1-4937-975e-96fe90493dd4,CLI-0435,Julien,Kallas,julien.kallas434@example.com,+372 51016058,1972-03-03,,,,Tallinn,EE,married,1,unemployed,Employer 4,1962.00,841.16,hosted,incidents,D,active,,2026-05-30 13:40:16.08259+00,2026-05-30 13:40:16.08259+00,,37,,false,,,,false
0d492421-f56e-4884-baff-affa567f9ead,CLI-0680,Piret,Garcia,piret.garcia679@example.com,+372 51025123,1992-08-25,,,,Narva,EE,single,0,freelance,Employer 39,2357.00,1220.66,tenant,mixed,C,active,,2026-05-30 13:40:16.308826+00,2026-05-30 13:40:16.308826+00,,51,,false,,,,false
0d53399a-1ea5-4486-bd6c-b146b1f81f73,CLI-1086,Yann,Lopez,yann.lopez1085@example.com,+372 51040145,1977-08-21,,,,Parnu,EE,married,1,cdi,Employer 7,4605.00,1772.65,tenant,good,A,active,,2026-05-30 13:40:16.416366+00,2026-05-30 13:40:16.416366+00,,86,,false,,,,false
0d6afa2e-10d2-415e-add9-2170daf0ee0e,CLI-1056,Kristjan,Aas,kristjan.aas1055@example.com,+372 51039035,1989-08-07,,,,Parnu,EE,married,3,retired,Employer 1,4699.00,2732.08,hosted,mixed,B,active,,2026-05-30 13:40:16.416366+00,2026-05-30 13:40:16.416366+00,,65,,false,,,,false
0d7c7431-2538-437d-add1-69ec07a273ca,CLI-0747,Piret,Lopez,piret.lopez746@example.com,+372 51027602,1973-09-18,,,,Parnu,EE,single,3,unemployed,Employer 7,1360.00,622.46,tenant,excellent,A,active,,2026-05-30 13:40:16.308826+00,2026-05-30 13:40:16.308826+00,,83,,false,,,,false
0d9cdedd-a19e-4f7d-88ba-a38f37bd3072,CLI-0342,Lea,Vidal,lea.vidal341@example.com,+372 51012617,1990-12-16,,,,Helsinki,EE,single,2,student,Employer 16,3601.00,1523.24,tenant,mixed,C,active,,2026-05-30 13:40:16.08259+00,2026-05-30 13:40:16.08259+00,,56,,false,,,,false
0dad12da-3717-48b0-8274-45babd95e1ab,CLI-0929,Eva,Kask,eva.kask928@example.com,+372 51034336,1990-04-23,,,,Helsinki,FR,single,3,cdi,Employer 37,2592.00,1035.26,tenant,incidents,C,active,,2026-05-30 13:40:16.308826+00,2026-05-30 13:40:16.308826+00,,45,,false,,,,false
0de5e2d0-4e86-428e-82eb-8bab2959da9d,CLI-0613,Kadri,Robert,kadri.robert612@example.com,+372 51022644,1977-01-12,,,,Narva,FR,married,3,cdi,Employer 27,1902.00,735.57,owner,excellent,A,active,,2026-05-30 13:40:16.308826+00,2026-05-30 13:40:16.308826+00,,88,,false,,,,false
0df09c4b-f7af-4cfe-b63d-93d84e3fd204,CLI-0749,Laura,Laine,laura.laine748@example.com,+372 51027676,1984-12-04,,,,Helsinki,EE,married,2,retired,Employer 31,3068.00,1465.48,tenant,mixed,C,active,,2026-05-30 13:40:16.308826+00,2026-05-30 13:40:16.308826+00,,62,,false,,,,false
0e15145b-1e7f-4c1a-8423-be744aa46ee2,CLI-0813,Kristjan,Smirnov,kristjan.smirnov812@example.com,+372 51030044,1975-02-08,,,,Helsinki,FR,single,1,cdi,Employer 10,2917.00,1245.35,tenant,mixed,B,active,,2026-05-30 13:40:16.308826+00,2026-05-30 13:40:16.308826+00,,75,,false,,,,false
0e1b3527-32f5-4b49-8408-d95fe668c4af,CLI-1065,Kadri,Roussel,kadri.roussel1064@example.com,+372 51039368,1974-12-26,,,,Geneve,EE,single,3,cdi,Employer 21,3522.00,1496.09,tenant,incidents,C,active,,2026-05-30 13:40:16.416366+00,2026-05-30 13:40:16.416366+00,,46,,false,,,,false
0e28d2eb-e58c-448d-b52f-774310511b19,CLI-0322,Ines,Sokk,ines.sokk321@example.com,+372 51011877,1976-09-09,,,,Madrid,FR,single,2,cdi,Employer 27,4025.00,2269.37,owner,good,A,active,,2026-05-30 13:40:16.08259+00,2026-05-30 13:40:16.08259+00,,86,,false,,,,false
0e99dc71-6989-4587-a979-7839438b95f8,CLI-0118,Piret,Magi,piret.magi117@example.com,+372 51004329,1975-09-25,,,,Parnu,EE,married,2,retired,Employer 3,2094.00,965.28,hosted,excellent,A,active,,2026-05-30 13:40:16.08259+00,2026-05-30 13:40:16.08259+00,,85,,false,,,,false
0edcd921-4fab-4b65-b950-850cc312c3a2,CLI-1012,Kadri,Sepp,kadri.sepp1011@example.com,+372 51037407,1999-01-21,,,,Geneve,EE,married,1,freelance,Employer 18,2631.00,1171.46,hosted,excellent,A,active,,2026-05-30 13:40:16.416366+00,2026-05-30 13:40:16.416366+00,,85,,false,,,,false
0ef5c151-2106-4a15-bc94-202bf7fa7b5d,CLI-0003,Mart,Petit,mart.petit2@example.com,+372 51000074,1985-02-15,,,,Parnu,EE,married,1,cdi,Employer 22,1914.00,714.42,tenant,mixed,C,active,,2026-05-30 13:40:16.08259+00,2026-05-30 13:40:16.08259+00,,55,,false,,,,false
0f0ca9c5-6ad3-4775-9055-ca80e658fba2,CLI-1200,Manon,Kangro,manon.kangro1199@example.com,+372 51044363,1971-01-01,,,,Narva,FR,married,2,student,Employer 28,3799.00,1917.23,owner,mixed,C,active,,2026-05-30 13:40:16.416366+00,2026-05-30 13:40:16.416366+00,,57,,false,,,,false
0f263dfb-3628-490f-a090-3c0c30bc8020,CLI-0994,Andres,Faure,andres.faure993@example.com,+372 51036741,1996-10-11,,,,Parnu,EE,single,2,cdi,Employer 1,4208.00,2317.56,hosted,good,A,active,,2026-05-30 13:40:16.308826+00,2026-05-30 13:40:16.308826+00,,82,,false,,,,false
0f758a30-a703-40c1-bef7-d9268517253c,CLI-0430,Sophie,Dubois,sophie.dubois429@example.com,+372 51015873,1971-01-22,,,,Paris,FR,single,2,freelance,Employer 37,3992.00,2143.18,owner,good,A,active,,2026-05-30 13:40:16.08259+00,2026-05-30 13:40:16.08259+00,,97,,false,,,,false
0f770bce-d7ec-4135-b167-b1d1262bf0dd,CLI-0380,Clara,Raud,clara.raud379@example.com,+372 51014023,1983-09-16,,,,Parnu,EE,single,1,freelance,Employer 24,3902.00,2072.70,tenant,excellent,A,active,,2026-05-30 13:40:16.08259+00,2026-05-30 13:40:16.08259+00,,94,,false,,,,false
0f7fe52b-ce82-4ffe-b849-ca8e0316deae,CLI-0585,Anna,Ivanov,anna.ivanov584@example.com,+372 51021608,1978-12-21,,,,Parnu,FR,single,3,cdi,Employer 35,5066.00,2865.17,hosted,good,B,active,,2026-05-30 13:40:16.308826+00,2026-05-30 13:40:16.308826+00,,75,,false,,,,false
0fdd44f8-53c8-40c8-bb13-6c7bdf3bd469,CLI-0133,Andres,Ivanov,andres.ivanov132@example.com,+372 51004884,1976-02-05,,,,Paris,EE,married,3,retired,Employer 14,4748.00,2333.62,hosted,excellent,A,active,,2026-05-30 13:40:16.08259+00,2026-05-30 13:40:16.08259+00,,85,,false,,,,false
100afeea-6a3a-4890-a1fa-985a464843fd,CLI-0608,Alex,Oja,alex.oja607@example.com,+372 51022459,1966-10-25,,,,Lyon,EE,single,1,cdi,Employer 6,4458.00,2633.36,owner,incidents,D,active,,2026-05-30 13:40:16.308826+00,2026-05-30 13:40:16.308826+00,,37,,false,,,,false
10249fb7-35b9-4141-ac09-3cadd8c86a2e,CLI-1278,Dimitri,Org,dimitri.org1277@example.com,+372 51047249,1982-06-16,,,,Tartu,EE,married,2,cdi,Employer 38,4881.00,2203.21,tenant,incidents,D,active,,2026-05-30 13:40:16.416366+00,2026-05-30 13:40:16.416366+00,,32,,false,,,,false
102c24ab-ce20-4a6f-a58d-d1ccb8c1e149,CLI-1183,Marie,Muller,marie.muller1182@example.com,+372 51043734,1968-08-14,,,,Narva,FR,married,0,cdi,Employer 32,5109.00,2612.33,tenant,excellent,A,active,,2026-05-30 13:40:16.416366+00,2026-05-30 13:40:16.416366+00,,80,,false,,,,false
10687387-cb23-4eb7-b1ef-78044e3e8fb0,CLI-1244,Rasmus,Ivanov,rasmus.ivanov1243@example.com,+372 51045991,1992-04-06,,,,Geneve,FR,single,2,student,Employer 11,2507.00,1374.54,owner,excellent,A,active,,2026-05-30 13:40:16.416366+00,2026-05-30 13:40:16.416366+00,,88,,false,,,,false
10cd4d4f-ed6c-4292-b4ea-9b524f5e18bb,CLI-0196,Romain,Raud,romain.raud195@example.com,+372 51007215,1984-09-08,,,,Tartu,FR,married,0,cdi,Employer 3,4168.00,1893.77,hosted,mixed,B,active,,2026-05-30 13:40:16.08259+00,2026-05-30 13:40:16.08259+00,,68,,false,,,,false
10f72f81-10b1-40ca-9ee6-1cd310f94dd8,CLI-0619,Kristjan,Roussel,kristjan.roussel618@example.com,+372 51022866,2003-06-03,,,,Madrid,EE,married,3,retired,Employer 13,4429.00,2225.57,tenant,good,B,active,,2026-05-30 13:40:16.308826+00,2026-05-30 13:40:16.308826+00,,74,,false,,,,false
1141795c-11eb-4b2f-bffa-219fce7687f8,CLI-0723,Hugo,Kukk,hugo.kukk722@example.com,+372 51026714,1981-01-26,,,,Narva,EE,married,3,student,Employer 1,1449.00,633.65,owner,good,B,active,,2026-05-30 13:40:16.308826+00,2026-05-30 13:40:16.308826+00,,76,,false,,,,false
11b373fd-91fb-43ae-96fd-5763f2c942b6,CLI-1150,Rasmus,Magi,rasmus.magi1149@example.com,+372 51042513,1987-12-18,,,,Tartu,EE,single,1,student,Employer 5,2494.00,1217.25,tenant,good,A,active,,2026-05-30 13:40:16.416366+00,2026-05-30 13:40:16.416366+00,,86,,false,,,,false
11c5bf09-5d11-474e-bbaf-eac5d997290b,CLI-0297,Maxime,Saar,maxime.saar296@example.com,+372 51010952,2001-03-11,,,,Lyon,FR,married,1,cdi,Employer 27,2658.00,1428.76,tenant,incidents,D,active,,2026-05-30 13:40:16.08259+00,2026-05-30 13:40:16.08259+00,,20,,false,,,,false
122b220f-0d2d-4712-8730-fa2335ce7f82,CLI-0701,Hugo,Vaino,hugo.vaino700@example.com,+372 51025900,1980-01-21,,,,Geneve,FR,single,2,cdi,Employer 16,3182.00,1629.34,tenant,incidents,C,active,,2026-05-30 13:40:16.308826+00,2026-05-30 13:40:16.308826+00,,45,,false,,,,false
12318658-d63a-44d7-aa15-562b6c42caaa,CLI-0532,Rasmus,Rebane,rasmus.rebane531@example.com,+372 51019647,1983-01-07,,,,Parnu,EE,single,2,freelance,Employer 4,1748.00,910.57,hosted,good,B,active,,2026-05-30 13:40:16.308826+00,2026-05-30 13:40:16.308826+00,,67,,false,,,,false
124e70af-ba85-40b7-9e7b-6daffb2dcb50,CLI-0071,Kadri,Rebane,kadri.rebane70@example.com,+372 51002590,1978-08-13,,,,Tallinn,FR,single,1,cdd,Employer 12,1368.00,623.14,tenant,incidents,D,active,,2026-05-30 13:40:16.08259+00,2026-05-30 13:40:16.08259+00,,44,,false,,,,false
1255bcfd-c610-4e53-9ee3-19102851a5fc,CLI-0432,Emma,Tamm,emma.tamm431@example.com,+372 51015947,1980-06-14,,,,Narva,EE,single,0,cdi,Employer 14,3999.00,1412.17,tenant,excellent,A,active,,2026-05-30 13:40:16.08259+00,2026-05-30 13:40:16.08259+00,,88,,false,,,,false
1279413e-c5bd-498c-ad0b-046aae69dcd8,CLI-0661,Tonu,Susi,tonu.susi660@example.com,+372 51024420,1990-02-24,,,,Narva,EE,single,1,cdi,Employer 7,2376.00,1004.69,tenant,good,B,active,,2026-05-30 13:40:16.308826+00,2026-05-30 13:40:16.308826+00,,77,,false,,,,false
12a83725-ed66-43d9-ab24-68515d06d59d,CLI-0907,Camille,Org,camille.org906@example.com,+372 51033522,1971-03-05,,,,Tallinn,EE,single,1,retired,Employer 36,3919.00,1748.55,owner,excellent,A,active,,2026-05-30 13:40:16.308826+00,2026-05-30 13:40:16.308826+00,,97,,false,,,,false
131c7519-d006-4791-ab13-e8507a8f2b2f,CLI-0730,Liis,Muller,liis.muller729@example.com,+372 51026973,1985-02-26,,,,Geneve,EE,married,3,cdi,Employer 14,2000.00,1011.65,hosted,excellent,A,active,,2026-05-30 13:40:16.308826+00,2026-05-30 13:40:16.308826+00,,91,,false,,,,false
1327d5eb-7d3f-4b92-95ab-ed5736ed01f5,CLI-0969,Pauline,Toom,pauline.toom968@example.com,+372 51035816,1976-11-20,,,,Bruxelles,EE,married,3,freelance,Employer 30,3453.00,1306.79,tenant,good,A,active,,2026-05-30 13:40:16.308826+00,2026-05-30 13:40:16.308826+00,,95,,false,,,,false
138c7047-4473-4bce-b032-b9faddd4c7ff,CLI-1234,Marko,Faure,marko.faure1233@example.com,+372 51045621,1969-01-12,,,,Helsinki,EE,married,2,cdi,Employer 34,2804.00,1649.89,owner,good,A,active,,2026-05-30 13:40:16.416366+00,2026-05-30 13:40:16.416366+00,,90,,false,,,,false
146068c3-7182-4812-aa3e-8613166b407a,CLI-0647,Anna,Rebane,anna.rebane646@example.com,+372 51023902,2002-05-09,,,,Madrid,EE,married,1,unemployed,Employer 27,4292.00,2280.28,owner,mixed,B,active,,2026-05-30 13:40:16.308826+00,2026-05-30 13:40:16.308826+00,,72,,false,,,,false
146abe1b-a93c-408a-97bf-adc730504644,CLI-0417,Pauline,Sepp,pauline.sepp416@example.com,+372 51015392,1998-12-10,,,,Tallinn,FR,married,0,retired,Employer 39,4966.00,2484.90,tenant,mixed,B,active,,2026-05-30 13:40:16.08259+00,2026-05-30 13:40:16.08259+00,,66,,false,,,,false
1487d90c-e0a4-4e72-9b7a-f18b37761976,CLI-0952,Andres,Vaher,andres.vaher951@example.com,+372 51035187,1984-02-12,,,,Helsinki,FR,single,0,cdi,Employer 17,1736.00,820.70,tenant,excellent,A,active,,2026-05-30 13:40:16.308826+00,2026-05-30 13:40:16.308826+00,,86,,false,,,,false
14b419b7-4c91-413b-8bd2-601e37ff529c,CLI-1294,Marko,Susi,marko.susi1293@example.com,+372 51047841,1966-12-23,,,,Tallinn,EE,married,2,cdi,Employer 7,4142.00,1900.14,tenant,good,A,active,,2026-05-30 13:40:16.416366+00,2026-05-30 13:40:16.416366+00,,93,,false,,,,false
14df4876-c25f-4c07-adec-c66b921d8cc4,CLI-0783,Tiina,Vaino,tiina.vaino782@example.com,+372 51028934,1991-12-21,,,,Paris,FR,single,2,cdd,Employer 3,3787.00,2112.75,tenant,mixed,B,active,,2026-05-30 13:40:16.308826+00,2026-05-30 13:40:16.308826+00,,75,,false,,,,false
14f0b631-fcf6-4619-9fbd-6fa6fb469a5f,CLI-0285,Lea,Raud,lea.raud284@example.com,+372 51010508,2000-05-11,,,,Bruxelles,EE,single,0,unemployed,Employer 32,2153.00,831.39,hosted,good,A,active,,2026-05-30 13:40:16.08259+00,2026-05-30 13:40:16.08259+00,,97,,false,,,,false
14f6d048-433e-4753-9b0e-4455c55b64ef,CLI-1013,Romain,Org,romain.org1012@example.com,+372 51037444,1998-06-21,,,,Paris,EE,married,3,retired,Employer 19,2015.00,721.96,hosted,good,A,active,,2026-05-30 13:40:16.416366+00,2026-05-30 13:40:16.416366+00,,91,,false,,,,false
15176bdb-d1c2-4d3c-9a49-d300eba480cb,CLI-0577,Tonu,Parn,tonu.parn576@example.com,+372 51021312,1990-08-19,,,,Narva,EE,married,3,retired,Employer 28,2552.00,1208.64,tenant,good,B,active,,2026-05-30 13:40:16.308826+00,2026-05-30 13:40:16.308826+00,,70,,false,,,,false
15196b3b-db27-43d0-a833-2a031e5c07ba,CLI-1078,Julien,Susi,julien.susi1077@example.com,+372 51039849,1990-05-27,,,,Helsinki,FR,single,0,unemployed,Employer 15,2479.00,1393.43,owner,good,B,active,,2026-05-30 13:40:16.416366+00,2026-05-30 13:40:16.416366+00,,66,,false,,,,false
15313af4-a4ec-4155-9ef9-bf1d282f2a3b,CLI-1149,Hugo,Sepp,hugo.sepp1148@example.com,+372 51042476,2003-09-22,,,,Madrid,EE,single,1,cdd,Employer 24,3938.00,1429.25,owner,incidents,C,active,,2026-05-30 13:40:16.416366+00,2026-05-30 13:40:16.416366+00,,56,,false,,,,false
1534c8d9-c7e0-4085-ab85-5a2af3738dc5,CLI-0473,Kevin,Lemoine,kevin.lemoine472@example.com,+372 51017464,1985-02-24,,,,Madrid,FR,married,1,student,Employer 39,4797.00,2278.82,tenant,good,A,active,,2026-05-30 13:40:16.08259+00,2026-05-30 13:40:16.08259+00,,87,,false,,,,false
15506b33-5262-44d1-8778-ced2459b20e5,CLI-0692,Liis,Kallas,liis.kallas691@example.com,+372 51025567,1983-07-25,,,,Parnu,EE,single,2,cdd,Employer 32,4109.00,2260.59,tenant,good,B,active,,2026-05-30 13:40:16.308826+00,2026-05-30 13:40:16.308826+00,,72,,false,,,,false
15552d4a-aa10-4b12-ba09-294ee69d88dd,CLI-0351,Mehdi,Kallas,mehdi.kallas350@example.com,+372 51012950,1983-08-14,,,,Helsinki,EE,single,3,unemployed,Employer 26,3203.00,1833.94,hosted,excellent,A,active,,2026-05-30 13:40:16.08259+00,2026-05-30 13:40:16.08259+00,,93,,false,,,,false
156aa4f0-5a16-4c85-8403-efadd40a8883,CLI-1256,Tonu,Muller,tonu.muller1255@example.com,+372 51046435,1979-01-03,,,,Parnu,EE,married,2,student,Employer 17,2656.00,1024.85,tenant,good,A,active,,2026-05-30 13:40:16.416366+00,2026-05-30 13:40:16.416366+00,,87,,false,,,,false
15759b8e-1b96-415a-b28b-ad0b9baedcc6,CLI-1082,Kristjan,Org,kristjan.org1081@example.com,+372 51039997,1973-04-27,,,,Parnu,FR,married,1,retired,Employer 11,1976.00,770.50,tenant,incidents,D,active,,2026-05-30 13:40:16.416366+00,2026-05-30 13:40:16.416366+00,,27,,false,,,,false
1594a0de-ded1-4ecb-97ea-db5bc22c1237,CLI-0385,Emma,Koppel,emma.koppel384@example.com,+372 51014208,1975-11-10,,,,Helsinki,EE,married,0,cdi,Employer 20,1897.00,985.87,tenant,good,A,active,,2026-05-30 13:40:16.08259+00,2026-05-30 13:40:16.08259+00,,80,,false,,,,false
16013bbe-50ff-429e-9f4f-ff05dbac8bb8,CLI-0115,Tiina,Lemoine,tiina.lemoine114@example.com,+372 51004218,1974-08-19,,,,Paris,EE,single,0,freelance,Employer 31,4269.00,1908.66,tenant,good,A,active,,2026-05-30 13:40:16.08259+00,2026-05-30 13:40:16.08259+00,,82,,false,,,,false
169cc434-7401-4c04-aae2-3cfd142e59f3,CLI-1279,Rasmus,Lopez,rasmus.lopez1278@example.com,+372 51047286,1975-12-14,,,,Bruxelles,EE,single,1,freelance,Employer 33,4380.00,2294.91,tenant,incidents,C,active,,2026-05-30 13:40:16.416366+00,2026-05-30 13:40:16.416366+00,,52,,false,,,,false
16a58f2a-629f-4b60-aab2-b73d68cb0ce8,CLI-1160,Maxime,Toom,maxime.toom1159@example.com,+372 51042883,1986-07-12,,,,Tallinn,EE,married,2,unemployed,Employer 33,2242.00,1002.70,hosted,incidents,C,active,,2026-05-30 13:40:16.416366+00,2026-05-30 13:40:16.416366+00,,53,,false,,,,false
16f475eb-8086-40b2-a817-e608d316976b,CLI-0755,Hugo,Kangro,hugo.kangro754@example.com,+372 51027898,1999-02-18,,,,Narva,EE,married,2,freelance,Employer 39,2050.00,982.91,tenant,mixed,C,active,,2026-05-30 13:40:16.308826+00,2026-05-30 13:40:16.308826+00,,54,,false,,,,false
170cf2de-9920-4035-918b-0cc409453ba1,CLI-0870,Ines,Lopez,ines.lopez869@example.com,+372 51032153,1974-01-12,,,,Tartu,EE,married,2,unemployed,Employer 2,3763.00,1384.69,tenant,good,A,active,,2026-05-30 13:40:16.308826+00,2026-05-30 13:40:16.308826+00,,86,,false,,,,false
177797ad-0a95-40f9-a3bf-9d4481daf430,CLI-0507,Camille,Petit,camille.petit506@example.com,+372 51018722,1974-10-19,,,,Lyon,EE,married,1,freelance,Employer 25,2741.00,1261.34,tenant,incidents,C,active,,2026-05-30 13:40:16.308826+00,2026-05-30 13:40:16.308826+00,,46,,false,,,,false
1798434d-7a44-4bbc-a141-49430a92ed6b,CLI-1088,Julien,Dubois,julien.dubois1087@example.com,+372 51040219,1996-12-27,,,,Bruxelles,EE,single,2,cdi,Employer 20,5123.00,1949.63,tenant,good,A,active,,2026-05-30 13:40:16.416366+00,2026-05-30 13:40:16.416366+00,,97,,false,,,,false
17f03d17-c6f7-4157-9e54-8f0d56ad782d,CLI-1068,Marie,Garcia,marie.garcia1067@example.com,+372 51039479,1997-07-28,,,,Tartu,EE,single,0,cdd,Employer 15,1755.00,951.32,tenant,incidents,C,active,,2026-05-30 13:40:16.416366+00,2026-05-30 13:40:16.416366+00,,48,,false,,,,false
184bbc41-2278-42bf-9224-07c05f4ecde4,CLI-0708,Maria,Susi,maria.susi707@example.com,+372 51026159,1990-05-08,,,,Tartu,EE,married,0,cdd,Employer 18,2122.00,1269.34,tenant,good,B,active,,2026-05-30 13:40:16.308826+00,2026-05-30 13:40:16.308826+00,,67,,false,,,,false
184da979-d168-4d53-9886-826ad092a2dc,CLI-0900,Julien,Tamm,julien.tamm899@example.com,+372 51033263,1985-08-12,,,,Lyon,EE,single,1,student,Employer 15,4847.00,2060.97,owner,good,A,active,,2026-05-30 13:40:16.308826+00,2026-05-30 13:40:16.308826+00,,93,,false,,,,false
1880b1e2-2c04-4f26-9e0e-965695bfb3da,CLI-1238,Mehdi,Magi,mehdi.magi1237@example.com,+372 51045769,1976-11-06,,,,Geneve,EE,single,1,unemployed,Employer 29,3713.00,1463.93,tenant,incidents,D,active,,2026-05-30 13:40:16.416366+00,2026-05-30 13:40:16.416366+00,,29,,false,,,,false
188837c7-43ed-497e-9b60-b58230a1c2fd,CLI-0036,Jaan,Sokk,jaan.sokk35@example.com,+372 51001295,1965-01-03,,,,Bruxelles,EE,married,0,unemployed,Employer 23,5046.00,2196.83,hosted,mixed,C,active,,2026-05-30 13:40:16.08259+00,2026-05-30 13:40:16.08259+00,,48,,false,,,,false
19105cf9-6a14-480c-bf41-c507d41870f5,CLI-0273,Sarah,Oja,sarah.oja272@example.com,+372 51010064,1992-02-25,,,,Tartu,EE,married,3,unemployed,Employer 25,3938.00,2342.51,tenant,incidents,D,active,,2026-05-30 13:40:16.08259+00,2026-05-30 13:40:16.08259+00,,32,,false,,,,false
1912e30a-9c51-4f8b-9208-9e52189c485b,CLI-0058,Piret,Bernard,piret.bernard57@example.com,+372 51002109,1987-10-04,,,,Bruxelles,EE,single,2,freelance,Employer 31,5179.00,1910.76,tenant,mixed,B,active,,2026-05-30 13:40:16.08259+00,2026-05-30 13:40:16.08259+00,,74,,false,,,,false
1940d4d3-0142-466f-8709-3884661811a7,CLI-0678,Kadri,Roussel,kadri.roussel677@example.com,+372 51025049,2001-11-16,,,,Narva,FR,single,0,cdi,Employer 16,5043.00,2939.27,owner,excellent,A,active,,2026-05-30 13:40:16.308826+00,2026-05-30 13:40:16.308826+00,,97,,false,,,,false
19c68ae4-c5d9-41ae-b044-132d57ea171f,CLI-0626,Yann,Kask,yann.kask625@example.com,+372 51023125,1977-05-14,,,,Geneve,FR,single,3,freelance,Employer 20,3822.00,2037.82,tenant,good,A,active,,2026-05-30 13:40:16.308826+00,2026-05-30 13:40:16.308826+00,,98,,false,,,,false
19ef6c41-4891-45fa-bff4-7a696f67caa4,CLI-0688,Rasmus,Garcia,rasmus.garcia687@example.com,+372 51025419,1969-11-24,,,,Geneve,EE,married,0,cdi,Employer 39,1477.00,871.96,owner,good,A,active,,2026-05-30 13:40:16.308826+00,2026-05-30 13:40:16.308826+00,,87,,false,,,,false
1a350de9-2812-45a9-92d5-c956a8e0515e,CLI-0588,Mart,Vaher,mart.vaher587@example.com,+372 51021719,1990-08-03,,,,Lyon,EE,single,2,student,Employer 26,3732.00,1334.94,hosted,incidents,C,active,,2026-05-30 13:40:16.308826+00,2026-05-30 13:40:16.308826+00,,50,,false,,,,false
1a388feb-f49e-4939-aa11-88f38659b613,CLI-0930,Maxime,Vaino,maxime.vaino929@example.com,+372 51034373,1995-02-18,,,,Madrid,EE,single,0,cdi,Employer 22,1838.00,795.13,tenant,good,B,active,,2026-05-30 13:40:16.308826+00,2026-05-30 13:40:16.308826+00,,75,,false,,,,false
1aa61240-e6ce-40b8-9ecc-0ee3d66c40f7,CLI-1311,Anna,Muller,anna.muller1310@example.com,+372 51048470,1970-07-23,,,,Parnu,EE,married,3,cdi,Employer 20,1947.00,1037.22,hosted,good,B,active,,2026-05-30 13:40:16.416366+00,2026-05-30 13:40:16.416366+00,,70,,false,,,,false
1aadc701-82dd-4fe5-93b4-dcf534e1892a,CLI-0440,Maxime,Faure,maxime.faure439@example.com,+372 51016243,1987-01-20,,,,Helsinki,EE,single,3,cdi,Employer 1,2986.00,1362.49,owner,incidents,C,active,,2026-05-30 13:40:16.08259+00,2026-05-30 13:40:16.08259+00,,63,,false,,,,false
1aeac0e1-cd99-4440-8d7f-eb0f87ab65e8,CLI-1127,Andres,Muller,andres.muller1126@example.com,+372 51041662,1998-07-14,,,,Paris,EE,married,1,cdi,Employer 10,4031.00,2058.24,owner,good,A,active,,2026-05-30 13:40:16.416366+00,2026-05-30 13:40:16.416366+00,,85,,false,,,,false
1af3be2b-b7e6-46cf-bea0-cc179da0e065,CLI-0902,Sarah,Kukk,sarah.kukk901@example.com,+372 51033337,1985-03-25,,,,Paris,EE,single,0,cdi,Employer 37,1346.00,510.40,hosted,good,A,active,,2026-05-30 13:40:16.308826+00,2026-05-30 13:40:16.308826+00,,99,,false,,,,false
1b77d077-7ab1-470f-8ef7-b1e1daa13f6e,CLI-0345,Mart,Rebane,mart.rebane344@example.com,+372 51012728,1990-02-04,,,,Tallinn,FR,single,0,cdi,Employer 25,3948.00,1943.94,tenant,good,A,active,,2026-05-30 13:40:16.08259+00,2026-05-30 13:40:16.08259+00,,94,,false,,,,false
1b84fb58-9672-4b31-9164-73b0ee86f891,CLI-1193,Maxime,Kallas,maxime.kallas1192@example.com,+372 51044104,1980-08-23,,,,Madrid,EE,single,1,cdi,Employer 19,5004.00,2361.85,hosted,good,B,active,,2026-05-30 13:40:16.416366+00,2026-05-30 13:40:16.416366+00,,79,,false,,,,false
1bb551e6-abe6-4159-b98c-b3f1a0340ad4,CLI-0794,Chloe,Sokk,chloe.sokk793@example.com,+372 51029341,1982-12-20,,,,Bruxelles,EE,single,3,student,Employer 7,1325.00,693.77,tenant,mixed,C,active,,2026-05-30 13:40:16.308826+00,2026-05-30 13:40:16.308826+00,,56,,false,,,,false
1bc635a9-7a51-4fa5-83b2-ab23653567c2,CLI-0960,Maxime,Sepp,maxime.sepp959@example.com,+372 51035483,1969-10-22,,,,Tallinn,FR,single,1,freelance,Employer 22,3168.00,1416.89,tenant,mixed,B,active,,2026-05-30 13:40:16.308826+00,2026-05-30 13:40:16.308826+00,,70,,false,,,,false
1c2d1807-3571-4927-86cc-76f3c72e75c9,CLI-1080,Dimitri,Lopez,dimitri.lopez1079@example.com,+372 51039923,1989-06-28,,,,Bruxelles,EE,married,3,unemployed,Employer 39,3046.00,1398.12,tenant,excellent,A,active,,2026-05-30 13:40:16.416366+00,2026-05-30 13:40:16.416366+00,,86,,false,,,,false
1ca7571e-add3-4422-854e-2eafdb98c75b,CLI-1288,Rasmus,Kask,rasmus.kask1287@example.com,+372 51047619,1998-06-16,,,,Narva,EE,married,0,unemployed,Employer 28,4169.00,1854.96,owner,incidents,C,active,,2026-05-30 13:40:16.416366+00,2026-05-30 13:40:16.416366+00,,47,,false,,,,false
1d0becd5-8602-44a0-9da5-efa1be448df1,CLI-0103,Mehdi,Carre,mehdi.carre102@example.com,+372 51003774,1973-07-17,,,,Lyon,FR,single,2,cdi,Employer 23,4910.00,2331.20,hosted,good,A,active,,2026-05-30 13:40:16.08259+00,2026-05-30 13:40:16.08259+00,,93,,false,,,,false
1d124b1b-c4ab-4601-ab75-f37b1b2882fb,CLI-1243,Emma,Lille,emma.lille1242@example.com,+372 51045954,1998-06-09,,,,Geneve,EE,single,2,cdd,Employer 23,3262.00,1796.37,tenant,good,B,active,,2026-05-30 13:40:16.416366+00,2026-05-30 13:40:16.416366+00,,66,,false,,,,false
1d9697e3-e8ae-4f1a-80b4-cb2c6c878257,CLI-0823,Romain,Aas,romain.aas822@example.com,+372 51030414,1973-09-27,,,,Madrid,EE,single,1,retired,Employer 19,4943.00,2034.94,hosted,good,B,active,,2026-05-30 13:40:16.308826+00,2026-05-30 13:40:16.308826+00,,76,,false,,,,false
1da807af-90ad-4780-9b65-9e2b4fae6906,CLI-0253,Kadri,Magi,kadri.magi252@example.com,+372 51009324,1987-01-04,,,,Lyon,FR,single,2,unemployed,Employer 3,4354.00,2384.63,tenant,mixed,B,active,,2026-05-30 13:40:16.08259+00,2026-05-30 13:40:16.08259+00,,71,,false,,,,false
1db603f8-4501-4e6f-86fa-5ee43c73ee0a,CLI-1226,Liis,Mets,liis.mets1225@example.com,+372 51045325,1986-02-24,,,,Parnu,EE,married,2,freelance,Employer 4,2815.00,1261.79,tenant,excellent,A,active,,2026-05-30 13:40:16.416366+00,2026-05-30 13:40:16.416366+00,,95,,false,,,,false
1dbe1421-c0d4-438b-96e4-2acb879f5bdf,CLI-0760,Camille,Raud,camille.raud759@example.com,+372 51028083,1994-11-14,,,,Geneve,FR,married,3,retired,Employer 32,4849.00,2313.58,tenant,incidents,C,active,,2026-05-30 13:40:16.308826+00,2026-05-30 13:40:16.308826+00,,52,,false,,,,false
1dbe56f9-918b-440b-a87c-db5f910b91fe,CLI-0410,Romain,Koppel,romain.koppel409@example.com,+372 51015133,1990-02-14,,,,Madrid,FR,married,3,cdd,Employer 5,1321.00,547.99,owner,excellent,A,active,,2026-05-30 13:40:16.08259+00,2026-05-30 13:40:16.08259+00,,98,,false,,,,false
1df3ee08-b1c5-4a7c-898e-5a02b9bf3f1a,CLI-0216,Tonu,Garcia,tonu.garcia215@example.com,+372 51007955,2004-02-11,,,,Parnu,FR,single,0,cdi,Employer 3,1175.00,424.84,tenant,good,A,active,,2026-05-30 13:40:16.08259+00,2026-05-30 13:40:16.08259+00,,80,,false,,,,false
1dfd26d7-7b13-4c59-8cf0-038d502c78db,CLI-0673,Kadri,Sepp,kadri.sepp672@example.com,+372 51024864,1977-07-10,,,,Geneve,EE,single,1,cdi,Employer 10,2018.00,1076.66,tenant,mixed,C,active,,2026-05-30 13:40:16.308826+00,2026-05-30 13:40:16.308826+00,,51,,false,,,,false
1e283861-e0c1-4d75-9fd7-f75089e11cd3,CLI-0652,Piret,Kukk,piret.kukk651@example.com,+372 51024087,2001-09-08,,,,Madrid,FR,single,0,unemployed,Employer 13,3630.00,1577.85,tenant,good,A,active,,2026-05-30 13:40:16.308826+00,2026-05-30 13:40:16.308826+00,,80,,false,,,,false
1e686dbd-a2cd-4295-9d4b-e98f12d53221,CLI-0447,Alex,Oja,alex.oja446@example.com,+372 51016502,1968-04-09,,,,Tartu,EE,single,3,unemployed,Employer 7,4976.00,2973.44,hosted,good,A,active,,2026-05-30 13:40:16.08259+00,2026-05-30 13:40:16.08259+00,,90,,false,,,,false
1ec5e7a8-80e3-41cd-a450-8fdb8afde404,CLI-0750,Mehdi,Dubois,mehdi.dubois749@example.com,+372 51027713,1966-03-17,,,,Narva,EE,single,1,retired,Employer 20,3509.00,1705.50,tenant,good,A,active,,2026-05-30 13:40:16.308826+00,2026-05-30 13:40:16.308826+00,,99,,false,,,,false
1ef8769f-fdb2-4696-935b-2acff9a56311,CLI-0471,Piret,Saar,piret.saar470@example.com,+372 51017390,1978-03-17,,,,Helsinki,FR,single,3,freelance,Employer 13,3815.00,2041.52,hosted,good,A,active,,2026-05-30 13:40:16.08259+00,2026-05-30 13:40:16.08259+00,,97,,false,,,,false
1f97c817-4c4f-494e-95c6-5652c2f359a9,CLI-1017,Sophie,Robert,sophie.robert1016@example.com,+372 51037592,2001-12-21,,,,Paris,FR,single,0,unemployed,Employer 28,3350.00,1738.48,owner,excellent,A,active,,2026-05-30 13:40:16.416366+00,2026-05-30 13:40:16.416366+00,,90,,false,,,,false
1fadf208-aeab-458a-9924-d20e60a6cab2,CLI-1300,Julien,Sokk,julien.sokk1299@example.com,+372 51048063,1983-10-22,,,,Madrid,EE,single,0,freelance,Employer 29,4461.00,2329.42,tenant,excellent,A,active,,2026-05-30 13:40:16.416366+00,2026-05-30 13:40:16.416366+00,,98,,false,,,,false
1fdc5076-8ce6-4414-8519-1dab52777c04,CLI-0066,Laura,Mets,laura.mets65@example.com,+372 51002405,1989-02-06,,,,Helsinki,EE,married,1,cdi,Employer 31,4202.00,1513.37,tenant,excellent,A,active,,2026-05-30 13:40:16.08259+00,2026-05-30 13:40:16.08259+00,,97,,false,,,,false
1fdc9006-9546-48d8-9af2-616ca83324bd,CLI-1208,Yann,Kukk,yann.kukk1207@example.com,+372 51044659,1980-04-01,,,,Madrid,EE,married,2,retired,Employer 5,2721.00,1531.22,tenant,excellent,A,active,,2026-05-30 13:40:16.416366+00,2026-05-30 13:40:16.416366+00,,86,,false,,,,false
1fec7b07-ae7d-4663-a39c-70082ba10cbb,CLI-0773,Maxime,Saar,maxime.saar772@example.com,+372 51028564,1991-06-13,,,,Geneve,FR,married,2,unemployed,Employer 16,1882.00,1009.53,hosted,incidents,C,active,,2026-05-30 13:40:16.308826+00,2026-05-30 13:40:16.308826+00,,52,,false,,,,false
1ff47f6e-e86e-442f-88d8-82fd220ad3c5,CLI-0328,Alex,Lopez,alex.lopez327@example.com,+372 51012099,1988-12-11,,,,Madrid,EE,married,0,student,Employer 27,2214.00,1290.54,hosted,excellent,A,active,,2026-05-30 13:40:16.08259+00,2026-05-30 13:40:16.08259+00,,94,,false,,,,false
1fffb3e8-499e-47f6-b1a4-e2aa522d2056,CLI-1064,Kevin,Koppel,kevin.koppel1063@example.com,+372 51039331,1974-10-15,,,,Tallinn,EE,single,3,retired,Employer 17,3065.00,1738.34,hosted,mixed,B,active,,2026-05-30 13:40:16.416366+00,2026-05-30 13:40:16.416366+00,,66,,false,,,,false
200f892a-6e9e-4825-a1ea-94399f96e829,CLI-0381,Tiina,Rebane,tiina.rebane380@example.com,+372 51014060,1968-08-25,,,,Tartu,EE,married,2,cdi,Employer 25,4784.00,2740.44,owner,incidents,C,active,,2026-05-30 13:40:16.08259+00,2026-05-30 13:40:16.08259+00,,48,,false,,,,false
2051b0dc-02e6-41a4-b363-c2b0835c43dd,CLI-0964,Maxime,Carre,maxime.carre963@example.com,+372 51035631,2002-07-09,,,,Paris,FR,single,2,cdd,Employer 33,5155.00,2487.85,tenant,excellent,A,active,,2026-05-30 13:40:16.308826+00,2026-05-30 13:40:16.308826+00,,92,,false,,,,false
20ab70bd-5be3-4b78-876d-6b7ad798828f,CLI-1266,Clara,Dubois,clara.dubois1265@example.com,+372 51046805,1995-07-07,,,,Parnu,FR,married,3,cdd,Employer 20,2988.00,1625.21,tenant,mixed,C,active,,2026-05-30 13:40:16.416366+00,2026-05-30 13:40:16.416366+00,,52,,false,,,,false
20d57b86-f33b-4441-af91-89285b9312e7,CLI-1043,Tiina,Laine,tiina.laine1042@example.com,+372 51038554,1970-04-22,,,,Parnu,EE,married,2,cdi,Employer 11,4980.00,2376.75,hosted,good,B,active,,2026-05-30 13:40:16.416366+00,2026-05-30 13:40:16.416366+00,,79,,false,,,,false
21615cbc-794d-450e-87cf-7d82d39658c5,CLI-1322,Kristjan,Bernard,kristjan.bernard1321@example.com,+372 51048877,1973-04-15,,,,Narva,EE,married,3,cdi,Employer 3,2988.00,1722.73,tenant,good,A,active,,2026-05-30 13:40:16.416366+00,2026-05-30 13:40:16.416366+00,,92,,false,,,,false
21616de0-728c-486b-8adf-3765e3ed11af,CLI-0830,Kristjan,Aas,kristjan.aas829@example.com,+372 51030673,1981-07-05,,,,Narva,EE,single,0,cdi,Employer 28,2145.00,1119.40,hosted,incidents,D,active,,2026-05-30 13:40:16.308826+00,2026-05-30 13:40:16.308826+00,,30,,false,,,,false
2162884d-cb80-485a-b925-5349549d9267,CLI-0858,Jaan,Tamm,jaan.tamm857@example.com,+372 51031709,1968-06-12,,,,Tallinn,EE,single,3,freelance,Employer 39,3887.00,1679.43,tenant,good,B,active,,2026-05-30 13:40:16.308826+00,2026-05-30 13:40:16.308826+00,,77,,false,,,,false
222a3dc1-2bcb-4afd-943a-55b580598fbb,CLI-1032,Lea,Magi,lea.magi1031@example.com,+372 51038147,1977-08-01,,,,Parnu,EE,married,0,cdd,Employer 21,3048.00,1487.77,owner,excellent,A,active,,2026-05-30 13:40:16.416366+00,2026-05-30 13:40:16.416366+00,,90,,false,,,,false
22325e31-5241-4c3f-bb17-0603d3e679c1,CLI-0257,Clara,Vidal,clara.vidal256@example.com,+372 51009472,1976-03-07,,,,Narva,FR,single,1,cdi,Employer 37,1942.00,749.84,hosted,good,B,active,,2026-05-30 13:40:16.08259+00,2026-05-30 13:40:16.08259+00,,75,,false,,,,false
2237c828-17e2-4587-9a72-f810d51c89bc,CLI-0821,Tonu,Mets,tonu.mets820@example.com,+372 51030340,1978-08-24,,,,Narva,EE,married,2,unemployed,Employer 25,2973.00,1129.40,hosted,excellent,A,active,,2026-05-30 13:40:16.308826+00,2026-05-30 13:40:16.308826+00,,89,,false,,,,false
227e7df0-b6e1-4974-97be-acf4144efae5,CLI-0054,Pauline,Dubois,pauline.dubois53@example.com,+372 51001961,1966-11-23,,,,Madrid,EE,single,2,cdi,Employer 33,4021.00,2235.75,owner,mixed,C,active,,2026-05-30 13:40:16.08259+00,2026-05-30 13:40:16.08259+00,,61,,false,,,,false
228f2998-c4d5-4d5a-bd62-7896c0eec1ae,CLI-0761,Thomas,Oja,thomas.oja760@example.com,+372 51028120,1982-07-02,,,,Lyon,EE,single,2,cdi,Employer 9,3213.00,1796.74,hosted,mixed,B,active,,2026-05-30 13:40:16.308826+00,2026-05-30 13:40:16.308826+00,,66,,false,,,,false
2299bb58-c5ba-43f7-a5b6-13bb804299ab,CLI-0229,Romain,Nguyen,romain.nguyen228@example.com,+372 51008436,1984-06-15,,,,Lyon,EE,single,2,unemployed,Employer 27,5107.00,2667.49,tenant,excellent,A,active,,2026-05-30 13:40:16.08259+00,2026-05-30 13:40:16.08259+00,,97,,false,,,,false
2358b4e2-264d-456d-bfe0-6d7fb4196f6e,CLI-0523,Tiina,Aas,tiina.aas522@example.com,+372 51019314,1993-06-28,,,,Paris,EE,married,2,student,Employer 14,1604.00,580.73,tenant,incidents,D,active,,2026-05-30 13:40:16.308826+00,2026-05-30 13:40:16.308826+00,,35,,false,,,,false
23b3c895-e6d0-4737-a8cb-e22c35568897,CLI-0545,Lucas,Lille,lucas.lille544@example.com,+372 51020128,1993-02-27,,,,Paris,FR,married,2,freelance,Employer 2,2596.00,1087.39,tenant,good,A,active,,2026-05-30 13:40:16.308826+00,2026-05-30 13:40:16.308826+00,,93,,false,,,,false
23c1d436-ba72-4767-8ea1-10b692b998da,CLI-0278,Dimitri,Raud,dimitri.raud277@example.com,+372 51010249,1969-04-15,,,,Bruxelles,FR,married,3,student,Employer 2,1561.00,832.90,tenant,excellent,A,active,,2026-05-30 13:40:16.08259+00,2026-05-30 13:40:16.08259+00,,99,,false,,,,false
23e14df6-375c-4c3d-a8ed-d222e584c07b,CLI-0707,Yann,Susi,yann.susi706@example.com,+372 51026122,1966-10-14,,,,Lyon,EE,married,1,cdi,Employer 35,3095.00,1348.54,tenant,mixed,B,active,,2026-05-30 13:40:16.308826+00,2026-05-30 13:40:16.308826+00,,71,,false,,,,false
242a57bf-df01-49cd-ac5b-988397565b73,CLI-0413,Eva,Koppel,eva.koppel412@example.com,+372 51015244,2002-08-04,,,,Narva,FR,single,3,cdd,Employer 23,4975.00,2100.22,owner,incidents,D,active,,2026-05-30 13:40:16.08259+00,2026-05-30 13:40:16.08259+00,,41,,false,,,,false
2476239e-e3b8-489b-8ba8-793d480dbf83,CLI-0145,Ines,Faure,ines.faure144@example.com,+372 51005328,1998-11-18,,,,Narva,EE,married,2,cdi,Employer 20,2245.00,1215.92,tenant,mixed,B,active,,2026-05-30 13:40:16.08259+00,2026-05-30 13:40:16.08259+00,,68,,false,,,,false
24a16e6a-250d-4619-b66c-dec985b6d173,CLI-0274,Kristjan,Lille,kristjan.lille273@example.com,+372 51010101,1980-04-24,,,,Madrid,EE,single,1,cdd,Employer 6,3628.00,1388.91,tenant,excellent,A,active,,2026-05-30 13:40:16.08259+00,2026-05-30 13:40:16.08259+00,,81,,false,,,,false
24b75f21-c9ee-4b89-a1b4-4b21670e52c4,CLI-0752,Julien,Nguyen,julien.nguyen751@example.com,+372 51027787,1988-09-03,,,,Bruxelles,EE,married,3,cdi,Employer 29,1970.00,1008.05,tenant,good,A,active,,2026-05-30 13:40:16.308826+00,2026-05-30 13:40:16.308826+00,,91,,false,,,,false
24e09d1e-b224-4a9f-98fc-02e8806c6545,CLI-1267,Chloe,Martin,chloe.martin1266@example.com,+372 51046842,2003-11-11,,,,Geneve,EE,single,1,retired,Employer 4,1542.00,754.91,owner,excellent,A,active,,2026-05-30 13:40:16.416366+00,2026-05-30 13:40:16.416366+00,,92,,false,,,,false
25d9922b-5e90-4b8e-8191-5038005154ab,CLI-1338,Sophie,Carre,sophie.carre1337@example.com,+372 51049469,1975-04-13,,,,Paris,FR,single,3,cdi,Employer 32,1743.00,799.18,tenant,excellent,A,active,,2026-05-30 13:40:16.416366+00,2026-05-30 13:40:16.416366+00,,86,,false,,,,false
25dc162d-4638-43b2-8267-0e43c3ed39a0,CLI-0053,Mehdi,Org,mehdi.org52@example.com,+372 51001924,1981-09-04,,,,Tartu,EE,single,3,cdi,Employer 23,2716.00,1070.52,hosted,excellent,A,active,,2026-05-30 13:40:16.08259+00,2026-05-30 13:40:16.08259+00,,92,,false,,,,false
260dcde2-9385-4050-843a-568a12c5267a,CLI-0492,Alex,Koppel,alex.koppel491@example.com,+372 51018167,1998-06-04,,,,Helsinki,EE,married,1,unemployed,Employer 21,1322.00,484.72,hosted,good,A,active,,2026-05-30 13:40:16.08259+00,2026-05-30 13:40:16.08259+00,,82,,false,,,,false
261a9881-e87a-47a1-a3a6-77d3d478ff2b,CLI-0393,Rasmus,Raud,rasmus.raud392@example.com,+372 51014504,1968-09-23,,,,Tartu,EE,single,1,cdi,Employer 14,4226.00,2335.30,hosted,good,A,active,,2026-05-30 13:40:16.08259+00,2026-05-30 13:40:16.08259+00,,82,,false,,,,false
262c9acd-d33f-4fa5-ab7b-7829fa231e88,CLI-0516,Thomas,Muller,thomas.muller515@example.com,+372 51019055,1995-11-07,,,,Paris,FR,married,3,cdi,Employer 32,3751.00,1545.57,tenant,incidents,D,active,,2026-05-30 13:40:16.308826+00,2026-05-30 13:40:16.308826+00,,43,,false,,,,false
2686076e-ca86-4a01-a479-27985f1aa264,CLI-0792,Maria,Koppel,maria.koppel791@example.com,+372 51029267,1966-06-14,,,,Lyon,EE,married,1,retired,Employer 11,2225.00,873.84,hosted,mixed,B,active,,2026-05-30 13:40:16.308826+00,2026-05-30 13:40:16.308826+00,,74,,false,,,,false
26b9cebb-a78b-4e11-b32f-97414beb115b,CLI-0963,Camille,Faure,camille.faure962@example.com,+372 51035594,1993-01-02,,,,Lyon,EE,single,2,unemployed,Employer 31,5093.00,2242.59,tenant,good,A,active,,2026-05-30 13:40:16.308826+00,2026-05-30 13:40:16.308826+00,,99,,false,,,,false
26ea88d9-b1c7-4049-bcb0-7916c1559c2f,CLI-0621,Lucas,Bernard,lucas.bernard620@example.com,+372 51022940,1994-06-20,,,,Lyon,FR,single,2,cdi,Employer 19,3399.00,1269.90,tenant,incidents,D,active,,2026-05-30 13:40:16.308826+00,2026-05-30 13:40:16.308826+00,,37,,false,,,,false
26fec0f5-05ef-46dc-8981-c453fd05c9cb,CLI-0658,Kadri,Martin,kadri.martin657@example.com,+372 51024309,2003-11-24,,,,Paris,EE,single,3,cdi,Employer 17,3810.00,1745.68,hosted,good,B,active,,2026-05-30 13:40:16.308826+00,2026-05-30 13:40:16.308826+00,,76,,false,,,,false
278b4f3b-4b05-4ec7-a325-c5400e350cd4,CLI-1136,Mehdi,Smirnov,mehdi.smirnov1135@example.com,+372 51041995,1974-06-14,,,,Geneve,EE,married,3,retired,Employer 35,1164.00,592.26,hosted,good,A,active,,2026-05-30 13:40:16.416366+00,2026-05-30 13:40:16.416366+00,,91,,false,,,,false
27a26aa6-95d1-4179-9618-7289c0607713,CLI-0490,Sophie,Vaino,sophie.vaino489@example.com,+372 51018093,1967-07-26,,,,Helsinki,EE,single,0,freelance,Employer 28,3259.00,1203.57,hosted,good,A,active,,2026-05-30 13:40:16.08259+00,2026-05-30 13:40:16.08259+00,,85,,false,,,,false
27c66573-18b9-4d5e-a223-ebd2abb68cca,CLI-0839,Tiina,Org,tiina.org838@example.com,+372 51031006,1992-12-19,,,,Tartu,EE,single,2,cdd,Employer 15,2388.00,1034.82,tenant,good,B,active,,2026-05-30 13:40:16.308826+00,2026-05-30 13:40:16.308826+00,,66,,false,,,,false
27dc54a2-904c-426b-8842-aededd852cb0,CLI-1214,Alex,Muller,alex.muller1213@example.com,+372 51044881,1996-05-28,,,,Bruxelles,FR,married,2,cdi,Employer 9,4677.00,2720.88,owner,mixed,B,active,,2026-05-30 13:40:16.416366+00,2026-05-30 13:40:16.416366+00,,76,,false,,,,false
27de2953-85eb-43e6-b681-17c96d3f7b84,CLI-0126,Chloe,Magi,chloe.magi125@example.com,+372 51004625,1995-08-26,,,,Parnu,FR,married,2,retired,Employer 9,1196.00,681.52,owner,mixed,C,active,,2026-05-30 13:40:16.08259+00,2026-05-30 13:40:16.08259+00,,49,,false,,,,false
27f2d7bd-6c79-4567-99a4-c5ea9722c282,CLI-0879,Alex,Garcia,alex.garcia878@example.com,+372 51032486,1975-08-15,,,,Madrid,EE,single,0,cdi,Employer 36,2858.00,1272.62,tenant,good,B,active,,2026-05-30 13:40:16.308826+00,2026-05-30 13:40:16.308826+00,,71,,false,,,,false
2812c01e-5a54-4267-8d0f-b31f3ccf9410,CLI-0153,Mart,Smirnov,mart.smirnov152@example.com,+372 51005624,1993-05-28,,,,Narva,EE,single,0,retired,Employer 15,3449.00,1697.21,hosted,mixed,C,active,,2026-05-30 13:40:16.08259+00,2026-05-30 13:40:16.08259+00,,48,,false,,,,false
281bcc94-f8fa-47ba-ae62-a162b87ec5fa,CLI-0995,Julien,Sokk,julien.sokk994@example.com,+372 51036778,1972-09-01,,,,Tallinn,FR,married,0,student,Employer 14,4013.00,1622.73,hosted,excellent,A,active,,2026-05-30 13:40:16.308826+00,2026-05-30 13:40:16.308826+00,,94,,false,,,,false
285b773b-e308-478b-a852-49564f4e0050,CLI-0829,Anna,Vidal,anna.vidal828@example.com,+372 51030636,1991-05-10,,,,Narva,FR,married,0,retired,Employer 12,3908.00,2160.67,owner,incidents,C,active,,2026-05-30 13:40:16.308826+00,2026-05-30 13:40:16.308826+00,,62,,false,,,,false
286a625f-0422-482e-a744-f01fa9c3a5f2,CLI-0228,Julien,Parn,julien.parn227@example.com,+372 51008399,1982-05-19,,,,Parnu,FR,married,0,cdd,Employer 22,3478.00,1462.70,hosted,incidents,D,active,,2026-05-30 13:40:16.08259+00,2026-05-30 13:40:16.08259+00,,32,,false,,,,false
289a79d8-62b9-4f31-9235-59340b3af081,CLI-0179,Mart,Ivanov,mart.ivanov178@example.com,+372 51006586,1969-12-13,,,,Helsinki,EE,married,2,retired,Employer 36,3378.00,1843.60,tenant,good,A,active,,2026-05-30 13:40:16.08259+00,2026-05-30 13:40:16.08259+00,,81,,false,,,,false
2909eed0-4f59-43a3-9df1-f7e17bfe91d5,CLI-0175,Camille,Vidal,camille.vidal174@example.com,+372 51006438,1996-01-10,,,,Helsinki,FR,single,2,cdi,Employer 27,4781.00,2732.47,tenant,mixed,B,active,,2026-05-30 13:40:16.08259+00,2026-05-30 13:40:16.08259+00,,65,,false,,,,false
2942aa12-38e4-4d0c-8ad2-220fab674ead,CLI-0369,Chloe,Martin,chloe.martin368@example.com,+372 51013616,1972-06-07,,,,Tallinn,FR,married,0,cdi,Employer 25,5175.00,2214.43,hosted,good,B,active,,2026-05-30 13:40:16.08259+00,2026-05-30 13:40:16.08259+00,,66,,false,,,,false
2964c6ed-99f0-470a-8774-14ba47f2f4fa,CLI-1058,Rasmus,Parn,rasmus.parn1057@example.com,+372 51039109,1981-12-27,,,,Tartu,EE,single,0,retired,Employer 10,3779.00,2035.80,owner,mixed,B,active,,2026-05-30 13:40:16.416366+00,2026-05-30 13:40:16.416366+00,,73,,false,,,,false
298714d3-3169-4304-925c-f4168505e0f1,CLI-0587,Antoine,Garcia,antoine.garcia586@example.com,+372 51021682,1985-03-03,,,,Lyon,EE,single,3,student,Employer 18,3493.00,1598.81,tenant,incidents,C,active,,2026-05-30 13:40:16.308826+00,2026-05-30 13:40:16.308826+00,,61,,false,,,,false
29930311-0377-4206-9ac7-129175b1a959,CLI-0977,Sophie,Saar,sophie.saar976@example.com,+372 51036112,1996-09-12,,,,Bruxelles,EE,married,3,retired,Employer 13,1283.00,608.50,tenant,mixed,B,active,,2026-05-30 13:40:16.308826+00,2026-05-30 13:40:16.308826+00,,76,,false,,,,false
29c31a22-468b-4b9c-8650-fb728e550b8d,CLI-0421,Julien,Aas,julien.aas420@example.com,+372 51015540,1970-06-05,,,,Narva,FR,single,3,cdd,Employer 14,2090.00,1002.45,owner,incidents,D,active,,2026-05-30 13:40:16.08259+00,2026-05-30 13:40:16.08259+00,,39,,false,,,,false
2a42319b-ea9c-496a-bc54-fc45a49ad050,CLI-0818,Sophie,Tamm,sophie.tamm817@example.com,+372 51030229,1997-11-03,,,,Lyon,EE,single,2,student,Employer 5,2755.00,1227.47,owner,mixed,B,active,,2026-05-30 13:40:16.308826+00,2026-05-30 13:40:16.308826+00,,66,,false,,,,false
2a69cb40-fc92-4c0b-8ed1-26b921d326a8,CLI-0032,Antoine,Raud,antoine.raud31@example.com,+372 51001147,1994-03-11,,,,Paris,FR,married,3,cdi,Employer 26,1385.00,821.81,owner,excellent,A,active,,2026-05-30 13:40:16.08259+00,2026-05-30 13:40:16.08259+00,,82,,false,,,,false
2a7766fb-2d21-42a3-98ff-f8a4271beb22,CLI-1135,Jaan,Sepp,jaan.sepp1134@example.com,+372 51041958,1978-11-11,,,,Geneve,EE,single,1,cdi,Employer 22,2390.00,1371.18,hosted,incidents,C,active,,2026-05-30 13:40:16.416366+00,2026-05-30 13:40:16.416366+00,,59,,false,,,,false
2ab54acb-a1f1-4c1f-a6ff-b74c9765994e,CLI-0799,Lucas,Petit,lucas.petit798@example.com,+372 51029526,1980-01-22,,,,Tartu,EE,married,2,cdi,Employer 31,1909.00,751.91,owner,good,A,active,,2026-05-30 13:40:16.308826+00,2026-05-30 13:40:16.308826+00,,94,,false,,,,false
2b726824-15b6-4b21-956c-aa63e650f406,CLI-1031,Jaan,Ivanov,jaan.ivanov1030@example.com,+372 51038110,1995-06-22,,,,Madrid,EE,single,0,cdd,Employer 35,2753.00,1567.32,tenant,good,A,active,,2026-05-30 13:40:16.416366+00,2026-05-30 13:40:16.416366+00,,81,,false,,,,false
2b81ee2e-f914-4376-a401-7f7e890a8215,CLI-0873,Marko,Kask,marko.kask872@example.com,+372 51032264,2001-11-28,,,,Helsinki,EE,single,2,freelance,Employer 35,2008.00,858.80,tenant,excellent,A,active,,2026-05-30 13:40:16.308826+00,2026-05-30 13:40:16.308826+00,,85,,false,,,,false
2b994fff-e09d-4203-82b1-36960871e8ab,CLI-0207,Sophie,Nguyen,sophie.nguyen206@example.com,+372 51007622,1973-12-14,,,,Tallinn,EE,married,3,cdi,Employer 29,4169.00,1781.07,tenant,mixed,C,active,,2026-05-30 13:40:16.08259+00,2026-05-30 13:40:16.08259+00,,54,,false,,,,false
2be21cc2-a7c9-4a1c-9625-ae789dc5118e,CLI-1331,Camille,Lemoine,camille.lemoine1330@example.com,+372 51049210,1966-01-19,,,,Paris,FR,married,1,retired,Employer 17,3746.00,1966.54,tenant,good,A,active,,2026-05-30 13:40:16.416366+00,2026-05-30 13:40:16.416366+00,,98,,false,,,,false
2ca8d909-b862-49d2-ba1a-eb9e836848c5,CLI-1332,Anna,Oja,anna.oja1331@example.com,+372 51049247,1979-01-04,,,,Madrid,EE,married,1,retired,Employer 15,4149.00,2360.21,hosted,excellent,A,active,,2026-05-30 13:40:16.416366+00,2026-05-30 13:40:16.416366+00,,99,,false,,,,false
2d128352-5e78-46fd-9ab5-e654d9a91b09,CLI-0975,Tonu,Lemoine,tonu.lemoine974@example.com,+372 51036038,1995-03-19,,,,Tallinn,EE,single,2,unemployed,Employer 9,1115.00,516.70,hosted,good,B,active,,2026-05-30 13:40:16.308826+00,2026-05-30 13:40:16.308826+00,,70,,false,,,,false
2d569e54-7703-46ff-b213-70b81102a982,CLI-1166,Thomas,Bernard,thomas.bernard1165@example.com,+372 51043105,1969-07-12,,,,Lyon,EE,married,1,cdi,Employer 33,3358.00,1312.06,owner,excellent,A,active,,2026-05-30 13:40:16.416366+00,2026-05-30 13:40:16.416366+00,,99,,false,,,,false
2db7be19-13b1-48e8-a7ae-a08bee691a86,CLI-0188,Sophie,Lepik,sophie.lepik187@example.com,+372 51006919,1985-11-16,,,,Madrid,EE,single,2,cdd,Employer 17,1888.00,943.31,tenant,good,A,active,,2026-05-30 13:40:16.08259+00,2026-05-30 13:40:16.08259+00,,89,,false,,,,false
2dc0e8d6-a3bc-42cc-a2ca-5f46d7a5e9e6,CLI-1119,Tonu,Robert,tonu.robert1118@example.com,+372 51041366,1966-09-04,,,,Parnu,EE,single,3,freelance,Employer 40,4269.00,2502.94,tenant,good,A,active,,2026-05-30 13:40:16.416366+00,2026-05-30 13:40:16.416366+00,,91,,false,,,,false
2e073dea-228e-4898-954f-94ce8663a7c8,CLI-1095,Tiina,Nguyen,tiina.nguyen1094@example.com,+372 51040478,1987-10-11,,,,Lyon,FR,single,0,retired,Employer 4,4578.00,2163.77,owner,good,B,active,,2026-05-30 13:40:16.416366+00,2026-05-30 13:40:16.416366+00,,70,,false,,,,false
2e0f4a05-79d3-452a-9189-3ceb3e929aea,CLI-0382,Manon,Smirnov,manon.smirnov381@example.com,+372 51014097,1994-01-18,,,,Madrid,EE,married,0,retired,Employer 29,3169.00,1404.45,tenant,good,B,active,,2026-05-30 13:40:16.08259+00,2026-05-30 13:40:16.08259+00,,71,,false,,,,false
2e5ad4be-01f8-4c3e-99b2-5eb8402006a1,CLI-1081,Laura,Ivanov,laura.ivanov1080@example.com,+372 51039960,1983-08-02,,,,Bruxelles,EE,married,1,cdi,Employer 11,5109.00,2461.91,owner,good,A,active,,2026-05-30 13:40:16.416366+00,2026-05-30 13:40:16.416366+00,,90,,false,,,,false
2e93e345-4fc8-4db9-a922-d5f52bba43f2,CLI-0976,Sarah,Muller,sarah.muller975@example.com,+372 51036075,1968-07-22,,,,Tartu,EE,single,2,retired,Employer 8,2636.00,978.74,hosted,good,A,active,,2026-05-30 13:40:16.308826+00,2026-05-30 13:40:16.308826+00,,87,,false,,,,false
2ecba489-8c12-454a-91f4-afad623ab046,CLI-1104,Piret,Oja,piret.oja1103@example.com,+372 51040811,1981-04-11,,,,Lyon,EE,single,2,cdi,Employer 3,2364.00,953.87,owner,good,B,active,,2026-05-30 13:40:16.416366+00,2026-05-30 13:40:16.416366+00,,70,,false,,,,false
2edf6be2-e901-4ef1-aabd-12f27cc929e5,CLI-1303,Julien,Koppel,julien.koppel1302@example.com,+372 51048174,2000-10-14,,,,Helsinki,FR,married,3,cdd,Employer 17,2067.00,792.85,tenant,good,A,active,,2026-05-30 13:40:16.416366+00,2026-05-30 13:40:16.416366+00,,96,,false,,,,false
2ef6b002-d112-44f3-b8f7-df80f878d595,CLI-0953,Marko,Oja,marko.oja952@example.com,+372 51035224,1988-09-16,,,,Lyon,EE,single,3,cdi,Employer 24,2141.00,1149.10,tenant,good,A,active,,2026-05-30 13:40:16.308826+00,2026-05-30 13:40:16.308826+00,,89,,false,,,,false
2f7f7c5f-7378-44fb-8185-762098679e4a,CLI-0604,Sarah,Tamm,sarah.tamm603@example.com,+372 51022311,1981-09-14,,,,Tallinn,FR,single,2,cdi,Employer 2,1839.00,744.80,owner,incidents,D,active,,2026-05-30 13:40:16.308826+00,2026-05-30 13:40:16.308826+00,,37,,false,,,,false
2f99c790-a1ab-41dc-bdda-7a2bcd0ac627,CLI-0161,Kristjan,Kask,kristjan.kask160@example.com,+372 51005920,1967-01-23,,,,Lyon,FR,single,3,cdi,Employer 12,1436.00,831.41,hosted,excellent,A,active,,2026-05-30 13:40:16.08259+00,2026-05-30 13:40:16.08259+00,,82,,false,,,,false
2fbc0cce-2030-4d24-bc2d-0f4823c82fa1,CLI-0754,Kadri,Rebane,kadri.rebane753@example.com,+372 51027861,1979-04-05,,,,Parnu,EE,married,2,retired,Employer 11,4738.00,1865.81,owner,excellent,A,active,,2026-05-30 13:40:16.308826+00,2026-05-30 13:40:16.308826+00,,97,,false,,,,false
2fc468c2-6835-419a-af41-81c339d1b67b,CLI-0667,Maxime,Saar,maxime.saar666@example.com,+372 51024642,1985-03-05,,,,Parnu,FR,single,3,cdd,Employer 10,1517.00,626.00,tenant,good,A,active,,2026-05-30 13:40:16.308826+00,2026-05-30 13:40:16.308826+00,,95,,false,,,,false
3024448d-8277-4d34-a17d-87082e777bed,CLI-0303,Liis,Petit,liis.petit302@example.com,+372 51011174,1985-05-08,,,,Parnu,EE,married,0,cdi,Employer 37,3866.00,1565.16,hosted,mixed,C,active,,2026-05-30 13:40:16.08259+00,2026-05-30 13:40:16.08259+00,,50,,false,,,,false
304a7f61-629a-4e1b-a2c7-fdf3d02363a0,CLI-0682,Ines,Nguyen,ines.nguyen681@example.com,+372 51025197,1966-02-17,,,,Tartu,FR,married,1,freelance,Employer 28,1232.00,572.14,tenant,good,A,active,,2026-05-30 13:40:16.308826+00,2026-05-30 13:40:16.308826+00,,95,,false,,,,false
304b4f12-8f85-40f0-bedf-b8e55198ee79,CLI-0167,Sophie,Carre,sophie.carre166@example.com,+372 51006142,1977-12-23,,,,Parnu,FR,married,3,cdi,Employer 3,1691.00,717.65,tenant,good,A,active,,2026-05-30 13:40:16.08259+00,2026-05-30 13:40:16.08259+00,,88,,false,,,,false
3051fd23-47e4-4636-98a3-8b9352ab6735,CLI-0243,Thomas,Kask,thomas.kask242@example.com,+372 51008954,1991-01-03,,,,Tallinn,EE,single,0,cdd,Employer 5,2528.00,975.56,tenant,mixed,B,active,,2026-05-30 13:40:16.08259+00,2026-05-30 13:40:16.08259+00,,68,,false,,,,false
3088ee15-3702-4671-8270-11337df12152,CLI-0561,Anna,Petit,anna.petit560@example.com,+372 51020720,1968-10-25,,,,Bruxelles,EE,single,2,student,Employer 23,3899.00,2137.26,tenant,good,B,active,,2026-05-30 13:40:16.308826+00,2026-05-30 13:40:16.308826+00,,76,,false,,,,false
30bfa77d-49b5-4d48-b3c8-00b052798125,CLI-1176,Camille,Vidal,camille.vidal1175@example.com,+372 51043475,1984-08-10,,,,Bruxelles,FR,married,3,retired,Employer 29,5038.00,2016.53,owner,mixed,B,active,,2026-05-30 13:40:16.416366+00,2026-05-30 13:40:16.416366+00,,72,,false,,,,false
30e4fa0f-d3df-4d4b-9cae-8b962732d784,CLI-1116,Mart,Laine,mart.laine1115@example.com,+372 51041255,1983-10-05,,,,Parnu,EE,single,3,cdi,Employer 3,2642.00,1200.37,hosted,excellent,A,active,,2026-05-30 13:40:16.416366+00,2026-05-30 13:40:16.416366+00,,95,,false,,,,false
3122ae01-94f6-45f9-b320-574d43c58049,CLI-0038,Maxime,Raud,maxime.raud37@example.com,+372 51001369,1999-04-14,,,,Geneve,FR,single,0,retired,Employer 2,3165.00,1855.65,tenant,incidents,D,active,,2026-05-30 13:40:16.08259+00,2026-05-30 13:40:16.08259+00,,21,,false,,,,false
3147a229-305d-4cfd-8caa-efbe44ff76ff,CLI-0434,Kevin,Kallas,kevin.kallas433@example.com,+372 51016021,1966-10-15,,,,Parnu,FR,married,3,retired,Employer 9,3321.00,1445.23,tenant,excellent,A,active,,2026-05-30 13:40:16.08259+00,2026-05-30 13:40:16.08259+00,,97,,false,,,,false
3147fb8b-8238-4e95-a00b-cfeadd4b3cd2,CLI-0309,Thomas,Kangro,thomas.kangro308@example.com,+372 51011396,1981-01-07,,,,Tartu,FR,single,2,cdi,Employer 12,3881.00,2179.35,tenant,incidents,D,active,,2026-05-30 13:40:16.08259+00,2026-05-30 13:40:16.08259+00,,39,,false,,,,false
31491938-9ae6-4339-9661-483ad6ed46a8,CLI-0781,Lucas,Koppel,lucas.koppel780@example.com,+372 51028860,1991-08-15,,,,Bruxelles,EE,married,2,cdd,Employer 37,2639.00,971.09,owner,good,A,active,,2026-05-30 13:40:16.308826+00,2026-05-30 13:40:16.308826+00,,98,,false,,,,false
317e9353-508b-4326-8d46-165645d10c0b,CLI-0230,Anna,Vaher,anna.vaher229@example.com,+372 51008473,1965-07-01,,,,Parnu,EE,married,1,cdd,Employer 9,3101.00,1254.28,hosted,incidents,C,active,,2026-05-30 13:40:16.08259+00,2026-05-30 13:40:16.08259+00,,59,,false,,,,false
3182091b-0a45-407b-a856-bf263d78ee19,CLI-1077,Yann,Oja,yann.oja1076@example.com,+372 51039812,1996-09-20,,,,Paris,FR,single,1,cdi,Employer 29,2878.00,1599.51,hosted,excellent,A,active,,2026-05-30 13:40:16.416366+00,2026-05-30 13:40:16.416366+00,,90,,false,,,,false
318deddb-0748-4e29-80ff-34ba9c293968,CLI-1171,Nathan,Dubois,nathan.dubois1170@example.com,+372 51043290,1998-09-22,,,,Paris,FR,single,1,freelance,Employer 14,4903.00,1845.28,hosted,good,A,active,,2026-05-30 13:40:16.416366+00,2026-05-30 13:40:16.416366+00,,86,,false,,,,false
319fba5f-7f22-477f-9d01-0d11f293bcd1,CLI-1180,Maxime,Vaher,maxime.vaher1179@example.com,+372 51043623,1979-01-15,,,,Parnu,FR,single,2,retired,Employer 16,2429.00,1086.92,tenant,mixed,B,active,,2026-05-30 13:40:16.416366+00,2026-05-30 13:40:16.416366+00,,65,,false,,,,false
3247fa72-0541-4899-8424-ef9a43bfeafc,CLI-0336,Marie,Susi,marie.susi335@example.com,+372 51012395,1998-04-20,,,,Bruxelles,EE,single,1,unemployed,Employer 23,4419.00,2634.45,tenant,excellent,A,active,,2026-05-30 13:40:16.08259+00,2026-05-30 13:40:16.08259+00,,89,,false,,,,false
3286342d-5db2-4d97-9c81-c695c71a1c9e,CLI-0064,Sarah,Toom,sarah.toom63@example.com,+372 51002331,1986-09-11,,,,Tartu,EE,single,0,unemployed,Employer 11,4562.00,2736.89,owner,mixed,B,active,,2026-05-30 13:40:16.08259+00,2026-05-30 13:40:16.08259+00,,69,,false,,,,false
32cbe077-5c46-4004-9c2b-ce0341f3c36d,CLI-1029,Liis,Raud,liis.raud1028@example.com,+372 51038036,1985-01-15,,,,Tallinn,EE,married,2,student,Employer 23,2856.00,1045.38,owner,good,A,active,,2026-05-30 13:40:16.416366+00,2026-05-30 13:40:16.416366+00,,93,,false,,,,false
3306b148-3625-449c-89d4-541a9f152ff7,CLI-0197,Nathan,Lille,nathan.lille196@example.com,+372 51007252,1974-02-11,,,,Parnu,FR,married,1,unemployed,Employer 18,5160.00,2027.38,tenant,good,A,active,,2026-05-30 13:40:16.08259+00,2026-05-30 13:40:16.08259+00,,92,,false,,,,false
33360689-5d6c-4c32-9fc3-5290eb011619,CLI-1205,Yann,Lepik,yann.lepik1204@example.com,+372 51044548,2004-07-06,,,,Geneve,EE,single,3,cdd,Employer 29,4770.00,2080.91,tenant,mixed,C,active,,2026-05-30 13:40:16.416366+00,2026-05-30 13:40:16.416366+00,,51,,false,,,,false
33aabbe1-6f7b-4dc3-8201-5a1c3c144373,CLI-0810,Romain,Bernard,romain.bernard809@example.com,+372 51029933,1990-12-10,,,,Helsinki,FR,single,1,freelance,Employer 34,5084.00,2442.17,hosted,good,A,active,,2026-05-30 13:40:16.308826+00,2026-05-30 13:40:16.308826+00,,80,,false,,,,false
33bea7f8-b640-4fcb-87d1-d73f60de40f2,CLI-0698,Manon,Martin,manon.martin697@example.com,+372 51025789,1974-01-03,,,,Paris,EE,married,0,freelance,Employer 3,4839.00,1929.77,tenant,incidents,C,active,,2026-05-30 13:40:16.308826+00,2026-05-30 13:40:16.308826+00,,49,,false,,,,false
33eb03f3-e387-48cb-bdd5-5926058e2ff7,CLI-0099,Hugo,Nguyen,hugo.nguyen98@example.com,+372 51003626,1972-07-13,,,,Parnu,FR,single,0,cdi,Employer 24,1244.00,703.74,owner,incidents,C,active,,2026-05-30 13:40:16.08259+00,2026-05-30 13:40:16.08259+00,,61,,false,,,,false
342173ce-d2d5-46e1-bd6d-927a4598c848,CLI-0338,Ines,Mets,ines.mets337@example.com,+372 51012469,1969-11-24,,,,Paris,EE,single,3,cdi,Employer 14,4542.00,2347.07,hosted,excellent,A,active,,2026-05-30 13:40:16.08259+00,2026-05-30 13:40:16.08259+00,,99,,false,,,,false
3441d513-2cbf-42f5-8a68-7f13adbb8c8d,CLI-0451,Nathan,Raud,nathan.raud450@example.com,+372 51016650,1991-07-15,,,,Bruxelles,EE,married,3,cdi,Employer 21,4959.00,2218.94,tenant,excellent,A,active,,2026-05-30 13:40:16.08259+00,2026-05-30 13:40:16.08259+00,,93,,false,,,,false
34494f61-63e7-4cbb-91de-a2641a49045c,CLI-0255,Jaan,Smirnov,jaan.smirnov254@example.com,+372 51009398,2001-09-25,,,,Tallinn,EE,married,3,unemployed,Employer 16,4370.00,2347.83,hosted,incidents,C,active,,2026-05-30 13:40:16.08259+00,2026-05-30 13:40:16.08259+00,,53,,false,,,,false
344a22e6-654a-46de-ab26-6942f9f29acf,CLI-0580,Chloe,Kangro,chloe.kangro579@example.com,+372 51021423,1972-04-13,,,,Parnu,EE,married,2,cdi,Employer 13,1377.00,502.28,hosted,excellent,A,active,,2026-05-30 13:40:16.308826+00,2026-05-30 13:40:16.308826+00,,81,,false,,,,false
344e4c86-3d72-407c-806b-6870192265a3,CLI-0681,Lucas,Lopez,lucas.lopez680@example.com,+372 51025160,1992-02-11,,,,Geneve,EE,single,1,retired,Employer 25,1963.00,770.62,tenant,incidents,C,active,,2026-05-30 13:40:16.308826+00,2026-05-30 13:40:16.308826+00,,45,,false,,,,false
34533c4e-63ee-4db0-8da9-ce429eea4a24,CLI-1009,Eva,Parn,eva.parn1008@example.com,+372 51037296,1992-05-22,,,,Bruxelles,EE,single,2,student,Employer 35,2317.00,1006.47,tenant,good,B,active,,2026-05-30 13:40:16.416366+00,2026-05-30 13:40:16.416366+00,,77,,false,,,,false
34609047-36e5-4fee-8e2c-979a62563eb2,CLI-1356,Liis,Laine,liis.laine1355@example.com,+372 51050135,1989-01-01,,,,Lyon,EE,single,3,freelance,Employer 16,2937.00,1582.89,tenant,incidents,C,active,,2026-05-30 13:40:16.416366+00,2026-05-30 13:40:16.416366+00,,62,,false,,,,false
346a8a8a-e9c5-4f9a-ae3c-bd362c73b77b,CLI-0349,Eva,Raud,eva.raud348@example.com,+372 51012876,1988-05-16,,,,Bruxelles,EE,married,2,freelance,Employer 26,1693.00,771.57,tenant,mixed,B,active,,2026-05-30 13:40:16.08259+00,2026-05-30 13:40:16.08259+00,,76,,false,,,,false
34c4db89-ac62-4da9-a079-6949584995bd,CLI-0218,Thomas,Petit,thomas.petit217@example.com,+372 51008029,1969-06-26,,,,Geneve,EE,married,3,freelance,Employer 21,5189.00,2889.78,tenant,good,A,active,,2026-05-30 13:40:16.08259+00,2026-05-30 13:40:16.08259+00,,87,,false,,,,false
34d95def-c3c3-4f32-9e7d-9d9d8a9507c5,CLI-0177,Lucas,Laine,lucas.laine176@example.com,+372 51006512,1984-12-01,,,,Bruxelles,EE,married,2,student,Employer 8,4544.00,1990.14,tenant,good,A,active,,2026-05-30 13:40:16.08259+00,2026-05-30 13:40:16.08259+00,,99,,false,,,,false
351132b9-10b8-47a6-b288-cbdc949188f2,CLI-0047,Emma,Laine,emma.laine46@example.com,+372 51001702,1991-06-27,,,,Helsinki,FR,single,2,cdd,Employer 30,2118.00,1077.17,hosted,excellent,A,active,,2026-05-30 13:40:16.08259+00,2026-05-30 13:40:16.08259+00,,92,,false,,,,false
3587c8f4-7df1-434d-88f1-3a2eff6ff7d7,CLI-0137,Kristjan,Saar,kristjan.saar136@example.com,+372 51005032,1989-09-24,,,,Tallinn,EE,married,2,freelance,Employer 26,4493.00,2362.97,tenant,good,A,active,,2026-05-30 13:40:16.08259+00,2026-05-30 13:40:16.08259+00,,87,,false,,,,false
35becb36-2ac0-48b6-9c71-2a877bf9757f,CLI-0337,Camille,Sepp,camille.sepp336@example.com,+372 51012432,1994-11-19,,,,Lyon,FR,married,0,student,Employer 23,3312.00,1726.00,hosted,good,A,active,,2026-05-30 13:40:16.08259+00,2026-05-30 13:40:16.08259+00,,99,,false,,,,false
362f12cb-87b9-47d9-b730-f5ea9a8716b4,CLI-0147,Tonu,Org,tonu.org146@example.com,+372 51005402,1992-01-12,,,,Geneve,EE,married,1,cdd,Employer 27,2406.00,1090.17,hosted,incidents,D,active,,2026-05-30 13:40:16.08259+00,2026-05-30 13:40:16.08259+00,,41,,false,,,,false
3652d91b-8508-4244-bd0b-e1bd945cfff9,CLI-0203,Romain,Lopez,romain.lopez202@example.com,+372 51007474,1985-01-09,,,,Helsinki,FR,married,2,unemployed,Employer 27,2061.00,1068.38,hosted,excellent,A,active,,2026-05-30 13:40:16.08259+00,2026-05-30 13:40:16.08259+00,,82,,false,,,,false
36922314-5dcd-4ff4-9009-ee011632b298,CLI-0327,Andres,Lille,andres.lille326@example.com,+372 51012062,1994-09-14,,,,Geneve,FR,single,3,cdi,Employer 30,3353.00,1578.55,tenant,mixed,B,active,,2026-05-30 13:40:16.08259+00,2026-05-30 13:40:16.08259+00,,71,,false,,,,false
369cdb0d-a76b-455c-aecd-bd18d9fce3e1,CLI-0055,Kristjan,Sepp,kristjan.sepp54@example.com,+372 51001998,1977-05-17,,,,Tartu,FR,married,0,unemployed,Employer 4,4391.00,2451.66,hosted,mixed,B,active,,2026-05-30 13:40:16.08259+00,2026-05-30 13:40:16.08259+00,,73,,false,,,,false
36d90855-e509-4b27-ae5f-a197bc2bb6e9,CLI-1151,Julien,Susi,julien.susi1150@example.com,+372 51042550,1977-06-11,,,,Tartu,FR,single,0,cdi,Employer 6,4054.00,2121.92,tenant,incidents,D,active,,2026-05-30 13:40:16.416366+00,2026-05-30 13:40:16.416366+00,,34,,false,,,,false
36dda669-4c33-4204-93c5-c79c3c352d7b,CLI-1268,Mehdi,Nguyen,mehdi.nguyen1267@example.com,+372 51046879,1986-04-24,,,,Madrid,FR,single,1,student,Employer 4,1923.00,910.44,tenant,mixed,B,active,,2026-05-30 13:40:16.416366+00,2026-05-30 13:40:16.416366+00,,75,,false,,,,false
36efa88b-c1a0-4a31-bf4a-cb5d01ffb3de,CLI-1140,Andres,Muller,andres.muller1139@example.com,+372 51042143,1983-12-23,,,,Madrid,EE,single,0,retired,Employer 27,4773.00,2320.66,hosted,incidents,C,active,,2026-05-30 13:40:16.416366+00,2026-05-30 13:40:16.416366+00,,62,,false,,,,false
371c6a45-27f4-44c3-8eb0-eecc2284f4c4,CLI-0081,Nathan,Nguyen,nathan.nguyen80@example.com,+372 51002960,1993-08-06,,,,Tartu,EE,single,2,cdd,Employer 12,2405.00,1037.18,owner,excellent,A,active,,2026-05-30 13:40:16.08259+00,2026-05-30 13:40:16.08259+00,,80,,false,,,,false
3779484f-95f5-4f58-a7a9-577c88390a22,CLI-0549,Julien,Sokk,julien.sokk548@example.com,+372 51020276,1992-09-08,,,,Bruxelles,EE,married,2,cdd,Employer 24,4548.00,1630.48,tenant,good,A,active,,2026-05-30 13:40:16.308826+00,2026-05-30 13:40:16.308826+00,,89,,false,,,,false
37817a8f-8460-4cdd-8c82-104fca1c7b93,CLI-1310,Tiina,Tamm,tiina.tamm1309@example.com,+372 51048433,2004-12-09,,,,Bruxelles,EE,married,2,cdi,Employer 28,4273.00,1583.19,tenant,good,B,active,,2026-05-30 13:40:16.416366+00,2026-05-30 13:40:16.416366+00,,68,,false,,,,false
3840c70e-789d-4c70-81cb-970fa02708f6,CLI-0874,Dimitri,Lepik,dimitri.lepik873@example.com,+372 51032301,1979-12-19,,,,Madrid,EE,married,3,retired,Employer 30,2795.00,1636.88,tenant,excellent,A,active,,2026-05-30 13:40:16.308826+00,2026-05-30 13:40:16.308826+00,,81,,false,,,,false
3848db57-a78a-4369-a232-aaafe1d0fcf6,CLI-1295,Sophie,Nguyen,sophie.nguyen1294@example.com,+372 51047878,1966-08-26,,,,Bruxelles,EE,single,2,cdd,Employer 37,4136.00,1864.10,hosted,incidents,C,active,,2026-05-30 13:40:16.416366+00,2026-05-30 13:40:16.416366+00,,61,,false,,,,false
39223964-098e-466c-b00d-d2b00b439e55,CLI-0340,Marie,Muller,marie.muller339@example.com,+372 51012543,1992-01-04,,,,Tartu,FR,single,2,cdi,Employer 38,2223.00,1298.51,owner,good,A,active,,2026-05-30 13:40:16.08259+00,2026-05-30 13:40:16.08259+00,,96,,false,,,,false
3929e915-5c68-4b60-a2ec-1204dbb32be8,CLI-0305,Maria,Lille,maria.lille304@example.com,+372 51011248,1983-10-12,,,,Tartu,EE,married,1,cdi,Employer 40,4000.00,2379.30,tenant,excellent,A,active,,2026-05-30 13:40:16.08259+00,2026-05-30 13:40:16.08259+00,,88,,false,,,,false
3982033f-0308-42bc-87ad-00ace6477613,CLI-1192,Camille,Ivanov,camille.ivanov1191@example.com,+372 51044067,1984-06-01,,,,Bruxelles,EE,single,3,cdi,Employer 36,3618.00,1734.59,tenant,good,A,active,,2026-05-30 13:40:16.416366+00,2026-05-30 13:40:16.416366+00,,82,,false,,,,false
399fcfcb-243f-4533-8c88-1e2b31c15a5c,CLI-0737,Anna,Sepp,anna.sepp736@example.com,+372 51027232,1988-08-28,,,,Helsinki,EE,single,3,cdd,Employer 32,4278.00,1882.11,owner,incidents,C,active,,2026-05-30 13:40:16.308826+00,2026-05-30 13:40:16.308826+00,,48,,false,,,,false
39afb91c-db74-400b-abcd-7f249ab751ce,CLI-0240,Sophie,Sokk,sophie.sokk239@example.com,+372 51008843,1993-07-15,,,,Tartu,EE,married,2,freelance,Employer 16,2526.00,1275.84,hosted,excellent,A,active,,2026-05-30 13:40:16.08259+00,2026-05-30 13:40:16.08259+00,,94,,false,,,,false
39ba4337-037a-4fc5-9555-13277ad0dc80,CLI-0943,Camille,Raud,camille.raud942@example.com,+372 51034854,1985-01-11,,,,Paris,EE,married,0,cdi,Employer 6,2593.00,1379.88,hosted,mixed,B,active,,2026-05-30 13:40:16.308826+00,2026-05-30 13:40:16.308826+00,,72,,false,,,,false
39c26a06-b751-4915-b819-a4c2abed3104,CLI-0571,Karl,Rebane,karl.rebane570@example.com,+372 51021090,1991-05-17,,,,Geneve,EE,married,0,retired,Employer 12,4053.00,2251.44,hosted,excellent,A,active,,2026-05-30 13:40:16.308826+00,2026-05-30 13:40:16.308826+00,,95,,false,,,,false
39f2f716-bde9-4847-8ec4-6e800bc619ca,CLI-1263,Kristjan,Roussel,kristjan.roussel1262@example.com,+372 51046694,1980-07-06,,,,Tartu,EE,single,0,cdi,Employer 39,1482.00,530.17,tenant,good,B,active,,2026-05-30 13:40:16.416366+00,2026-05-30 13:40:16.416366+00,,68,,false,,,,false
3a0a0505-940e-4311-b43f-643a55633b08,CLI-0361,Maxime,Lemoine,maxime.lemoine360@example.com,+372 51013320,1982-05-07,,,,Parnu,EE,married,1,cdi,Employer 9,4152.00,2022.44,tenant,incidents,D,active,,2026-05-30 13:40:16.08259+00,2026-05-30 13:40:16.08259+00,,26,,false,,,,false
3a0f32b9-7d9a-4d33-badf-c8fe1e152b20,CLI-1274,Mart,Kangro,mart.kangro1273@example.com,+372 51047101,1986-06-05,,,,Parnu,FR,married,2,freelance,Employer 15,2811.00,1540.57,tenant,good,B,active,,2026-05-30 13:40:16.416366+00,2026-05-30 13:40:16.416366+00,,73,,false,,,,false
3a32e967-19b0-4754-b6ce-3603f443feff,CLI-0889,Tiina,Vaher,tiina.vaher888@example.com,+372 51032856,1995-04-26,,,,Lyon,EE,married,2,unemployed,Employer 2,2675.00,1520.08,hosted,incidents,D,active,,2026-05-30 13:40:16.308826+00,2026-05-30 13:40:16.308826+00,,30,,false,,,,false
3a3b8d4a-f5e5-4c9a-9cc8-b0ae6f1db971,CLI-1050,Jaan,Faure,jaan.faure1049@example.com,+372 51038813,1987-04-25,,,,Madrid,EE,married,1,freelance,Employer 31,1113.00,567.39,hosted,mixed,B,active,,2026-05-30 13:40:16.416366+00,2026-05-30 13:40:16.416366+00,,67,,false,,,,false
3ae0ff9a-18e9-4b88-a025-639626edc2ee,CLI-0940,Lea,Lemoine,lea.lemoine939@example.com,+372 51034743,1987-11-28,,,,Lyon,EE,married,3,cdd,Employer 7,3043.00,1377.99,tenant,incidents,D,active,,2026-05-30 13:40:16.308826+00,2026-05-30 13:40:16.308826+00,,39,,false,,,,false
3b289e15-498c-450b-8c29-660a9fa8bbb0,CLI-0190,Mart,Martin,mart.martin189@example.com,+372 51006993,1974-12-09,,,,Helsinki,EE,married,2,cdi,Employer 9,4945.00,2306.91,hosted,incidents,C,active,,2026-05-30 13:40:16.08259+00,2026-05-30 13:40:16.08259+00,,60,,false,,,,false
3b2981ae-a90b-4f48-879d-c4ee6f5fee2e,CLI-0306,Liis,Rebane,liis.rebane305@example.com,+372 51011285,1983-04-09,,,,Helsinki,EE,single,2,freelance,Employer 9,2255.00,953.51,hosted,mixed,B,active,,2026-05-30 13:40:16.08259+00,2026-05-30 13:40:16.08259+00,,66,,false,,,,false
3b3ae272-caca-406b-b169-d8e6a3b07b36,CLI-1002,Thomas,Sepp,thomas.sepp1001@example.com,+372 51037037,1985-09-21,,,,Helsinki,EE,married,1,retired,Employer 21,3349.00,1684.95,hosted,mixed,B,active,,2026-05-30 13:40:16.416366+00,2026-05-30 13:40:16.416366+00,,78,,false,,,,false
3b45198c-abd1-444d-809e-c7f6850ccb8d,CLI-1158,Eva,Lemoine,eva.lemoine1157@example.com,+372 51042809,1998-12-08,,,,Helsinki,EE,married,1,unemployed,Employer 4,4086.00,2132.24,owner,good,A,active,,2026-05-30 13:40:16.416366+00,2026-05-30 13:40:16.416366+00,,99,,false,,,,false
3b4745d1-174f-4f9b-9665-1791af23f6dd,CLI-0031,Tiina,Susi,tiina.susi30@example.com,+372 51001110,1993-11-17,,,,Helsinki,FR,single,1,unemployed,Employer 20,3384.00,1340.94,tenant,mixed,C,active,,2026-05-30 13:40:16.08259+00,2026-05-30 13:40:16.08259+00,,61,,false,,,,false
3b48bc9d-d30c-4e51-81fb-3e6796e0173f,CLI-0840,Chloe,Smirnov,chloe.smirnov839@example.com,+372 51031043,1974-12-14,,,,Lyon,FR,married,0,cdi,Employer 20,1473.00,735.44,owner,excellent,A,active,,2026-05-30 13:40:16.308826+00,2026-05-30 13:40:16.308826+00,,86,,false,,,,false
3b53a52c-8e0c-418a-b138-f5c56bc63d6f,CLI-0685,Sarah,Lepik,sarah.lepik684@example.com,+372 51025308,1999-11-24,,,,Tartu,EE,single,0,retired,Employer 15,2392.00,919.27,owner,incidents,C,active,,2026-05-30 13:40:16.308826+00,2026-05-30 13:40:16.308826+00,,59,,false,,,,false
3b7c04ec-3263-4e97-a752-cc9c381cf536,CLI-0705,Jaan,Rebane,jaan.rebane704@example.com,+372 51026048,1986-10-03,,,,Tallinn,FR,married,0,unemployed,Employer 20,5016.00,2087.17,owner,mixed,C,active,,2026-05-30 13:40:16.308826+00,2026-05-30 13:40:16.308826+00,,62,,false,,,,false
3bb6f016-adfb-4c34-9560-0fdade96bc2f,CLI-0082,Kevin,Muller,kevin.muller81@example.com,+372 51002997,1965-08-24,,,,Narva,EE,married,1,freelance,Employer 16,2185.00,1290.00,tenant,excellent,A,active,,2026-05-30 13:40:16.08259+00,2026-05-30 13:40:16.08259+00,,89,,false,,,,false
3c053c31-66cd-4540-a694-949834df80bf,CLI-0939,Kevin,Parn,kevin.parn938@example.com,+372 51034706,1985-07-10,,,,Madrid,EE,single,3,freelance,Employer 31,1263.00,508.22,owner,good,A,active,,2026-05-30 13:40:16.308826+00,2026-05-30 13:40:16.308826+00,,81,,false,,,,false
3c163367-abfe-403c-9529-2aab530a0b3f,CLI-1330,Antoine,Kask,antoine.kask1329@example.com,+372 51049173,2003-06-18,,,,Narva,FR,single,0,freelance,Employer 40,4122.00,2102.85,hosted,mixed,C,active,,2026-05-30 13:40:16.416366+00,2026-05-30 13:40:16.416366+00,,55,,false,,,,false
3cad0e75-012b-4326-81ca-ea7f1d2f136a,CLI-0186,Tonu,Lille,tonu.lille185@example.com,+372 51006845,1997-10-03,,,,Geneve,EE,married,1,cdi,Employer 18,3120.00,1745.60,hosted,good,A,active,,2026-05-30 13:40:16.08259+00,2026-05-30 13:40:16.08259+00,,81,,false,,,,false
3cc95db1-e8bc-4d55-96df-bf9d56c4391d,CLI-0699,Lucas,Aas,lucas.aas698@example.com,+372 51025826,1986-09-26,,,,Tartu,EE,single,1,retired,Employer 13,4366.00,2075.33,hosted,excellent,A,active,,2026-05-30 13:40:16.308826+00,2026-05-30 13:40:16.308826+00,,88,,false,,,,false
3d48100b-4767-4914-9f60-636a73fa922a,CLI-1315,Maria,Nguyen,maria.nguyen1314@example.com,+372 51048618,1975-11-16,,,,Helsinki,FR,married,1,freelance,Employer 21,4426.00,1697.75,tenant,incidents,D,active,,2026-05-30 13:40:16.416366+00,2026-05-30 13:40:16.416366+00,,24,,false,,,,false
3d53a2ea-6b69-44e0-89be-35d24e44e456,CLI-0112,Mehdi,Rebane,mehdi.rebane111@example.com,+372 51004107,1982-10-26,,,,Tartu,EE,single,3,cdi,Employer 30,1396.00,744.34,tenant,good,A,active,,2026-05-30 13:40:16.08259+00,2026-05-30 13:40:16.08259+00,,91,,false,,,,false
3da6d72f-fae5-48f1-be7d-d4667e0f2865,CLI-1175,Camille,Saar,camille.saar1174@example.com,+372 51043438,1985-12-13,,,,Paris,EE,single,3,retired,Employer 37,2775.00,1393.88,owner,good,A,active,,2026-05-30 13:40:16.416366+00,2026-05-30 13:40:16.416366+00,,99,,false,,,,false
3dbeae00-4c97-451c-b8bf-63c27f41d873,CLI-0989,Thomas,Raud,thomas.raud988@example.com,+372 51036556,1967-02-24,,,,Parnu,FR,married,2,cdd,Employer 13,1188.00,507.18,tenant,incidents,C,active,,2026-05-30 13:40:16.308826+00,2026-05-30 13:40:16.308826+00,,48,,false,,,,false
3dd6e7f2-0096-46d8-a34d-ad840bcc847c,CLI-0576,Clara,Garcia,clara.garcia575@example.com,+372 51021275,2000-05-14,,,,Tartu,EE,single,1,cdd,Employer 10,3015.00,1680.20,owner,incidents,D,active,,2026-05-30 13:40:16.308826+00,2026-05-30 13:40:16.308826+00,,31,,false,,,,false
3e1b1060-74cd-4acc-a8d3-a91a9fef7500,CLI-0131,Sarah,Lille,sarah.lille130@example.com,+372 51004810,1981-01-09,,,,Lyon,EE,married,0,cdd,Employer 33,2595.00,1467.30,owner,incidents,C,active,,2026-05-30 13:40:16.08259+00,2026-05-30 13:40:16.08259+00,,60,,false,,,,false
3e5d0cdf-e30d-4af8-9a99-4b88bc6f6122,CLI-0407,Dimitri,Lemoine,dimitri.lemoine406@example.com,+372 51015022,2004-12-28,,,,Narva,EE,married,2,cdi,Employer 39,5045.00,2151.34,tenant,excellent,A,active,,2026-05-30 13:40:16.08259+00,2026-05-30 13:40:16.08259+00,,81,,false,,,,false
3e67a3b5-33f6-4d8b-bde2-29d5537e9015,CLI-0611,Tonu,Oja,tonu.oja610@example.com,+372 51022570,1992-03-08,,,,Parnu,EE,married,3,unemployed,Employer 24,2737.00,1028.68,tenant,good,B,active,,2026-05-30 13:40:16.308826+00,2026-05-30 13:40:16.308826+00,,73,,false,,,,false
3e9db8a0-d7e3-417c-9ace-a9e8d9119489,CLI-0946,Sophie,Mets,sophie.mets945@example.com,+372 51034965,1994-02-08,,,,Madrid,EE,single,0,cdi,Employer 13,3809.00,1432.06,tenant,incidents,C,active,,2026-05-30 13:40:16.308826+00,2026-05-30 13:40:16.308826+00,,48,,false,,,,false
3e9ec09d-773c-4bb0-b02c-6e92515d759f,CLI-1195,Kristjan,Carre,kristjan.carre1194@example.com,+372 51044178,1988-07-07,,,,Geneve,FR,married,3,retired,Employer 38,3414.00,1547.67,tenant,good,A,active,,2026-05-30 13:40:16.416366+00,2026-05-30 13:40:16.416366+00,,98,,false,,,,false
3eb4d95a-e877-41b8-a1bb-ef1ff91fb810,CLI-0224,Piret,Kask,piret.kask223@example.com,+372 51008251,2003-09-22,,,,Narva,EE,married,0,unemployed,Employer 3,3179.00,1888.55,tenant,mixed,B,active,,2026-05-30 13:40:16.08259+00,2026-05-30 13:40:16.08259+00,,67,,false,,,,false
3eb87c4d-61fe-4c43-ba6b-0cc3b3f13d89,CLI-1246,Lucas,Lemoine,lucas.lemoine1245@example.com,+372 51046065,1986-04-10,,,,Lyon,EE,single,3,unemployed,Employer 2,1271.00,573.82,tenant,mixed,C,active,,2026-05-30 13:40:16.416366+00,2026-05-30 13:40:16.416366+00,,48,,false,,,,false
3efaba86-6ddd-472a-be2d-995cfd0a68c0,CLI-0034,Jaan,Lemoine,jaan.lemoine33@example.com,+372 51001221,2000-06-21,,,,Tallinn,EE,married,2,retired,Employer 13,1190.00,574.34,tenant,mixed,C,active,,2026-05-30 13:40:16.08259+00,2026-05-30 13:40:16.08259+00,,63,,false,,,,false
3f5258fd-8ac4-4681-a6d8-bb8120ef85aa,CLI-0454,Kadri,Raud,kadri.raud453@example.com,+372 51016761,1985-04-18,,,,Narva,EE,married,2,retired,Employer 13,4142.00,2427.32,tenant,good,A,active,,2026-05-30 13:40:16.08259+00,2026-05-30 13:40:16.08259+00,,94,,false,,,,false
3f59821c-098b-47ac-b9a7-acbcc9820c38,CLI-0844,Kevin,Org,kevin.org843@example.com,+372 51031191,1968-06-19,,,,Lyon,FR,married,0,freelance,Employer 2,4025.00,1740.57,hosted,good,A,active,,2026-05-30 13:40:16.308826+00,2026-05-30 13:40:16.308826+00,,95,,false,,,,false
3fe5b427-4986-43a0-ab74-5aec81cc0eb2,CLI-0778,Alex,Roussel,alex.roussel777@example.com,+372 51028749,2004-11-15,,,,Geneve,FR,single,0,cdi,Employer 33,3508.00,1910.05,owner,good,B,active,,2026-05-30 13:40:16.308826+00,2026-05-30 13:40:16.308826+00,,71,,false,,,,false
4020077c-1cc0-462f-9f0c-4e8da0329775,CLI-1286,Marko,Magi,marko.magi1285@example.com,+372 51047545,1972-08-21,,,,Paris,EE,married,1,student,Employer 13,1379.00,687.05,hosted,incidents,C,active,,2026-05-30 13:40:16.416366+00,2026-05-30 13:40:16.416366+00,,58,,false,,,,false
40410c2e-d987-4fb2-8fcf-e432f7789b5e,CLI-0876,Hugo,Aas,hugo.aas875@example.com,+372 51032375,1966-05-14,,,,Helsinki,FR,single,1,cdd,Employer 33,1558.00,810.48,tenant,excellent,A,active,,2026-05-30 13:40:16.308826+00,2026-05-30 13:40:16.308826+00,,87,,false,,,,false
4049c008-3cdd-4f59-bc0e-299883f26a70,CLI-0157,Kadri,Ivanov,kadri.ivanov156@example.com,+372 51005772,2002-06-05,,,,Bruxelles,EE,single,2,cdi,Employer 3,4360.00,2507.27,tenant,incidents,C,active,,2026-05-30 13:40:16.08259+00,2026-05-30 13:40:16.08259+00,,47,,false,,,,false
408c224d-39db-4386-b584-6b4ac6327e1d,CLI-0339,Kristjan,Martin,kristjan.martin338@example.com,+372 51012506,1999-11-22,,,,Tartu,EE,single,0,freelance,Employer 7,2383.00,1051.18,tenant,mixed,B,active,,2026-05-30 13:40:16.08259+00,2026-05-30 13:40:16.08259+00,,72,,false,,,,false
40af65ae-c891-4b60-8b22-a9d041bb5a93,CLI-1074,Dimitri,Bernard,dimitri.bernard1073@example.com,+372 51039701,1992-06-27,,,,Madrid,EE,married,3,unemployed,Employer 13,4690.00,2421.04,tenant,good,B,active,,2026-05-30 13:40:16.416366+00,2026-05-30 13:40:16.416366+00,,68,,false,,,,false
4141ef79-6200-4ab5-b867-ab3d19e5be9a,CLI-0037,Julien,Lopez,julien.lopez36@example.com,+372 51001332,1985-06-24,,,,Tartu,EE,single,2,cdi,Employer 2,2381.00,1420.74,tenant,good,A,active,,2026-05-30 13:40:16.08259+00,2026-05-30 13:40:16.08259+00,,88,,false,,,,false
415ac7a1-6e6b-48e8-bf22-f3bd5021860a,CLI-0803,Laura,Kask,laura.kask802@example.com,+372 51029674,1991-09-14,,,,Tartu,FR,married,1,retired,Employer 9,5157.00,2235.65,hosted,mixed,C,active,,2026-05-30 13:40:16.308826+00,2026-05-30 13:40:16.308826+00,,61,,false,,,,false
4172012d-6186-4fc8-8651-2738aebefeb9,CLI-0535,Nathan,Sepp,nathan.sepp534@example.com,+372 51019758,2002-12-06,,,,Paris,FR,single,0,cdd,Employer 11,4750.00,2470.07,hosted,good,A,active,,2026-05-30 13:40:16.308826+00,2026-05-30 13:40:16.308826+00,,96,,false,,,,false
4173cf11-bf43-429a-8214-384fd336cfa2,CLI-1257,Emma,Tamm,emma.tamm1256@example.com,+372 51046472,1980-11-09,,,,Geneve,EE,married,3,cdi,Employer 16,2007.00,722.84,tenant,excellent,A,active,,2026-05-30 13:40:16.416366+00,2026-05-30 13:40:16.416366+00,,84,,false,,,,false
421bfe08-0901-4026-a6a0-4c2ee96162d1,CLI-0281,Alex,Aas,alex.aas280@example.com,+372 51010360,1981-03-24,,,,Helsinki,FR,single,2,student,Employer 17,3005.00,1749.44,owner,incidents,D,active,,2026-05-30 13:40:16.08259+00,2026-05-30 13:40:16.08259+00,,32,,false,,,,false
42407320-7e2c-40fb-baea-3df641f654a6,CLI-1107,Hugo,Lemoine,hugo.lemoine1106@example.com,+372 51040922,1983-03-03,,,,Parnu,EE,married,3,cdi,Employer 14,5066.00,2648.20,tenant,good,A,active,,2026-05-30 13:40:16.416366+00,2026-05-30 13:40:16.416366+00,,98,,false,,,,false
4248087d-b036-4d57-8d76-31b25382f1cf,CLI-1030,Liis,Toom,liis.toom1029@example.com,+372 51038073,1987-05-20,,,,Bruxelles,EE,single,3,cdi,Employer 12,1524.00,678.83,tenant,good,A,active,,2026-05-30 13:40:16.416366+00,2026-05-30 13:40:16.416366+00,,85,,false,,,,false
42676421-af40-478c-890b-e4c56b264c11,CLI-1248,Piret,Raud,piret.raud1247@example.com,+372 51046139,1983-09-23,,,,Tartu,EE,married,1,cdd,Employer 8,1331.00,765.28,hosted,mixed,B,active,,2026-05-30 13:40:16.416366+00,2026-05-30 13:40:16.416366+00,,70,,false,,,,false
4268309b-058a-47db-8033-9ae147d8e438,CLI-0560,Pauline,Carre,pauline.carre559@example.com,+372 51020683,1998-09-27,,,,Tallinn,EE,single,3,freelance,Employer 16,4041.00,2114.05,owner,good,A,active,,2026-05-30 13:40:16.308826+00,2026-05-30 13:40:16.308826+00,,87,,false,,,,false
4280ac00-71d2-48ef-b7ad-ab5a788d8816,CLI-0757,Anna,Sepp,anna.sepp756@example.com,+372 51027972,1997-06-14,,,,Helsinki,FR,single,1,unemployed,Employer 3,4370.00,2468.29,tenant,mixed,B,active,,2026-05-30 13:40:16.308826+00,2026-05-30 13:40:16.308826+00,,67,,false,,,,false
4287521b-2674-4e3d-ad05-deed9b56b034,CLI-0041,Eva,Oja,eva.oja40@example.com,+372 51001480,1998-10-27,,,,Tallinn,FR,married,0,freelance,Employer 27,4423.00,2486.08,tenant,good,B,active,,2026-05-30 13:40:16.08259+00,2026-05-30 13:40:16.08259+00,,75,,false,,,,false
428f7203-5312-474a-8f10-76743a776395,CLI-1204,Julien,Toom,julien.toom1203@example.com,+372 51044511,1969-06-25,,,,Narva,EE,single,0,cdi,Employer 21,3620.00,2083.13,hosted,mixed,C,active,,2026-05-30 13:40:16.416366+00,2026-05-30 13:40:16.416366+00,,58,,false,,,,false
429b61e1-86c9-4eff-8115-a0765b571944,CLI-0056,Mehdi,Kask,mehdi.kask55@example.com,+372 51002035,1997-11-08,,,,Tallinn,FR,single,1,freelance,Employer 40,4173.00,2477.90,tenant,mixed,B,active,,2026-05-30 13:40:16.08259+00,2026-05-30 13:40:16.08259+00,,70,,false,,,,false
42bd2fff-7716-4c30-882f-b661a6282d7d,CLI-0945,Jaan,Vaher,jaan.vaher944@example.com,+372 51034928,2003-09-02,,,,Lyon,EE,single,2,freelance,Employer 22,4020.00,2227.19,tenant,excellent,A,active,,2026-05-30 13:40:16.308826+00,2026-05-30 13:40:16.308826+00,,99,,false,,,,false
430bf25f-fd26-4539-8741-d1af1d5c4d8d,CLI-1060,Eva,Saar,eva.saar1059@example.com,+372 51039183,1982-11-25,,,,Parnu,EE,single,0,unemployed,Employer 28,2623.00,1028.49,tenant,good,B,active,,2026-05-30 13:40:16.416366+00,2026-05-30 13:40:16.416366+00,,77,,false,,,,false
43c32688-2a4b-4438-b14d-401972960c5d,CLI-0883,Julien,Kukk,julien.kukk882@example.com,+372 51032634,1976-05-02,,,,Tallinn,FR,married,1,student,Employer 1,5143.00,2730.38,owner,good,A,active,,2026-05-30 13:40:16.308826+00,2026-05-30 13:40:16.308826+00,,88,,false,,,,false
44057867-5591-4c82-a65c-a3cde2c1cfe8,CLI-0356,Tiina,Parn,tiina.parn355@example.com,+372 51013135,1989-04-12,,,,Tartu,EE,married,1,cdi,Employer 26,4450.00,1654.35,owner,good,B,active,,2026-05-30 13:40:16.08259+00,2026-05-30 13:40:16.08259+00,,75,,false,,,,false
445afd8a-81be-43c3-a975-8dd10918b737,CLI-1034,Marie,Petit,marie.petit1033@example.com,+372 51038221,1999-11-02,,,,Paris,FR,married,2,unemployed,Employer 2,4119.00,1978.06,tenant,good,B,active,,2026-05-30 13:40:16.416366+00,2026-05-30 13:40:16.416366+00,,76,,false,,,,false
445ed3e7-8efe-4c81-8351-6b40867301b3,CLI-1044,Sophie,Mets,sophie.mets1043@example.com,+372 51038591,1975-07-28,,,,Bruxelles,FR,married,3,freelance,Employer 15,4210.00,2132.53,tenant,incidents,C,active,,2026-05-30 13:40:16.416366+00,2026-05-30 13:40:16.416366+00,,57,,false,,,,false
44660356-58ec-423c-bd70-9c5377234f86,CLI-0756,Eva,Sokk,eva.sokk755@example.com,+372 51027935,1991-06-10,,,,Paris,EE,married,0,cdd,Employer 35,4526.00,2498.33,owner,good,A,active,,2026-05-30 13:40:16.308826+00,2026-05-30 13:40:16.308826+00,,84,,false,,,,false
447f4dbf-8f8c-4bff-b9a8-265251fafdf9,CLI-1352,Camille,Ivanov,camille.ivanov1351@example.com,+372 51049987,1988-04-07,,,,Narva,FR,single,3,cdi,Employer 26,4700.00,2377.58,owner,incidents,D,active,,2026-05-30 13:40:16.416366+00,2026-05-30 13:40:16.416366+00,,44,,false,,,,false
44ea36ce-c3b2-45d4-ab8a-3a3780cd9de3,CLI-0156,Camille,Vaino,camille.vaino155@example.com,+372 51005735,1985-01-23,,,,Geneve,EE,married,1,cdd,Employer 18,1591.00,953.35,owner,incidents,C,active,,2026-05-30 13:40:16.08259+00,2026-05-30 13:40:16.08259+00,,64,,false,,,,false
4577e90a-92e5-4365-9ae2-111f50221032,CLI-0308,Sarah,Sokk,sarah.sokk307@example.com,+372 51011359,1986-04-02,,,,Geneve,EE,single,3,freelance,Employer 8,4930.00,2622.89,tenant,incidents,C,active,,2026-05-30 13:40:16.08259+00,2026-05-30 13:40:16.08259+00,,58,,false,,,,false
45bc2acf-febd-44dc-a7e9-ef8513adb390,CLI-0363,Mehdi,Kallas,mehdi.kallas362@example.com,+372 51013394,2003-08-27,,,,Parnu,FR,single,3,freelance,Employer 39,1961.00,951.55,hosted,good,A,active,,2026-05-30 13:40:16.08259+00,2026-05-30 13:40:16.08259+00,,86,,false,,,,false
45c9d9b7-e091-428a-9e7e-25ecaf6bd552,CLI-0533,Lucas,Muller,lucas.muller532@example.com,+372 51019684,1978-10-14,,,,Helsinki,EE,married,2,retired,Employer 3,2138.00,875.07,tenant,incidents,C,active,,2026-05-30 13:40:16.308826+00,2026-05-30 13:40:16.308826+00,,64,,false,,,,false
45cd2bfd-3d41-47c6-a2f6-257a009452b0,CLI-0584,Manon,Tamm,manon.tamm583@example.com,+372 51021571,1979-02-02,,,,Paris,EE,married,2,cdi,Employer 29,3474.00,1348.24,tenant,good,A,active,,2026-05-30 13:40:16.308826+00,2026-05-30 13:40:16.308826+00,,97,,false,,,,false
465e551a-df5c-4fea-b2ea-99f21ec1983a,CLI-0377,Romain,Lepik,romain.lepik376@example.com,+372 51013912,1977-12-18,,,,Tallinn,EE,married,1,freelance,Employer 27,2878.00,1631.23,hosted,mixed,C,active,,2026-05-30 13:40:16.08259+00,2026-05-30 13:40:16.08259+00,,56,,false,,,,false
46a44c39-d02a-4eb7-a079-b7f38b316610,CLI-1172,Emma,Toom,emma.toom1171@example.com,+372 51043327,1968-08-22,,,,Parnu,EE,married,2,cdi,Employer 21,4141.00,2311.22,hosted,mixed,B,active,,2026-05-30 13:40:16.416366+00,2026-05-30 13:40:16.416366+00,,67,,false,,,,false
4701194d-76a3-4798-ae46-87b2380893bb,CLI-0029,Nathan,Rebane,nathan.rebane28@example.com,+372 51001036,2000-11-28,,,,Lyon,FR,single,0,cdi,Employer 15,4698.00,2176.50,hosted,mixed,C,active,,2026-05-30 13:40:16.08259+00,2026-05-30 13:40:16.08259+00,,64,,false,,,,false
4749f3de-97e7-4700-a07c-01909f61c0de,CLI-0364,Antoine,Kangro,antoine.kangro363@example.com,+372 51013431,1994-05-27,,,,Narva,EE,married,0,cdd,Employer 23,2350.00,1343.37,owner,mixed,C,active,,2026-05-30 13:40:16.08259+00,2026-05-30 13:40:16.08259+00,,48,,false,,,,false
4784c67d-bf1f-42b7-875e-25fa4c89c676,CLI-1280,Liis,Bernard,liis.bernard1279@example.com,+372 51047323,1990-09-18,,,,Paris,FR,married,2,retired,Employer 9,1687.00,897.93,tenant,incidents,D,active,,2026-05-30 13:40:16.416366+00,2026-05-30 13:40:16.416366+00,,36,,false,,,,false
478809a3-8e17-4edd-8804-2b1472025bfd,CLI-0928,Tonu,Nguyen,tonu.nguyen927@example.com,+372 51034299,1971-09-28,,,,Tallinn,EE,married,2,student,Employer 26,4287.00,1540.79,hosted,good,A,active,,2026-05-30 13:40:16.308826+00,2026-05-30 13:40:16.308826+00,,80,,false,,,,false
47c17988-05f2-41b2-94c5-408848a9b733,CLI-1237,Dimitri,Sokk,dimitri.sokk1236@example.com,+372 51045732,1991-01-03,,,,Narva,EE,single,3,cdi,Employer 1,2638.00,1104.47,hosted,mixed,B,active,,2026-05-30 13:40:16.416366+00,2026-05-30 13:40:16.416366+00,,73,,false,,,,false
481f72fa-1e8c-4c7f-91cd-5681723fefb3,CLI-0556,Tiina,Rebane,tiina.rebane555@example.com,+372 51020535,1999-05-19,,,,Helsinki,EE,single,0,unemployed,Employer 29,2523.00,940.88,tenant,good,A,active,,2026-05-30 13:40:16.308826+00,2026-05-30 13:40:16.308826+00,,81,,false,,,,false
4823a0b2-e394-47ca-bdd8-28f11dd90bfb,CLI-0499,Jaan,Kangro,jaan.kangro498@example.com,+372 51018426,1975-01-21,,,,Bruxelles,EE,single,3,unemployed,Employer 17,2392.00,1367.25,tenant,excellent,A,active,,2026-05-30 13:40:16.08259+00,2026-05-30 13:40:16.08259+00,,84,,false,,,,false
4835ff6f-5e5a-4ea0-b24c-c9c4cf32e94a,CLI-0289,Antoine,Susi,antoine.susi288@example.com,+372 51010656,1993-06-14,,,,Narva,EE,single,3,freelance,Employer 40,5086.00,1949.92,owner,incidents,C,active,,2026-05-30 13:40:16.08259+00,2026-05-30 13:40:16.08259+00,,53,,false,,,,false
485b2ce4-59d2-4f62-9386-b8e20412f603,CLI-0293,Marko,Roussel,marko.roussel292@example.com,+372 51010804,1971-12-27,,,,Paris,EE,married,0,cdi,Employer 32,2893.00,1511.05,tenant,mixed,B,active,,2026-05-30 13:40:16.08259+00,2026-05-30 13:40:16.08259+00,,77,,false,,,,false
489abe70-c319-4039-b792-238c7412272e,CLI-0059,Jaan,Sokk,jaan.sokk58@example.com,+372 51002146,1968-03-27,,,,Helsinki,EE,single,3,cdi,Employer 40,2744.00,1548.38,hosted,good,A,active,,2026-05-30 13:40:16.08259+00,2026-05-30 13:40:16.08259+00,,86,,false,,,,false
49059e96-8ff6-4a63-a22d-c95c35e373ed,CLI-1222,Sarah,Lemoine,sarah.lemoine1221@example.com,+372 51045177,1972-12-02,,,,Narva,EE,married,0,cdi,Employer 14,2446.00,1306.26,hosted,excellent,A,active,,2026-05-30 13:40:16.416366+00,2026-05-30 13:40:16.416366+00,,88,,false,,,,false
491c1f7d-38ae-4352-aa37-4dde8c25e9e4,CLI-0875,Pauline,Vaher,pauline.vaher874@example.com,+372 51032338,1989-07-20,,,,Lyon,FR,married,3,student,Employer 21,2874.00,1449.53,tenant,good,A,active,,2026-05-30 13:40:16.308826+00,2026-05-30 13:40:16.308826+00,,81,,false,,,,false
49294946-9dcb-4477-aa38-a04981991a9b,CLI-1231,Antoine,Nguyen,antoine.nguyen1230@example.com,+372 51045510,1972-10-02,,,,Bruxelles,FR,married,3,cdi,Employer 2,1607.00,605.74,tenant,incidents,C,active,,2026-05-30 13:40:16.416366+00,2026-05-30 13:40:16.416366+00,,54,,false,,,,false
492a7024-5703-4eff-b2c1-eac2b76fa271,CLI-0438,Kristjan,Aas,kristjan.aas437@example.com,+372 51016169,1988-10-09,,,,Paris,FR,single,2,unemployed,Employer 27,1198.00,515.60,tenant,mixed,C,active,,2026-05-30 13:40:16.08259+00,2026-05-30 13:40:16.08259+00,,49,,false,,,,false
49649063-4a35-4dbe-8897-eae15980453e,CLI-0958,Hugo,Smirnov,hugo.smirnov957@example.com,+372 51035409,1976-05-01,,,,Narva,FR,married,0,cdd,Employer 3,1891.00,927.45,tenant,good,B,active,,2026-05-30 13:40:16.308826+00,2026-05-30 13:40:16.308826+00,,67,,false,,,,false
49680a8d-f7e7-4fb0-93f4-2a681dfce6a9,CLI-0173,Clara,Kangro,clara.kangro172@example.com,+372 51006364,1978-11-10,,,,Tartu,EE,single,0,freelance,Employer 40,3351.00,1783.50,tenant,incidents,C,active,,2026-05-30 13:40:16.08259+00,2026-05-30 13:40:16.08259+00,,63,,false,,,,false
49af21ac-96ba-4c37-b589-df643d8e50dd,CLI-0001,Kristjan,Martin,kristjan.martin0@example.com,+372 51000000,1976-09-05,,,,Paris,EE,married,0,freelance,Employer 12,3470.00,2064.88,owner,incidents,C,active,,2026-05-30 13:40:16.08259+00,2026-05-30 13:40:16.08259+00,,59,,false,,,,false
49ca3c24-8b71-4833-82ff-7c4159bb1e5e,CLI-1042,Kadri,Parn,kadri.parn1041@example.com,+372 51038517,2001-11-19,,,,Madrid,EE,single,3,student,Employer 39,1780.00,918.12,hosted,incidents,D,active,,2026-05-30 13:40:16.416366+00,2026-05-30 13:40:16.416366+00,,35,,false,,,,false
49ff1a5c-82ba-468f-bbcb-b2af349a6d6c,CLI-0605,Dimitri,Kallas,dimitri.kallas604@example.com,+372 51022348,2003-09-16,,,,Geneve,EE,married,0,cdi,Employer 2,1334.00,670.18,tenant,excellent,A,active,,2026-05-30 13:40:16.308826+00,2026-05-30 13:40:16.308826+00,,82,,false,,,,false
4a7984f4-7bcd-48c7-a27f-ffda91d884a8,CLI-0166,Lea,Roussel,lea.roussel165@example.com,+372 51006105,2002-12-27,,,,Parnu,EE,married,1,cdi,Employer 22,3724.00,1684.87,owner,excellent,A,active,,2026-05-30 13:40:16.08259+00,2026-05-30 13:40:16.08259+00,,83,,false,,,,false
4af05f8b-b541-4765-b578-d2b5843fffcc,CLI-0866,Yann,Lille,yann.lille865@example.com,+372 51032005,1999-06-27,,,,Helsinki,FR,married,2,cdi,Employer 23,1561.00,855.70,owner,incidents,D,active,,2026-05-30 13:40:16.308826+00,2026-05-30 13:40:16.308826+00,,35,,false,,,,false
4b2d1beb-0a26-4424-8c68-2f26876aff11,CLI-1165,Camille,Oja,camille.oja1164@example.com,+372 51043068,1978-01-25,,,,Paris,EE,single,0,retired,Employer 22,1525.00,540.63,owner,good,B,active,,2026-05-30 13:40:16.416366+00,2026-05-30 13:40:16.416366+00,,72,,false,,,,false
4b359ba6-5aca-4725-b592-c0d4f9cdb09c,CLI-0966,Eva,Parn,eva.parn965@example.com,+372 51035705,1989-11-02,,,,Narva,EE,single,3,unemployed,Employer 28,1823.00,979.29,owner,incidents,D,active,,2026-05-30 13:40:16.308826+00,2026-05-30 13:40:16.308826+00,,33,,false,,,,false
4bfdae8b-7cff-44d8-8fad-04788391a109,CLI-0206,Romain,Sepp,romain.sepp205@example.com,+372 51007585,1999-09-16,,,,Lyon,EE,married,0,retired,Employer 40,4639.00,2726.34,hosted,good,A,active,,2026-05-30 13:40:16.08259+00,2026-05-30 13:40:16.08259+00,,90,,false,,,,false
4c0f2c74-abea-4f8c-8864-42c6342857e6,CLI-1308,Manon,Ivanov,manon.ivanov1307@example.com,+372 51048359,1987-02-17,,,,Madrid,FR,single,0,cdi,Employer 30,4631.00,2299.74,owner,mixed,C,active,,2026-05-30 13:40:16.416366+00,2026-05-30 13:40:16.416366+00,,45,,false,,,,false
4ca7f4fe-0a64-41e5-b387-55fb5a076605,CLI-0272,Andres,Lemoine,andres.lemoine271@example.com,+372 51010027,1978-02-14,,,,Lyon,EE,single,1,cdi,Employer 1,4170.00,2411.75,tenant,incidents,D,active,,2026-05-30 13:40:16.08259+00,2026-05-30 13:40:16.08259+00,,36,,false,,,,false
4cfa17d2-f40b-439b-a562-6a204a0e2dd6,CLI-0861,Dimitri,Oja,dimitri.oja860@example.com,+372 51031820,1976-08-07,,,,Madrid,FR,single,0,cdi,Employer 27,1650.00,904.52,owner,good,B,active,,2026-05-30 13:40:16.308826+00,2026-05-30 13:40:16.308826+00,,73,,false,,,,false
4d45aaa6-f5bd-47c1-b620-3f2b633a487f,CLI-0833,Julien,Roussel,julien.roussel832@example.com,+372 51030784,2001-01-13,,,,Geneve,FR,married,2,student,Employer 10,2683.00,1498.37,hosted,incidents,D,active,,2026-05-30 13:40:16.308826+00,2026-05-30 13:40:16.308826+00,,31,,false,,,,false
4d4e7109-3487-47fe-a50a-8183b471cfa7,CLI-0970,Chloe,Org,chloe.org969@example.com,+372 51035853,1974-03-18,,,,Paris,EE,single,2,student,Employer 2,4127.00,1544.52,owner,incidents,D,active,,2026-05-30 13:40:16.308826+00,2026-05-30 13:40:16.308826+00,,22,,false,,,,false
4d76041f-8c32-4a96-b1ed-d1a07366b800,CLI-0602,Laura,Carre,laura.carre601@example.com,+372 51022237,1970-06-04,,,,Lyon,FR,married,3,retired,Employer 11,4000.00,2102.07,owner,excellent,A,active,,2026-05-30 13:40:16.308826+00,2026-05-30 13:40:16.308826+00,,83,,false,,,,false
4d7d9b4a-0c62-4fc0-8f71-64e8f079e376,CLI-0057,Laura,Sepp,laura.sepp56@example.com,+372 51002072,1991-01-09,,,,Tartu,EE,single,1,freelance,Employer 15,1237.00,624.52,tenant,incidents,D,active,,2026-05-30 13:40:16.08259+00,2026-05-30 13:40:16.08259+00,,26,,false,,,,false
4d92400f-6fe8-450b-a49c-ff00c740e58f,CLI-0021,Manon,Raud,manon.raud20@example.com,+372 51000740,1996-01-03,,,,Madrid,EE,married,3,cdi,Employer 33,3669.00,1826.75,owner,incidents,C,active,,2026-05-30 13:40:16.08259+00,2026-05-30 13:40:16.08259+00,,55,,false,,,,false
4db85d4a-4a1b-4eb8-8526-79e95dfe4714,CLI-1225,Piret,Toom,piret.toom1224@example.com,+372 51045288,1977-04-09,,,,Tallinn,FR,married,3,retired,Employer 24,4363.00,2389.31,tenant,incidents,D,active,,2026-05-30 13:40:16.416366+00,2026-05-30 13:40:16.416366+00,,37,,false,,,,false
4dda27a7-683a-49a9-880c-4a221e33d4bf,CLI-0624,Romain,Dubois,romain.dubois623@example.com,+372 51023051,1978-04-17,,,,Parnu,EE,single,1,cdd,Employer 21,4103.00,2299.18,hosted,excellent,A,active,,2026-05-30 13:40:16.308826+00,2026-05-30 13:40:16.308826+00,,99,,false,,,,false
4de274a0-f5d2-4b6f-972a-2c58fa58d905,CLI-0772,Andres,Rebane,andres.rebane771@example.com,+372 51028527,1973-05-05,,,,Bruxelles,EE,married,2,retired,Employer 15,4109.00,2174.59,hosted,good,A,active,,2026-05-30 13:40:16.308826+00,2026-05-30 13:40:16.308826+00,,83,,false,,,,false
4df5903c-715e-4c05-aa67-cbc97485ab26,CLI-0693,Tiina,Dubois,tiina.dubois692@example.com,+372 51025604,1994-09-05,,,,Madrid,FR,married,2,unemployed,Employer 36,1344.00,611.18,tenant,good,A,active,,2026-05-30 13:40:16.308826+00,2026-05-30 13:40:16.308826+00,,84,,false,,,,false
4e05a5a3-7078-4c60-931b-dbeaee07b3bd,CLI-0232,Mehdi,Bernard,mehdi.bernard231@example.com,+372 51008547,1976-09-13,,,,Paris,FR,single,3,retired,Employer 20,4826.00,2885.14,tenant,good,A,active,,2026-05-30 13:40:16.08259+00,2026-05-30 13:40:16.08259+00,,93,,false,,,,false
4e3c8d0b-703c-45e9-8a9c-8d5059226d6c,CLI-0210,Rasmus,Vidal,rasmus.vidal209@example.com,+372 51007733,1996-06-15,,,,Bruxelles,EE,single,0,unemployed,Employer 16,2402.00,863.41,owner,incidents,C,active,,2026-05-30 13:40:16.08259+00,2026-05-30 13:40:16.08259+00,,59,,false,,,,false
4eaede1c-83f1-443e-a169-56237bc0a67e,CLI-0261,Romain,Mets,romain.mets260@example.com,+372 51009620,1965-11-02,,,,Lyon,EE,single,1,freelance,Employer 8,2760.00,1310.18,tenant,good,A,active,,2026-05-30 13:40:16.08259+00,2026-05-30 13:40:16.08259+00,,96,,false,,,,false
4eced0a6-2acd-4c5c-ac1e-c64e5b67b446,CLI-0283,Ines,Koppel,ines.koppel282@example.com,+372 51010434,1982-09-10,,,,Bruxelles,EE,married,3,student,Employer 12,2380.00,1314.32,tenant,good,A,active,,2026-05-30 13:40:16.08259+00,2026-05-30 13:40:16.08259+00,,93,,false,,,,false
4ee6deff-6308-42bb-a8be-8ef0d598fe7a,CLI-0237,Anna,Lille,anna.lille236@example.com,+372 51008732,2001-08-14,,,,Lyon,EE,married,2,student,Employer 14,2935.00,1321.93,hosted,good,A,active,,2026-05-30 13:40:16.08259+00,2026-05-30 13:40:16.08259+00,,94,,false,,,,false
4ee7bc22-e764-474f-afd0-56352d25729a,CLI-0662,Eva,Toom,eva.toom661@example.com,+372 51024457,1991-06-07,,,,Narva,EE,married,0,unemployed,Employer 30,4785.00,2215.47,owner,excellent,A,active,,2026-05-30 13:40:16.308826+00,2026-05-30 13:40:16.308826+00,,92,,false,,,,false
4f19f474-acdd-4e60-af70-a2930f95295c,CLI-0863,Anna,Tamm,anna.tamm862@example.com,+372 51031894,1982-04-23,,,,Narva,EE,single,2,unemployed,Employer 39,4751.00,2501.96,tenant,good,A,active,,2026-05-30 13:40:16.308826+00,2026-05-30 13:40:16.308826+00,,98,,false,,,,false
4fb65e77-9207-4b21-b031-3f670691f818,CLI-1033,Emma,Nguyen,emma.nguyen1032@example.com,+372 51038184,1991-02-05,,,,Bruxelles,EE,single,2,cdd,Employer 30,3974.00,1931.15,hosted,excellent,A,active,,2026-05-30 13:40:16.416366+00,2026-05-30 13:40:16.416366+00,,85,,false,,,,false
4fbce5b7-6d66-4b5b-a948-a7fc0c3d7904,CLI-0077,Tiina,Vaher,tiina.vaher76@example.com,+372 51002812,1998-09-28,,,,Tartu,EE,single,0,unemployed,Employer 23,2631.00,1130.54,hosted,good,B,active,,2026-05-30 13:40:16.08259+00,2026-05-30 13:40:16.08259+00,,72,,false,,,,false
4fc145a7-fdcc-489d-a40d-b45f8e22228d,CLI-0009,Pauline,Raud,pauline.raud8@example.com,+372 51000296,1992-04-25,,,,Bruxelles,FR,single,1,cdi,Employer 29,1563.00,777.43,tenant,incidents,D,active,,2026-05-30 13:40:16.08259+00,2026-05-30 13:40:16.08259+00,,39,,false,,,,false
4ff1d02c-205b-4c4e-8a02-a63ad234f9d8,CLI-0899,Manon,Mets,manon.mets898@example.com,+372 51033226,1976-03-16,,,,Geneve,EE,married,0,retired,Employer 7,3419.00,1456.81,hosted,incidents,C,active,,2026-05-30 13:40:16.308826+00,2026-05-30 13:40:16.308826+00,,55,,false,,,,false
500d68e5-49c7-411d-9083-4b230397f54a,CLI-0266,Julien,Mets,julien.mets265@example.com,+372 51009805,1999-07-09,,,,Tallinn,EE,married,2,student,Employer 37,2393.00,1054.59,tenant,mixed,C,active,,2026-05-30 13:40:16.08259+00,2026-05-30 13:40:16.08259+00,,45,,false,,,,false
5030815c-0c8a-4a0e-b4af-4ebb1d46267e,CLI-0429,Sophie,Lepik,sophie.lepik428@example.com,+372 51015836,1996-03-05,,,,Tartu,FR,married,1,freelance,Employer 12,4541.00,2308.74,hosted,mixed,B,active,,2026-05-30 13:40:16.08259+00,2026-05-30 13:40:16.08259+00,,69,,false,,,,false
5049f262-62a4-43ba-84b7-7d0323505ce7,CLI-0636,Manon,Robert,manon.robert635@example.com,+372 51023495,1984-10-05,,,,Bruxelles,FR,married,3,cdd,Employer 25,5056.00,2608.80,hosted,good,B,active,,2026-05-30 13:40:16.308826+00,2026-05-30 13:40:16.308826+00,,74,,false,,,,false
508e7f4d-f3da-455c-84b9-5f159a77485a,CLI-0787,Jaan,Martin,jaan.martin786@example.com,+372 51029082,1999-10-27,,,,Madrid,EE,single,3,retired,Employer 34,2184.00,1006.65,owner,good,A,active,,2026-05-30 13:40:16.308826+00,2026-05-30 13:40:16.308826+00,,91,,false,,,,false
50a670a7-83c3-45dc-81f6-cebce1ee99d2,CLI-0491,Lucas,Sokk,lucas.sokk490@example.com,+372 51018130,1989-05-06,,,,Paris,EE,single,2,cdi,Employer 19,1520.00,856.79,owner,good,B,active,,2026-05-30 13:40:16.08259+00,2026-05-30 13:40:16.08259+00,,73,,false,,,,false
50af30ea-5944-4eeb-be34-936979d6bf7e,CLI-0267,Nathan,Martin,nathan.martin266@example.com,+372 51009842,1983-12-15,,,,Tartu,EE,married,3,cdi,Employer 16,3383.00,1885.81,tenant,mixed,B,active,,2026-05-30 13:40:16.08259+00,2026-05-30 13:40:16.08259+00,,77,,false,,,,false
50e480c2-d4c9-4019-8e85-c34f0aa487a0,CLI-0178,Eva,Parn,eva.parn177@example.com,+372 51006549,1970-07-24,,,,Helsinki,EE,married,0,cdi,Employer 23,2647.00,1337.32,owner,good,B,active,,2026-05-30 13:40:16.08259+00,2026-05-30 13:40:16.08259+00,,65,,false,,,,false
5121b437-3862-4264-9c9a-09b11ae30717,CLI-1342,Anna,Roussel,anna.roussel1341@example.com,+372 51049617,1966-11-13,,,,Helsinki,FR,married,3,unemployed,Employer 30,3158.00,1233.09,owner,mixed,C,active,,2026-05-30 13:40:16.416366+00,2026-05-30 13:40:16.416366+00,,59,,false,,,,false
51953a2c-bcd5-447f-88cd-81c751718448,CLI-0444,Kristjan,Koppel,kristjan.koppel443@example.com,+372 51016391,1976-01-10,,,,Bruxelles,EE,married,1,cdi,Employer 13,1553.00,655.75,hosted,incidents,C,active,,2026-05-30 13:40:16.08259+00,2026-05-30 13:40:16.08259+00,,64,,false,,,,false
51c61ba6-e316-40f9-bd0f-a9d5164831c0,CLI-0908,Sophie,Mets,sophie.mets907@example.com,+372 51033559,1991-06-21,,,,Tallinn,FR,married,0,student,Employer 9,5003.00,2196.89,hosted,good,B,active,,2026-05-30 13:40:16.308826+00,2026-05-30 13:40:16.308826+00,,79,,false,,,,false
51dc872e-c99a-49ce-8b08-5d369358f098,CLI-0130,Manon,Oja,manon.oja129@example.com,+372 51004773,1984-08-21,,,,Lyon,FR,single,0,freelance,Employer 20,1586.00,599.90,hosted,mixed,C,active,,2026-05-30 13:40:16.08259+00,2026-05-30 13:40:16.08259+00,,49,,false,,,,false
5220b632-3006-4cf0-853b-e6fe03972703,CLI-0880,Kadri,Dubois,kadri.dubois879@example.com,+372 51032523,1988-06-14,,,,Parnu,FR,single,3,cdi,Employer 23,2136.00,867.63,hosted,good,A,active,,2026-05-30 13:40:16.308826+00,2026-05-30 13:40:16.308826+00,,86,,false,,,,false
524d0ea2-2c39-4515-ac09-4dba4a8a3d7d,CLI-0506,Emma,Lemoine,emma.lemoine505@example.com,+372 51018685,1975-07-23,,,,Parnu,EE,married,1,cdi,Employer 24,2858.00,1300.07,tenant,good,A,active,,2026-05-30 13:40:16.308826+00,2026-05-30 13:40:16.308826+00,,89,,false,,,,false
528718e0-58a4-4af4-a3e8-658c091774f6,CLI-0209,Kristjan,Vaino,kristjan.vaino208@example.com,+372 51007696,1979-06-17,,,,Lyon,EE,married,1,retired,Employer 38,3437.00,1349.17,tenant,good,A,active,,2026-05-30 13:40:16.08259+00,2026-05-30 13:40:16.08259+00,,84,,false,,,,false
536b25b3-38ae-4b1d-a21e-3ac9803e18a8,CLI-0106,Hugo,Dubois,hugo.dubois105@example.com,+372 51003885,2001-11-24,,,,Lyon,EE,single,2,unemployed,Employer 7,5040.00,2644.41,owner,incidents,C,active,,2026-05-30 13:40:16.08259+00,2026-05-30 13:40:16.08259+00,,52,,false,,,,false
53aacef9-a2ce-467c-a9b2-e3b9dcafc536,CLI-0321,Romain,Garcia,romain.garcia320@example.com,+372 51011840,1992-11-17,,,,Parnu,EE,married,2,freelance,Employer 13,4532.00,2475.18,hosted,incidents,C,active,,2026-05-30 13:40:16.08259+00,2026-05-30 13:40:16.08259+00,,60,,false,,,,false
543694a9-a07d-4f2e-9b81-c7b0d12cf2a3,CLI-0350,Kadri,Garcia,kadri.garcia349@example.com,+372 51012913,2001-03-10,,,,Madrid,FR,single,1,freelance,Employer 22,2217.00,901.15,owner,incidents,C,active,,2026-05-30 13:40:16.08259+00,2026-05-30 13:40:16.08259+00,,47,,false,,,,false
54695265-601a-4999-876c-7739e17c763d,CLI-0990,Kristjan,Lopez,kristjan.lopez989@example.com,+372 51036593,1968-12-25,,,,Narva,FR,married,0,student,Employer 4,1892.00,965.63,hosted,good,A,active,,2026-05-30 13:40:16.308826+00,2026-05-30 13:40:16.308826+00,,84,,false,,,,false
54a43719-b793-4a86-98e9-b515994659bd,CLI-0006,Ines,Sokk,ines.sokk5@example.com,+372 51000185,1989-06-04,,,,Geneve,FR,married,1,freelance,Employer 6,4289.00,2225.20,hosted,good,A,active,,2026-05-30 13:40:16.08259+00,2026-05-30 13:40:16.08259+00,,92,,false,,,,false
55511c5e-83b1-4889-a6f7-1fdea776007b,CLI-1292,Maria,Garcia,maria.garcia1291@example.com,+372 51047767,1979-06-19,,,,Parnu,EE,single,2,unemployed,Employer 7,4304.00,1747.20,hosted,good,B,active,,2026-05-30 13:40:16.416366+00,2026-05-30 13:40:16.416366+00,,66,,false,,,,false
5595a607-9ef3-4a2e-8fee-35c39c1bea13,CLI-1072,Manon,Ivanov,manon.ivanov1071@example.com,+372 51039627,2000-12-04,,,,Lyon,EE,single,3,student,Employer 38,5054.00,2922.29,tenant,good,A,active,,2026-05-30 13:40:16.416366+00,2026-05-30 13:40:16.416366+00,,93,,false,,,,false
55a56afc-c2e6-4368-ad3a-e91da534ef02,CLI-1272,Yann,Mets,yann.mets1271@example.com,+372 51047027,1990-10-07,,,,Lyon,EE,married,0,cdd,Employer 29,3435.00,1674.57,tenant,mixed,C,active,,2026-05-30 13:40:16.416366+00,2026-05-30 13:40:16.416366+00,,62,,false,,,,false
55e21473-4279-4657-9cf7-3baf98e510bd,CLI-1066,Lucas,Smirnov,lucas.smirnov1065@example.com,+372 51039405,1969-05-09,,,,Narva,EE,single,2,cdi,Employer 25,1151.00,565.59,hosted,incidents,C,active,,2026-05-30 13:40:16.416366+00,2026-05-30 13:40:16.416366+00,,58,,false,,,,false
56298099-cdd3-4f81-9ad5-10363621cade,CLI-0986,Liis,Raud,liis.raud985@example.com,+372 51036445,1967-11-12,,,,Bruxelles,FR,married,3,freelance,Employer 27,3930.00,2006.67,hosted,incidents,C,active,,2026-05-30 13:40:16.308826+00,2026-05-30 13:40:16.308826+00,,63,,false,,,,false
564bd015-5ab6-40f6-8f77-428b3053f26a,CLI-0616,Thomas,Ivanov,thomas.ivanov615@example.com,+372 51022755,1995-01-12,,,,Lyon,EE,married,2,cdi,Employer 16,2664.00,1208.84,hosted,incidents,C,active,,2026-05-30 13:40:16.308826+00,2026-05-30 13:40:16.308826+00,,60,,false,,,,false
56c57062-219f-451f-9567-8edb472100e5,CLI-0763,Lucas,Koppel,lucas.koppel762@example.com,+372 51028194,1968-05-12,,,,Paris,EE,married,0,unemployed,Employer 31,3219.00,1851.60,hosted,mixed,C,active,,2026-05-30 13:40:16.308826+00,2026-05-30 13:40:16.308826+00,,60,,false,,,,false
56cb9dea-89c8-4e04-822f-d16b94f364bb,CLI-1091,Pauline,Sepp,pauline.sepp1090@example.com,+372 51040330,1967-11-07,,,,Paris,EE,single,1,freelance,Employer 10,2815.00,1469.05,tenant,excellent,A,active,,2026-05-30 13:40:16.416366+00,2026-05-30 13:40:16.416366+00,,93,,false,,,,false
57603a29-c80b-4a33-8c72-2847a51cb1d8,CLI-0530,Karl,Lepik,karl.lepik529@example.com,+372 51019573,1978-05-21,,,,Tallinn,EE,single,1,student,Employer 30,1471.00,520.71,tenant,good,A,active,,2026-05-30 13:40:16.308826+00,2026-05-30 13:40:16.308826+00,,86,,false,,,,false
57645d5c-ed5b-4e99-9b77-fb4d269fe23a,CLI-0332,Ines,Kask,ines.kask331@example.com,+372 51012247,1998-09-06,,,,Bruxelles,EE,single,2,freelance,Employer 39,1226.00,690.86,tenant,incidents,D,active,,2026-05-30 13:40:16.08259+00,2026-05-30 13:40:16.08259+00,,35,,false,,,,false
5773d99e-f0a5-4db8-a5c1-653badf70036,CLI-0358,Lea,Vaino,lea.vaino357@example.com,+372 51013209,1995-12-27,,,,Parnu,EE,single,2,freelance,Employer 16,3218.00,1671.34,tenant,excellent,A,active,,2026-05-30 13:40:16.08259+00,2026-05-30 13:40:16.08259+00,,94,,false,,,,false
5781cd93-daa6-4bd0-833f-d0936c924d00,CLI-1146,Laura,Bernard,laura.bernard1145@example.com,+372 51042365,1972-02-01,,,,Parnu,EE,single,2,cdi,Employer 36,4882.00,1962.40,hosted,mixed,B,active,,2026-05-30 13:40:16.416366+00,2026-05-30 13:40:16.416366+00,,71,,false,,,,false
578e55d8-78c1-4c8c-8c4d-e38c6e633c36,CLI-0959,Nathan,Saar,nathan.saar958@example.com,+372 51035446,2003-06-17,,,,Lyon,EE,married,2,unemployed,Employer 2,2073.00,1056.38,tenant,mixed,B,active,,2026-05-30 13:40:16.308826+00,2026-05-30 13:40:16.308826+00,,78,,false,,,,false
57af56b7-c332-40bf-9810-bf5bf3478c96,CLI-1358,Sarah,Laine,sarah.laine1357@example.com,+372 51050209,1987-04-10,,,,Narva,EE,single,3,cdi,Employer 11,2508.00,1225.18,tenant,excellent,A,active,,2026-05-30 13:40:16.416366+00,2026-05-30 13:40:16.416366+00,,86,,false,,,,false
57b3f351-2073-45ea-a974-c9ef0cfc8872,CLI-0028,Sophie,Lille,sophie.lille27@example.com,+372 51000999,1966-09-17,,,,Helsinki,EE,single,0,freelance,Employer 22,4188.00,1883.32,tenant,incidents,D,active,,2026-05-30 13:40:16.08259+00,2026-05-30 13:40:16.08259+00,,33,,false,,,,false
57ba31f4-51ec-4466-bb7b-e45e7ff9940b,CLI-0630,Kadri,Tamm,kadri.tamm629@example.com,+372 51023273,1989-08-26,,,,Tartu,FR,married,0,retired,Employer 16,3097.00,1113.54,hosted,excellent,A,active,,2026-05-30 13:40:16.308826+00,2026-05-30 13:40:16.308826+00,,83,,false,,,,false
580d6cf9-ef9f-40ea-a9ff-2504bc6d1656,CLI-0961,Andres,Toom,andres.toom960@example.com,+372 51035520,1979-03-24,,,,Madrid,EE,married,1,cdd,Employer 17,3733.00,2079.14,tenant,excellent,A,active,,2026-05-30 13:40:16.308826+00,2026-05-30 13:40:16.308826+00,,95,,false,,,,false
584f6159-51bb-4fa1-a4a8-cfa08bf59487,CLI-0914,Julien,Bernard,julien.bernard913@example.com,+372 51033781,1982-08-12,,,,Parnu,FR,single,3,student,Employer 18,3808.00,1948.75,owner,incidents,D,active,,2026-05-30 13:40:16.308826+00,2026-05-30 13:40:16.308826+00,,29,,false,,,,false
586073be-2e4d-4cda-8e91-27cc3366b4b3,CLI-1093,Kristjan,Kangro,kristjan.kangro1092@example.com,+372 51040404,2003-05-10,,,,Parnu,EE,married,1,cdi,Employer 22,1798.00,904.61,tenant,good,A,active,,2026-05-30 13:40:16.416366+00,2026-05-30 13:40:16.416366+00,,87,,false,,,,false
58c44f83-d364-4130-8695-ff6ebd48857f,CLI-0370,Kristjan,Lemoine,kristjan.lemoine369@example.com,+372 51013653,2000-10-06,,,,Geneve,FR,single,1,student,Employer 4,1633.00,783.58,tenant,good,A,active,,2026-05-30 13:40:16.08259+00,2026-05-30 13:40:16.08259+00,,88,,false,,,,false
58f67017-2f4c-4e50-b68f-e7f02485b85a,CLI-0452,Nathan,Kallas,nathan.kallas451@example.com,+372 51016687,1980-02-25,,,,Madrid,EE,single,0,cdi,Employer 13,1839.00,696.66,tenant,excellent,A,active,,2026-05-30 13:40:16.08259+00,2026-05-30 13:40:16.08259+00,,90,,false,,,,false
59660b29-22af-44bc-b02a-5b245cb3facf,CLI-0135,Maxime,Nguyen,maxime.nguyen134@example.com,+372 51004958,1993-01-01,,,,Helsinki,FR,married,2,retired,Employer 12,4269.00,2378.48,hosted,excellent,A,active,,2026-05-30 13:40:16.08259+00,2026-05-30 13:40:16.08259+00,,83,,false,,,,false
59965cb4-21f7-493c-8b17-63027d48d832,CLI-1006,Kristjan,Kask,kristjan.kask1005@example.com,+372 51037185,1994-07-03,,,,Bruxelles,EE,single,2,cdi,Employer 13,4453.00,1634.83,hosted,mixed,B,active,,2026-05-30 13:40:16.416366+00,2026-05-30 13:40:16.416366+00,,72,,false,,,,false
59ce2e16-61fb-41ba-8116-4b181c9ad0b1,CLI-1129,Julien,Lopez,julien.lopez1128@example.com,+372 51041736,2002-05-12,,,,Bruxelles,EE,single,0,cdi,Employer 8,3291.00,1374.99,tenant,good,B,active,,2026-05-30 13:40:16.416366+00,2026-05-30 13:40:16.416366+00,,70,,false,,,,false
5a178493-6f06-4353-a34a-03382eb285fe,CLI-0522,Alex,Robert,alex.robert521@example.com,+372 51019277,1969-12-13,,,,Bruxelles,EE,married,1,cdi,Employer 27,3583.00,1736.19,tenant,mixed,B,active,,2026-05-30 13:40:16.308826+00,2026-05-30 13:40:16.308826+00,,75,,false,,,,false
5a3600d8-2539-460a-9ad6-2659c9c99425,CLI-1190,Julien,Roussel,julien.roussel1189@example.com,+372 51043993,1977-06-19,,,,Tartu,EE,married,1,student,Employer 5,4778.00,1677.07,owner,excellent,A,active,,2026-05-30 13:40:16.416366+00,2026-05-30 13:40:16.416366+00,,83,,false,,,,false
5a4e4a88-4c17-4e93-81f0-79549f0c250e,CLI-0982,Piret,Vaher,piret.vaher981@example.com,+372 51036297,2000-12-23,,,,Parnu,FR,single,0,cdi,Employer 35,3083.00,1692.14,tenant,mixed,B,active,,2026-05-30 13:40:16.308826+00,2026-05-30 13:40:16.308826+00,,67,,false,,,,false
5a81ed46-d265-4f7f-b447-f16c4912d0dc,CLI-0808,Julien,Lille,julien.lille807@example.com,+372 51029859,1988-03-06,,,,Madrid,EE,married,3,student,Employer 38,3978.00,2131.13,owner,incidents,D,active,,2026-05-30 13:40:16.308826+00,2026-05-30 13:40:16.308826+00,,22,,false,,,,false
5a90e720-bca3-4ed6-92fe-94ea7037a46f,CLI-1324,Ines,Faure,ines.faure1323@example.com,+372 51048951,1980-01-12,,,,Narva,EE,single,3,freelance,Employer 26,1822.00,839.62,owner,good,A,active,,2026-05-30 13:40:16.416366+00,2026-05-30 13:40:16.416366+00,,95,,false,,,,false
5b5717d0-3f3e-4d83-8408-4a6086cb4d1d,CLI-0814,Yann,Rebane,yann.rebane813@example.com,+372 51030081,1979-09-27,,,,Helsinki,EE,married,0,unemployed,Employer 23,2329.00,1293.92,hosted,good,B,active,,2026-05-30 13:40:16.308826+00,2026-05-30 13:40:16.308826+00,,65,,false,,,,false
5b75913e-9514-470f-bee7-1b8bdf60a3ac,CLI-0712,Anna,Kukk,anna.kukk711@example.com,+372 51026307,1984-07-18,,,,Narva,EE,single,3,cdd,Employer 15,4609.00,2623.01,tenant,good,B,active,,2026-05-30 13:40:16.308826+00,2026-05-30 13:40:16.308826+00,,77,,false,,,,false
5b7aefe7-202a-490c-be0d-c6551d3e68ef,CLI-0927,Maxime,Susi,maxime.susi926@example.com,+372 51034262,1994-12-01,,,,Narva,EE,single,1,retired,Employer 15,3929.00,1760.48,hosted,incidents,C,active,,2026-05-30 13:40:16.308826+00,2026-05-30 13:40:16.308826+00,,64,,false,,,,false
5bbe5af2-7126-4aa9-b6f7-b766b66f6f81,CLI-0878,Laura,Rebane,laura.rebane877@example.com,+372 51032449,1990-02-14,,,,Madrid,FR,single,2,freelance,Employer 32,2077.00,997.22,hosted,mixed,B,active,,2026-05-30 13:40:16.308826+00,2026-05-30 13:40:16.308826+00,,68,,false,,,,false
5bea271b-a542-4b7a-8010-ae40e74c0cbc,CLI-0330,Clara,Carre,clara.carre329@example.com,+372 51012173,1997-02-02,,,,Geneve,FR,single,2,cdd,Employer 20,3776.00,1672.53,hosted,mixed,B,active,,2026-05-30 13:40:16.08259+00,2026-05-30 13:40:16.08259+00,,75,,false,,,,false
5c00459a-3f1f-4bee-ad18-bf7b5dbd92dc,CLI-1285,Julien,Dubois,julien.dubois1284@example.com,+372 51047508,1974-04-07,,,,Paris,EE,single,2,student,Employer 2,4815.00,1813.24,tenant,good,A,active,,2026-05-30 13:40:16.416366+00,2026-05-30 13:40:16.416366+00,,85,,false,,,,false
5d1c0a09-276d-4b54-9b61-df145d931eaf,CLI-1145,Laura,Org,laura.org1144@example.com,+372 51042328,1991-03-13,,,,Parnu,EE,married,1,cdi,Employer 8,2853.00,1145.37,tenant,good,A,active,,2026-05-30 13:40:16.416366+00,2026-05-30 13:40:16.416366+00,,88,,false,,,,false
5e192f23-efc3-4d55-9269-0f5ee58d310a,CLI-0004,Sophie,Susi,sophie.susi3@example.com,+372 51000111,1997-08-02,,,,Madrid,EE,married,2,cdd,Employer 5,4729.00,2772.63,tenant,mixed,C,active,,2026-05-30 13:40:16.08259+00,2026-05-30 13:40:16.08259+00,,49,,false,,,,false
5e43e829-9642-4ef5-8596-c81092adb3a0,CLI-0657,Anna,Parn,anna.parn656@example.com,+372 51024272,1998-10-27,,,,Helsinki,FR,married,3,cdi,Employer 14,2492.00,872.30,owner,good,A,active,,2026-05-30 13:40:16.308826+00,2026-05-30 13:40:16.308826+00,,99,,false,,,,false
5e56ace8-8add-4a0a-9890-f4c16669016b,CLI-0601,Tonu,Carre,tonu.carre600@example.com,+372 51022200,1969-05-14,,,,Bruxelles,EE,married,3,cdi,Employer 20,4743.00,1920.72,tenant,mixed,B,active,,2026-05-30 13:40:16.308826+00,2026-05-30 13:40:16.308826+00,,71,,false,,,,false
5e9d29a9-fb08-4b84-a581-992748293e50,CLI-1349,Kadri,Lopez,kadri.lopez1348@example.com,+372 51049876,1985-11-12,,,,Tartu,FR,married,3,cdd,Employer 16,1617.00,617.00,tenant,good,A,active,,2026-05-30 13:40:16.416366+00,2026-05-30 13:40:16.416366+00,,84,,false,,,,false
5f394f8b-6d5f-4be0-82f3-021333b51d0b,CLI-0512,Marko,Vaino,marko.vaino511@example.com,+372 51018907,1986-04-06,,,,Helsinki,EE,married,3,cdi,Employer 6,4438.00,2069.00,tenant,excellent,A,active,,2026-05-30 13:40:16.308826+00,2026-05-30 13:40:16.308826+00,,90,,false,,,,false
5fb2a980-34d4-43c5-901a-e75a28f63386,CLI-0096,Antoine,Sokk,antoine.sokk95@example.com,+372 51003515,1993-03-07,,,,Madrid,FR,married,2,cdi,Employer 8,2878.00,1306.13,tenant,mixed,B,active,,2026-05-30 13:40:16.08259+00,2026-05-30 13:40:16.08259+00,,74,,false,,,,false
5fedcd34-d429-431a-bb92-90b865e1c91c,CLI-0653,Sarah,Nguyen,sarah.nguyen652@example.com,+372 51024124,1984-01-02,,,,Narva,FR,single,3,cdi,Employer 21,2986.00,1563.30,tenant,mixed,B,active,,2026-05-30 13:40:16.308826+00,2026-05-30 13:40:16.308826+00,,75,,false,,,,false
609c1114-91ef-4a6e-a30e-6b57fed75b76,CLI-0962,Hugo,Susi,hugo.susi961@example.com,+372 51035557,1989-02-13,,,,Tartu,EE,single,1,unemployed,Employer 32,5154.00,2771.76,tenant,excellent,A,active,,2026-05-30 13:40:16.308826+00,2026-05-30 13:40:16.308826+00,,97,,false,,,,false
60ae27f7-57b6-4bf1-9b9b-049d6b1ff565,CLI-1028,Hugo,Nguyen,hugo.nguyen1027@example.com,+372 51037999,1974-05-21,,,,Lyon,EE,single,0,student,Employer 19,3124.00,1552.39,tenant,mixed,B,active,,2026-05-30 13:40:16.416366+00,2026-05-30 13:40:16.416366+00,,71,,false,,,,false
60d6d115-e17a-46ac-bfdc-f06e43705e82,CLI-0852,Tonu,Oja,tonu.oja851@example.com,+372 51031487,1972-06-17,,,,Geneve,FR,single,1,cdi,Employer 18,1203.00,568.45,owner,good,B,active,,2026-05-30 13:40:16.308826+00,2026-05-30 13:40:16.308826+00,,66,,false,,,,false
60ed2990-31c8-43dc-86d2-6e6b4133eef0,CLI-0700,Kevin,Lemoine,kevin.lemoine699@example.com,+372 51025863,1971-03-02,,,,Parnu,EE,married,3,cdi,Employer 34,1350.00,629.52,owner,good,A,active,,2026-05-30 13:40:16.308826+00,2026-05-30 13:40:16.308826+00,,80,,false,,,,false
6134f280-ff70-4932-856a-6241405ce6d6,CLI-1041,Clara,Lopez,clara.lopez1040@example.com,+372 51038480,1992-01-18,,,,Geneve,EE,single,3,cdi,Employer 15,4179.00,2356.32,tenant,mixed,B,active,,2026-05-30 13:40:16.416366+00,2026-05-30 13:40:16.416366+00,,72,,false,,,,false
615004df-639e-4d9c-9b06-ee2a1ee54e21,CLI-0399,Romain,Lille,romain.lille398@example.com,+372 51014726,1966-03-22,,,,Helsinki,FR,married,3,student,Employer 16,3678.00,1630.34,owner,incidents,D,active,,2026-05-30 13:40:16.08259+00,2026-05-30 13:40:16.08259+00,,41,,false,,,,false
617449ac-aab6-40a4-84ba-81da9588dbb4,CLI-0044,Thomas,Raud,thomas.raud43@example.com,+372 51001591,1977-09-03,,,,Tallinn,EE,single,3,student,Employer 31,4960.00,2909.96,hosted,mixed,B,active,,2026-05-30 13:40:16.08259+00,2026-05-30 13:40:16.08259+00,,66,,false,,,,false
619284a5-4be6-4601-949e-32ebcf6316c5,CLI-0562,Romain,Roussel,romain.roussel561@example.com,+372 51020757,1991-06-14,,,,Tallinn,EE,married,3,cdi,Employer 13,1167.00,506.88,owner,good,B,active,,2026-05-30 13:40:16.308826+00,2026-05-30 13:40:16.308826+00,,75,,false,,,,false
61bf7659-b79a-4c81-ad3f-5f88d8b98d69,CLI-1099,Camille,Dubois,camille.dubois1098@example.com,+372 51040626,1966-12-17,,,,Lyon,EE,married,1,cdd,Employer 10,1920.00,806.39,owner,good,A,active,,2026-05-30 13:40:16.416366+00,2026-05-30 13:40:16.416366+00,,81,,false,,,,false
61ff5fd9-9933-41c5-8ba0-119578126cb0,CLI-1016,Ines,Roussel,ines.roussel1015@example.com,+372 51037555,1984-08-15,,,,Tartu,EE,single,0,cdi,Employer 33,2678.00,1102.17,owner,excellent,A,active,,2026-05-30 13:40:16.416366+00,2026-05-30 13:40:16.416366+00,,82,,false,,,,false
62009c0c-fdbb-4e6f-83b4-55ac33d22894,CLI-0302,Sophie,Roussel,sophie.roussel301@example.com,+372 51011137,1982-02-26,,,,Tallinn,FR,single,0,cdi,Employer 34,1508.00,632.26,hosted,good,A,active,,2026-05-30 13:40:16.08259+00,2026-05-30 13:40:16.08259+00,,92,,false,,,,false
6247b486-cb41-4d61-bc1d-ac4e93d1d55d,CLI-0536,Thomas,Ivanov,thomas.ivanov535@example.com,+372 51019795,1978-10-25,,,,Tallinn,FR,married,3,cdi,Employer 38,3173.00,1524.41,tenant,incidents,D,active,,2026-05-30 13:40:16.308826+00,2026-05-30 13:40:16.308826+00,,44,,false,,,,false
625f00bb-7004-4bff-8b64-8764d352a0d8,CLI-1125,Mart,Ivanov,mart.ivanov1124@example.com,+372 51041588,1971-08-15,,,,Geneve,EE,married,3,cdi,Employer 25,4115.00,1677.86,owner,good,A,active,,2026-05-30 13:40:16.416366+00,2026-05-30 13:40:16.416366+00,,87,,false,,,,false
62c46c40-8e56-42ba-871f-532a726f1672,CLI-0462,Marie,Carre,marie.carre461@example.com,+372 51017057,1984-02-12,,,,Helsinki,FR,single,2,cdi,Employer 20,3523.00,1314.03,tenant,good,A,active,,2026-05-30 13:40:16.08259+00,2026-05-30 13:40:16.08259+00,,83,,false,,,,false
62cae287-f3ca-48b5-b280-b2fd74ed111b,CLI-1084,Anna,Vaino,anna.vaino1083@example.com,+372 51040071,1997-03-23,,,,Narva,EE,single,1,cdi,Employer 18,1959.00,1048.08,tenant,incidents,D,active,,2026-05-30 13:40:16.416366+00,2026-05-30 13:40:16.416366+00,,25,,false,,,,false
62f205a1-bebf-4b24-a81e-70bc4d1b16ec,CLI-0510,Lea,Mets,lea.mets509@example.com,+372 51018833,1988-05-25,,,,Madrid,EE,married,1,cdi,Employer 20,1264.00,740.50,owner,excellent,A,active,,2026-05-30 13:40:16.308826+00,2026-05-30 13:40:16.308826+00,,88,,false,,,,false
62fd132d-5018-4606-ac1d-c1ba9231b725,CLI-0620,Manon,Sepp,manon.sepp619@example.com,+372 51022903,1989-09-24,,,,Lyon,EE,single,0,cdd,Employer 28,2472.00,1316.22,tenant,good,A,active,,2026-05-30 13:40:16.308826+00,2026-05-30 13:40:16.308826+00,,84,,false,,,,false
6307faf6-eb89-4db9-9592-ec8029610c0d,CLI-1233,Karl,Lepik,karl.lepik1232@example.com,+372 51045584,2001-03-17,,,,Parnu,FR,married,1,cdi,Employer 10,4863.00,1952.55,tenant,mixed,C,active,,2026-05-30 13:40:16.416366+00,2026-05-30 13:40:16.416366+00,,55,,false,,,,false
63108b6f-b685-4a09-94ca-a234ed80b85a,CLI-0111,Sophie,Saar,sophie.saar110@example.com,+372 51004070,1987-02-21,,,,Tallinn,EE,single,0,cdd,Employer 22,3588.00,1812.38,owner,incidents,D,active,,2026-05-30 13:40:16.08259+00,2026-05-30 13:40:16.08259+00,,28,,false,,,,false
6380e864-dfc6-4896-8794-80413ab32de7,CLI-0485,Antoine,Martin,antoine.martin484@example.com,+372 51017908,1999-06-24,,,,Lyon,EE,single,2,cdd,Employer 32,1966.00,1049.94,owner,excellent,A,active,,2026-05-30 13:40:16.08259+00,2026-05-30 13:40:16.08259+00,,88,,false,,,,false
648dd8c2-1a32-4700-92db-27edac30da5c,CLI-0827,Manon,Ivanov,manon.ivanov826@example.com,+372 51030562,1975-08-06,,,,Bruxelles,FR,married,0,cdi,Employer 34,3953.00,1498.36,tenant,good,A,active,,2026-05-30 13:40:16.308826+00,2026-05-30 13:40:16.308826+00,,94,,false,,,,false
64ef19bd-2394-4816-a21e-9087e59e77e1,CLI-0151,Chloe,Kukk,chloe.kukk150@example.com,+372 51005550,1987-11-12,,,,Madrid,EE,single,3,cdi,Employer 28,4314.00,1528.19,tenant,mixed,C,active,,2026-05-30 13:40:16.08259+00,2026-05-30 13:40:16.08259+00,,56,,false,,,,false
64fd517f-bc07-4dbb-ba72-d7e80b48940b,CLI-0617,Kevin,Muller,kevin.muller616@example.com,+372 51022792,2001-12-25,,,,Tallinn,EE,single,2,cdi,Employer 33,5129.00,2068.28,tenant,good,A,active,,2026-05-30 13:40:16.308826+00,2026-05-30 13:40:16.308826+00,,83,,false,,,,false
6555f2ad-a40f-4d6c-8840-5dd35856cccb,CLI-0627,Tiina,Muller,tiina.muller626@example.com,+372 51023162,1967-06-23,,,,Narva,FR,married,2,freelance,Employer 7,4802.00,2842.12,owner,incidents,D,active,,2026-05-30 13:40:16.308826+00,2026-05-30 13:40:16.308826+00,,35,,false,,,,false
65b36f75-e57f-4bed-b628-3d89efea84f3,CLI-0663,Nathan,Garcia,nathan.garcia662@example.com,+372 51024494,2000-12-14,,,,Parnu,EE,single,0,cdi,Employer 37,2641.00,1484.04,tenant,good,A,active,,2026-05-30 13:40:16.308826+00,2026-05-30 13:40:16.308826+00,,80,,false,,,,false
65bf2a09-bf98-462a-9dd9-d55f05bed353,CLI-0479,Maxime,Lille,maxime.lille478@example.com,+372 51017686,2002-12-14,,,,Lyon,EE,married,0,cdi,Employer 38,4467.00,2397.74,owner,good,A,active,,2026-05-30 13:40:16.08259+00,2026-05-30 13:40:16.08259+00,,92,,false,,,,false
65c3b334-dcf7-49f4-a8e1-b64520b382ef,CLI-1270,Hugo,Koppel,hugo.koppel1269@example.com,+372 51046953,1965-09-01,,,,Helsinki,EE,married,2,unemployed,Employer 10,2311.00,1326.27,tenant,good,B,active,,2026-05-30 13:40:16.416366+00,2026-05-30 13:40:16.416366+00,,75,,false,,,,false
6651732a-2d93-4965-9433-7cfdcac13b26,CLI-0736,Liis,Koppel,liis.koppel735@example.com,+372 51027195,1965-09-04,,,,Narva,EE,single,3,cdi,Employer 9,1555.00,849.92,hosted,incidents,C,active,,2026-05-30 13:40:16.308826+00,2026-05-30 13:40:16.308826+00,,64,,false,,,,false
666dc0fb-a3a4-4282-aa61-e9d7c14627b7,CLI-0888,Kristjan,Robert,kristjan.robert887@example.com,+372 51032819,1982-02-07,,,,Bruxelles,EE,married,2,unemployed,Employer 19,4066.00,1846.01,hosted,good,B,active,,2026-05-30 13:40:16.308826+00,2026-05-30 13:40:16.308826+00,,76,,false,,,,false
667e9f60-2cdf-457a-8663-eaf309fe7c06,CLI-0924,Jaan,Sepp,jaan.sepp923@example.com,+372 51034151,1979-03-05,,,,Tartu,EE,single,3,unemployed,Employer 5,3441.00,2061.97,tenant,good,B,active,,2026-05-30 13:40:16.308826+00,2026-05-30 13:40:16.308826+00,,78,,false,,,,false
6694209a-7306-4b3f-9a87-86f853288712,CLI-1260,Eva,Vaino,eva.vaino1259@example.com,+372 51046583,1982-02-11,,,,Helsinki,EE,single,1,retired,Employer 10,2270.00,1025.65,owner,good,A,active,,2026-05-30 13:40:16.416366+00,2026-05-30 13:40:16.416366+00,,84,,false,,,,false
66995924-68ea-4208-afed-67af5a946b15,CLI-0348,Karl,Bernard,karl.bernard347@example.com,+372 51012839,1994-05-25,,,,Helsinki,EE,married,0,cdi,Employer 17,2139.00,848.70,tenant,good,A,active,,2026-05-30 13:40:16.08259+00,2026-05-30 13:40:16.08259+00,,90,,false,,,,false
66b4300c-eb61-4fae-9022-ded868383776,CLI-0383,Alex,Rebane,alex.rebane382@example.com,+372 51014134,1976-04-03,,,,Madrid,FR,married,2,student,Employer 35,3341.00,1171.08,tenant,excellent,A,active,,2026-05-30 13:40:16.08259+00,2026-05-30 13:40:16.08259+00,,80,,false,,,,false
66fda37b-3a75-49a9-b9bd-2d055943e9d5,CLI-0637,Tonu,Robert,tonu.robert636@example.com,+372 51023532,1982-03-03,,,,Tartu,FR,single,1,student,Employer 3,4175.00,2347.08,hosted,good,A,active,,2026-05-30 13:40:16.308826+00,2026-05-30 13:40:16.308826+00,,87,,false,,,,false
66fe3d8b-0e6e-483c-becb-ef3f48d3244a,CLI-0367,Maxime,Kukk,maxime.kukk366@example.com,+372 51013542,1995-08-15,,,,Bruxelles,EE,married,3,unemployed,Employer 14,2851.00,1169.70,tenant,incidents,D,active,,2026-05-30 13:40:16.08259+00,2026-05-30 13:40:16.08259+00,,36,,false,,,,false
676764c8-8d11-4584-b0e0-cf98686c77aa,CLI-0590,Mart,Lille,mart.lille589@example.com,+372 51021793,1965-02-19,,,,Helsinki,EE,married,2,cdi,Employer 33,1856.00,989.34,tenant,good,A,active,,2026-05-30 13:40:16.308826+00,2026-05-30 13:40:16.308826+00,,92,,false,,,,false
67d1071a-75d3-4a9e-8666-fd77ea185969,CLI-0971,Antoine,Nguyen,antoine.nguyen970@example.com,+372 51035890,1986-12-19,,,,Tallinn,EE,single,3,retired,Employer 4,2748.00,1292.27,hosted,good,B,active,,2026-05-30 13:40:16.308826+00,2026-05-30 13:40:16.308826+00,,76,,false,,,,false
681e8862-1f0b-4985-93da-e1fd722d8540,CLI-0541,Kristjan,Petit,kristjan.petit540@example.com,+372 51019980,2000-04-21,,,,Paris,FR,single,3,unemployed,Employer 39,4724.00,2435.91,tenant,excellent,A,active,,2026-05-30 13:40:16.308826+00,2026-05-30 13:40:16.308826+00,,82,,false,,,,false
68a116fa-cf65-4ee6-ac75-f131f8580b84,CLI-0988,Laura,Faure,laura.faure987@example.com,+372 51036519,2001-12-10,,,,Geneve,EE,married,2,cdi,Employer 13,1699.00,864.18,hosted,incidents,C,active,,2026-05-30 13:40:16.308826+00,2026-05-30 13:40:16.308826+00,,49,,false,,,,false
68d21bbf-590b-4db9-b667-ee2a73e40cdd,CLI-0094,Karl,Petit,karl.petit93@example.com,+372 51003441,1999-10-19,,,,Tartu,EE,single,1,retired,Employer 11,4143.00,1575.71,tenant,incidents,C,active,,2026-05-30 13:40:16.08259+00,2026-05-30 13:40:16.08259+00,,46,,false,,,,false
68da4869-27a4-4746-9543-31dab9a1e3cd,CLI-0375,Laura,Parn,laura.parn374@example.com,+372 51013838,1969-05-10,,,,Helsinki,FR,single,1,cdi,Employer 19,3778.00,1484.76,hosted,good,A,active,,2026-05-30 13:40:16.08259+00,2026-05-30 13:40:16.08259+00,,93,,false,,,,false
69670d23-640a-49e8-9cd9-88e16a722a83,CLI-0174,Liis,Mets,liis.mets173@example.com,+372 51006401,1990-11-04,,,,Tallinn,EE,married,2,freelance,Employer 24,2064.00,856.21,owner,mixed,C,active,,2026-05-30 13:40:16.08259+00,2026-05-30 13:40:16.08259+00,,62,,false,,,,false
69780b71-abfd-4292-b261-c061274dd298,CLI-1123,Marie,Raud,marie.raud1122@example.com,+372 51041514,1982-04-03,,,,Bruxelles,EE,single,0,cdi,Employer 35,5143.00,2969.67,tenant,good,A,active,,2026-05-30 13:40:16.416366+00,2026-05-30 13:40:16.416366+00,,97,,false,,,,false
69936481-2043-491b-8c7b-7a46a193c646,CLI-1318,Tiina,Sokk,tiina.sokk1317@example.com,+372 51048729,1998-02-06,,,,Paris,EE,single,0,cdi,Employer 36,3716.00,2201.78,hosted,incidents,D,active,,2026-05-30 13:40:16.416366+00,2026-05-30 13:40:16.416366+00,,27,,false,,,,false
69a08829-a785-47a7-bac0-109baaffbe7b,CLI-1271,Piret,Mets,piret.mets1270@example.com,+372 51046990,2000-07-14,,,,Parnu,EE,married,3,freelance,Employer 9,1837.00,773.63,tenant,excellent,A,active,,2026-05-30 13:40:16.416366+00,2026-05-30 13:40:16.416366+00,,95,,false,,,,false
69f8ac7a-2816-43f1-a10d-f9a8253592c3,CLI-0525,Karl,Vaher,karl.vaher524@example.com,+372 51019388,1970-11-01,,,,Geneve,EE,married,3,freelance,Employer 19,1247.00,573.19,tenant,good,B,active,,2026-05-30 13:40:16.308826+00,2026-05-30 13:40:16.308826+00,,69,,false,,,,false
6aa193f6-e5d2-4267-b29f-c564c6a91ea5,CLI-0642,Camille,Dubois,camille.dubois641@example.com,+372 51023717,1968-08-21,,,,Lyon,EE,single,1,unemployed,Employer 38,1900.00,795.81,hosted,good,B,active,,2026-05-30 13:40:16.308826+00,2026-05-30 13:40:16.308826+00,,74,,false,,,,false
6b25aa63-788d-47f0-b680-4b44dbce7dc3,CLI-0687,Kadri,Magi,kadri.magi686@example.com,+372 51025382,2004-02-03,,,,Lyon,EE,single,2,cdi,Employer 12,4733.00,2608.33,tenant,good,B,active,,2026-05-30 13:40:16.308826+00,2026-05-30 13:40:16.308826+00,,69,,false,,,,false
6b337879-5e7c-4ae8-aae5-dff9b04dd877,CLI-0579,Thomas,Kukk,thomas.kukk578@example.com,+372 51021386,1976-10-07,,,,Tartu,FR,married,0,cdi,Employer 18,2640.00,1576.44,tenant,mixed,B,active,,2026-05-30 13:40:16.308826+00,2026-05-30 13:40:16.308826+00,,68,,false,,,,false
6b486efe-fd51-4516-ae53-b0e26d4d89ab,CLI-0853,Maria,Kask,maria.kask852@example.com,+372 51031524,1977-06-03,,,,Lyon,FR,single,0,cdi,Employer 4,2050.00,1017.00,hosted,incidents,D,active,,2026-05-30 13:40:16.308826+00,2026-05-30 13:40:16.308826+00,,24,,false,,,,false
6b7dc3bc-7704-40e7-92ae-0acca31a9ce2,CLI-0566,Thomas,Lopez,thomas.lopez565@example.com,+372 51020905,1982-07-21,,,,Geneve,EE,married,2,unemployed,Employer 30,2538.00,1107.80,owner,excellent,A,active,,2026-05-30 13:40:16.308826+00,2026-05-30 13:40:16.308826+00,,88,,false,,,,false
6bad65cf-15a3-47c5-94c1-4283521d9877,CLI-0352,Thomas,Tamm,thomas.tamm351@example.com,+372 51012987,2003-11-10,,,,Tartu,EE,married,3,freelance,Employer 22,1410.00,685.26,tenant,incidents,C,active,,2026-05-30 13:40:16.08259+00,2026-05-30 13:40:16.08259+00,,45,,false,,,,false
6bc0c6cf-be44-45a8-bf3d-86c0a98fd676,CLI-0527,Maria,Aas,maria.aas526@example.com,+372 51019462,1985-09-26,,,,Tartu,EE,single,0,cdi,Employer 35,1992.00,1188.40,tenant,good,A,active,,2026-05-30 13:40:16.308826+00,2026-05-30 13:40:16.308826+00,,86,,false,,,,false
6bcca9af-426e-480b-bc5f-3b3b8437a8f3,CLI-1363,Kadri,Sepp,kadri.sepp1362@example.com,+372 51050394,1984-01-14,,,,Tartu,FR,married,3,cdi,Employer 24,1141.00,427.36,tenant,good,A,active,,2026-05-30 13:40:16.416366+00,2026-05-30 13:40:16.416366+00,,93,,false,,,,false
6bf960da-edc4-4d45-80d6-ff3bd8aa7c13,CLI-0208,Pauline,Mets,pauline.mets207@example.com,+372 51007659,1992-03-18,,,,Helsinki,EE,married,0,cdi,Employer 3,2269.00,1264.93,hosted,incidents,C,active,,2026-05-30 13:40:16.08259+00,2026-05-30 13:40:16.08259+00,,53,,false,,,,false
6c1afea1-0f1f-4f72-9c49-640b948b1b59,CLI-1010,Dimitri,Vaino,dimitri.vaino1009@example.com,+372 51037333,1966-06-21,,,,Bruxelles,EE,single,0,cdi,Employer 9,1984.00,820.89,tenant,good,B,active,,2026-05-30 13:40:16.416366+00,2026-05-30 13:40:16.416366+00,,70,,false,,,,false
6c41d684-132e-48a1-a91c-99d38c5750ef,CLI-0276,Mart,Toom,mart.toom275@example.com,+372 51010175,2004-08-09,,,,Parnu,FR,married,0,cdi,Employer 24,1632.00,816.91,hosted,excellent,A,active,,2026-05-30 13:40:16.08259+00,2026-05-30 13:40:16.08259+00,,98,,false,,,,false
6d46a9ec-0e7e-42a2-a7e7-f7f085d47d15,CLI-0063,Camille,Org,camille.org62@example.com,+372 51002294,2001-03-02,,,,Madrid,EE,married,0,cdi,Employer 9,4147.00,1606.69,hosted,mixed,C,active,,2026-05-30 13:40:16.08259+00,2026-05-30 13:40:16.08259+00,,52,,false,,,,false
6d5ddd52-b63a-465f-8cc4-aa8b67cc21b6,CLI-0113,Sophie,Susi,sophie.susi112@example.com,+372 51004144,1968-12-20,,,,Narva,EE,married,2,cdi,Employer 27,3114.00,1644.09,tenant,good,A,active,,2026-05-30 13:40:16.08259+00,2026-05-30 13:40:16.08259+00,,88,,false,,,,false
6d6100fc-e73f-432b-8a4f-ab784cc1c130,CLI-0442,Andres,Tamm,andres.tamm441@example.com,+372 51016317,1965-07-14,,,,Lyon,FR,single,0,unemployed,Employer 12,4912.00,2913.04,hosted,mixed,C,active,,2026-05-30 13:40:16.08259+00,2026-05-30 13:40:16.08259+00,,54,,false,,,,false
6da5fb84-9e84-44bf-aa4e-cc2457f60b67,CLI-0843,Maxime,Lopez,maxime.lopez842@example.com,+372 51031154,1969-04-24,,,,Parnu,EE,single,0,retired,Employer 3,2428.00,1164.39,tenant,excellent,A,active,,2026-05-30 13:40:16.308826+00,2026-05-30 13:40:16.308826+00,,95,,false,,,,false
6e14ec94-6068-42bc-842c-5d75efd068e4,CLI-0641,Nathan,Mets,nathan.mets640@example.com,+372 51023680,1989-10-06,,,,Paris,EE,single,1,cdi,Employer 31,2935.00,1593.90,tenant,mixed,C,active,,2026-05-30 13:40:16.308826+00,2026-05-30 13:40:16.308826+00,,56,,false,,,,false
6e20e038-1f92-4cb8-a71e-966e4034bcab,CLI-0472,Romain,Muller,romain.muller471@example.com,+372 51017427,1977-09-15,,,,Helsinki,EE,single,0,unemployed,Employer 24,1956.00,1041.89,owner,excellent,A,active,,2026-05-30 13:40:16.08259+00,2026-05-30 13:40:16.08259+00,,82,,false,,,,false
6e219662-aed2-4f75-91e3-4b697bdc5ab4,CLI-0125,Romain,Ivanov,romain.ivanov124@example.com,+372 51004588,1970-09-02,,,,Lyon,EE,single,1,cdd,Employer 19,2487.00,1261.45,hosted,good,A,active,,2026-05-30 13:40:16.08259+00,2026-05-30 13:40:16.08259+00,,81,,false,,,,false
6eb1aec3-60aa-413c-9868-c52a32de95f3,CLI-0198,Sarah,Raud,sarah.raud197@example.com,+372 51007289,1998-10-07,,,,Geneve,EE,single,2,unemployed,Employer 8,2951.00,1177.66,tenant,mixed,C,active,,2026-05-30 13:40:16.08259+00,2026-05-30 13:40:16.08259+00,,50,,false,,,,false
6ec33993-0b85-4e06-801f-be58429800b7,CLI-0882,Antoine,Kangro,antoine.kangro881@example.com,+372 51032597,1989-06-26,,,,Helsinki,EE,married,3,cdi,Employer 24,4862.00,2538.09,tenant,mixed,B,active,,2026-05-30 13:40:16.308826+00,2026-05-30 13:40:16.308826+00,,73,,false,,,,false
6ed86d02-a536-4fdf-aa6c-537fa98a5f5f,CLI-0798,Camille,Martin,camille.martin797@example.com,+372 51029489,1981-05-15,,,,Parnu,EE,married,3,cdd,Employer 16,2433.00,1203.64,tenant,good,A,active,,2026-05-30 13:40:16.308826+00,2026-05-30 13:40:16.308826+00,,86,,false,,,,false
6f23ea35-c0cb-4005-a49e-2a8d9b4a720c,CLI-0804,Marie,Lille,marie.lille803@example.com,+372 51029711,1986-07-18,,,,Lyon,EE,single,2,cdi,Employer 2,3481.00,1409.70,hosted,mixed,B,active,,2026-05-30 13:40:16.308826+00,2026-05-30 13:40:16.308826+00,,73,,false,,,,false
6f3053f7-fbcd-4481-9dd4-6d9e3f392f2d,CLI-0129,Pauline,Tamm,pauline.tamm128@example.com,+372 51004736,2003-12-20,,,,Helsinki,EE,married,0,retired,Employer 24,5099.00,2310.97,tenant,good,B,active,,2026-05-30 13:40:16.08259+00,2026-05-30 13:40:16.08259+00,,77,,false,,,,false
6f56f506-f072-40f4-bcfb-118b28a272ae,CLI-0368,Manon,Ivanov,manon.ivanov367@example.com,+372 51013579,1965-05-06,,,,Narva,EE,married,0,freelance,Employer 11,3267.00,1796.26,tenant,excellent,A,active,,2026-05-30 13:40:16.08259+00,2026-05-30 13:40:16.08259+00,,93,,false,,,,false
6f5ec0ef-a3f5-425c-a10a-166e96cc66be,CLI-0684,Pauline,Garcia,pauline.garcia683@example.com,+372 51025271,1978-04-17,,,,Narva,FR,single,0,cdi,Employer 33,3141.00,1682.47,owner,good,A,active,,2026-05-30 13:40:16.308826+00,2026-05-30 13:40:16.308826+00,,99,,false,,,,false
6ff5924d-401d-4ede-861a-8933aa90e7b2,CLI-0007,Andres,Vaher,andres.vaher6@example.com,+372 51000222,1987-11-06,,,,Bruxelles,EE,single,3,cdi,Employer 21,2827.00,1056.71,hosted,good,A,active,,2026-05-30 13:40:16.08259+00,2026-05-30 13:40:16.08259+00,,96,,false,,,,false
7056158a-a55d-48d6-a483-e6b7c5f4bf7f,CLI-1049,Thomas,Oja,thomas.oja1048@example.com,+372 51038776,1972-12-22,,,,Lyon,EE,married,1,retired,Employer 15,4179.00,2135.29,hosted,good,B,active,,2026-05-30 13:40:16.416366+00,2026-05-30 13:40:16.416366+00,,65,,false,,,,false
70865beb-8d58-4ddc-b5a6-6123bd88c588,CLI-0526,Clara,Muller,clara.muller525@example.com,+372 51019425,1987-09-25,,,,Parnu,EE,married,0,student,Employer 8,5004.00,2624.79,tenant,good,B,active,,2026-05-30 13:40:16.308826+00,2026-05-30 13:40:16.308826+00,,79,,false,,,,false
70892392-bb26-4b14-849d-78d0c2bd5e64,CLI-0080,Piret,Koppel,piret.koppel79@example.com,+372 51002923,1974-07-14,,,,Narva,FR,single,2,cdi,Employer 32,3924.00,2124.75,owner,incidents,C,active,,2026-05-30 13:40:16.08259+00,2026-05-30 13:40:16.08259+00,,45,,false,,,,false
70b133de-2314-44a1-91c2-f059183e5794,CLI-1299,Emma,Aas,emma.aas1298@example.com,+372 51048026,1999-09-18,,,,Helsinki,EE,single,2,student,Employer 12,5103.00,2663.28,hosted,good,B,active,,2026-05-30 13:40:16.416366+00,2026-05-30 13:40:16.416366+00,,75,,false,,,,false
70b9d4da-ae5e-4396-9f86-d4d16fdc3d23,CLI-0936,Camille,Rebane,camille.rebane935@example.com,+372 51034595,2001-08-05,,,,Madrid,EE,single,2,retired,Employer 39,2812.00,1524.55,owner,good,A,active,,2026-05-30 13:40:16.308826+00,2026-05-30 13:40:16.308826+00,,85,,false,,,,false
70c41224-9b8c-43b6-aa6d-267a68b0f269,CLI-1210,Lea,Vaher,lea.vaher1209@example.com,+372 51044733,1993-10-11,,,,Tallinn,FR,single,0,cdi,Employer 5,2657.00,1355.58,tenant,incidents,D,active,,2026-05-30 13:40:16.416366+00,2026-05-30 13:40:16.416366+00,,21,,false,,,,false
70e80f07-1ec7-46f8-8b3e-4bc8bbafab0d,CLI-0603,Jaan,Petit,jaan.petit602@example.com,+372 51022274,1980-10-27,,,,Paris,EE,married,0,retired,Employer 28,4976.00,2089.46,tenant,good,A,active,,2026-05-30 13:40:16.308826+00,2026-05-30 13:40:16.308826+00,,82,,false,,,,false
7143323b-f0eb-49e8-a953-2b27f4983359,CLI-0780,Yann,Carre,yann.carre779@example.com,+372 51028823,1965-08-07,,,,Narva,EE,single,3,cdi,Employer 19,4182.00,1728.32,hosted,mixed,B,active,,2026-05-30 13:40:16.308826+00,2026-05-30 13:40:16.308826+00,,69,,false,,,,false
71625caf-0467-4a0a-ad7c-7cd33e4a5acc,CLI-0501,Romain,Lemoine,romain.lemoine500@example.com,+372 51018500,2001-06-18,,,,Bruxelles,EE,single,3,retired,Employer 16,1743.00,798.91,tenant,good,A,active,,2026-05-30 13:40:16.308826+00,2026-05-30 13:40:16.308826+00,,85,,false,,,,false
71871334-892c-4274-9d75-84cde0788726,CLI-0551,Maxime,Lepik,maxime.lepik550@example.com,+372 51020350,1987-02-22,,,,Madrid,EE,single,3,cdi,Employer 32,1511.00,874.86,owner,mixed,C,active,,2026-05-30 13:40:16.308826+00,2026-05-30 13:40:16.308826+00,,56,,false,,,,false
71d4f7b7-1e45-46d9-bba6-7fa1aeb5ac6e,CLI-0335,Hugo,Lemoine,hugo.lemoine334@example.com,+372 51012358,1979-07-09,,,,Tallinn,FR,married,3,cdd,Employer 36,1593.00,839.84,owner,incidents,C,active,,2026-05-30 13:40:16.08259+00,2026-05-30 13:40:16.08259+00,,54,,false,,,,false
71fe3c6f-a95f-43a8-90d4-64095def128d,CLI-0163,Pauline,Kangro,pauline.kangro162@example.com,+372 51005994,1976-02-24,,,,Parnu,EE,single,3,cdd,Employer 36,1566.00,688.89,tenant,good,B,active,,2026-05-30 13:40:16.08259+00,2026-05-30 13:40:16.08259+00,,77,,false,,,,false
72394c39-de22-4c1e-9b77-012b072c87f5,CLI-1199,Hugo,Robert,hugo.robert1198@example.com,+372 51044326,1977-07-02,,,,Lyon,EE,married,0,freelance,Employer 8,1605.00,717.31,tenant,mixed,B,active,,2026-05-30 13:40:16.416366+00,2026-05-30 13:40:16.416366+00,,71,,false,,,,false
724d0c14-b7c7-4706-8ba0-3cbd8bbc7a91,CLI-0488,Rasmus,Toom,rasmus.toom487@example.com,+372 51018019,1985-10-17,,,,Madrid,EE,single,3,unemployed,Employer 26,1974.00,911.90,owner,good,B,active,,2026-05-30 13:40:16.08259+00,2026-05-30 13:40:16.08259+00,,65,,false,,,,false
72683f5f-9011-4a79-b962-08b828ba0902,CLI-1162,Dimitri,Dubois,dimitri.dubois1161@example.com,+372 51042957,1978-02-11,,,,Parnu,EE,single,2,student,Employer 38,4615.00,1826.91,tenant,excellent,A,active,,2026-05-30 13:40:16.416366+00,2026-05-30 13:40:16.416366+00,,98,,false,,,,false
72b0fdeb-2218-4423-8462-0a78db8a53ba,CLI-1159,Sophie,Koppel,sophie.koppel1158@example.com,+372 51042846,1989-11-01,,,,Narva,FR,single,3,retired,Employer 31,4722.00,2266.35,owner,incidents,C,active,,2026-05-30 13:40:16.416366+00,2026-05-30 13:40:16.416366+00,,55,,false,,,,false
72eb04f9-8b8c-4896-9be1-d7cdcfcfc557,CLI-0819,Lea,Sokk,lea.sokk818@example.com,+372 51030266,2000-12-01,,,,Lyon,EE,single,2,student,Employer 7,2406.00,1136.33,hosted,incidents,D,active,,2026-05-30 13:40:16.308826+00,2026-05-30 13:40:16.308826+00,,31,,false,,,,false
72eb50f2-ce98-46b4-8888-3fd0fe624ad0,CLI-0837,Dimitri,Koppel,dimitri.koppel836@example.com,+372 51030932,1973-10-25,,,,Tartu,EE,married,3,cdi,Employer 21,1990.00,1117.65,tenant,incidents,D,active,,2026-05-30 13:40:16.308826+00,2026-05-30 13:40:16.308826+00,,20,,false,,,,false
737b3fe6-a44f-414a-ba31-a3ac75858bce,CLI-0426,Romain,Koppel,romain.koppel425@example.com,+372 51015725,1985-04-14,,,,Parnu,EE,single,3,freelance,Employer 7,1493.00,539.39,tenant,excellent,A,active,,2026-05-30 13:40:16.08259+00,2026-05-30 13:40:16.08259+00,,95,,false,,,,false
73837fb5-0593-4d89-931b-315dae2a236a,CLI-1235,Sarah,Vidal,sarah.vidal1234@example.com,+372 51045658,1980-11-15,,,,Bruxelles,EE,single,3,unemployed,Employer 33,4412.00,1884.79,hosted,incidents,D,active,,2026-05-30 13:40:16.416366+00,2026-05-30 13:40:16.416366+00,,28,,false,,,,false
73937fd4-df85-4f92-867d-351fcc96459f,CLI-0668,Sarah,Sokk,sarah.sokk667@example.com,+372 51024679,1985-08-21,,,,Tallinn,EE,married,3,freelance,Employer 31,1685.00,817.12,tenant,excellent,A,active,,2026-05-30 13:40:16.308826+00,2026-05-30 13:40:16.308826+00,,88,,false,,,,false
73997b67-df90-4afa-b62d-e6ba9ad07a8a,CLI-0154,Eva,Bernard,eva.bernard153@example.com,+372 51005661,1993-02-03,,,,Tartu,FR,married,0,cdd,Employer 2,3374.00,1736.16,tenant,excellent,A,active,,2026-05-30 13:40:16.08259+00,2026-05-30 13:40:16.08259+00,,83,,false,,,,false
73c5bc40-1f71-409c-a92d-15ddbf894781,CLI-0743,Hugo,Lemoine,hugo.lemoine742@example.com,+372 51027454,1970-01-01,,,,Tallinn,EE,married,2,freelance,Employer 38,2859.00,1279.79,owner,excellent,A,active,,2026-05-30 13:40:16.308826+00,2026-05-30 13:40:16.308826+00,,83,,false,,,,false
742c4883-a776-4018-b432-eb86946962c8,CLI-0027,Piret,Koppel,piret.koppel26@example.com,+372 51000962,1997-12-10,,,,Madrid,FR,single,2,retired,Employer 20,2667.00,1156.89,owner,good,B,active,,2026-05-30 13:40:16.08259+00,2026-05-30 13:40:16.08259+00,,69,,false,,,,false
7481886c-0c41-459e-bc46-3e41e9070ed5,CLI-0313,Kevin,Sepp,kevin.sepp312@example.com,+372 51011544,1989-05-12,,,,Geneve,EE,married,2,unemployed,Employer 26,1160.00,479.31,tenant,excellent,A,active,,2026-05-30 13:40:16.08259+00,2026-05-30 13:40:16.08259+00,,88,,false,,,,false
74f3ce5b-edb3-4c13-891c-ad6473918269,CLI-1351,Mehdi,Smirnov,mehdi.smirnov1350@example.com,+372 51049950,1970-09-20,,,,Bruxelles,EE,single,2,cdi,Employer 24,3762.00,1691.13,owner,excellent,A,active,,2026-05-30 13:40:16.416366+00,2026-05-30 13:40:16.416366+00,,99,,false,,,,false
7501ad5a-4983-42c5-97bc-36e18a6692dc,CLI-0221,Alex,Raud,alex.raud220@example.com,+372 51008140,2003-12-20,,,,Madrid,FR,single,2,retired,Employer 19,2098.00,1000.28,tenant,good,B,active,,2026-05-30 13:40:16.08259+00,2026-05-30 13:40:16.08259+00,,71,,false,,,,false
75377db3-70d0-4bca-9b6c-2cd2dd23ae76,CLI-0515,Thomas,Ivanov,thomas.ivanov514@example.com,+372 51019018,1985-05-12,,,,Narva,EE,single,0,cdi,Employer 4,4978.00,2735.70,hosted,mixed,C,active,,2026-05-30 13:40:16.308826+00,2026-05-30 13:40:16.308826+00,,56,,false,,,,false
75416ccc-db6b-4b1c-8fa0-7ce7436fa3d2,CLI-1347,Pauline,Kukk,pauline.kukk1346@example.com,+372 51049802,1992-12-18,,,,Tallinn,FR,married,3,cdi,Employer 14,2059.00,1009.33,tenant,excellent,A,active,,2026-05-30 13:40:16.416366+00,2026-05-30 13:40:16.416366+00,,92,,false,,,,false
7578807d-67ad-4cee-ba1e-28904ac523b4,CLI-0051,Pauline,Robert,pauline.robert50@example.com,+372 51001850,1975-08-17,,,,Lyon,EE,married,0,cdi,Employer 6,4138.00,2001.19,hosted,excellent,A,active,,2026-05-30 13:40:16.08259+00,2026-05-30 13:40:16.08259+00,,81,,false,,,,false
75975752-db62-4e74-8471-d5e3f92c0a56,CLI-0200,Marie,Lemoine,marie.lemoine199@example.com,+372 51007363,1986-09-25,,,,Bruxelles,EE,married,3,cdi,Employer 3,1934.00,1078.23,hosted,good,B,active,,2026-05-30 13:40:16.08259+00,2026-05-30 13:40:16.08259+00,,70,,false,,,,false
75aa44b9-213a-444f-bb96-a229c89dce24,CLI-0921,Mehdi,Robert,mehdi.robert920@example.com,+372 51034040,1967-03-13,,,,Tartu,EE,single,3,freelance,Employer 31,3268.00,1385.88,tenant,excellent,A,active,,2026-05-30 13:40:16.308826+00,2026-05-30 13:40:16.308826+00,,90,,false,,,,false
76109a2e-908f-4010-9aea-9371711a1582,CLI-0122,Kadri,Lille,kadri.lille121@example.com,+372 51004477,1991-09-15,,,,Tartu,FR,single,1,cdi,Employer 21,5150.00,2566.75,hosted,mixed,B,active,,2026-05-30 13:40:16.08259+00,2026-05-30 13:40:16.08259+00,,69,,false,,,,false
763274c8-bed8-4e39-97b4-a3c927d7f26a,CLI-1282,Tiina,Kukk,tiina.kukk1281@example.com,+372 51047397,1991-05-20,,,,Bruxelles,EE,married,1,cdd,Employer 8,4936.00,2045.34,tenant,excellent,A,active,,2026-05-30 13:40:16.416366+00,2026-05-30 13:40:16.416366+00,,81,,false,,,,false
7649440c-c936-4e1e-93d9-463dd58bfbd0,CLI-0912,Chloe,Vaher,chloe.vaher911@example.com,+372 51033707,1980-07-01,,,,Tartu,EE,married,0,cdi,Employer 21,3625.00,2101.16,tenant,excellent,A,active,,2026-05-30 13:40:16.308826+00,2026-05-30 13:40:16.308826+00,,80,,false,,,,false
765a2427-4f91-4f76-90db-0482fc95dfad,CLI-0669,Camille,Robert,camille.robert668@example.com,+372 51024716,1983-12-19,,,,Lyon,FR,single,3,cdi,Employer 36,2050.00,806.41,tenant,mixed,B,active,,2026-05-30 13:40:16.308826+00,2026-05-30 13:40:16.308826+00,,73,,false,,,,false
765fd2b6-873b-4777-bfed-74138e16cc78,CLI-0416,Marie,Raud,marie.raud415@example.com,+372 51015355,1984-01-10,,,,Bruxelles,EE,married,3,retired,Employer 27,2644.00,1288.88,owner,good,B,active,,2026-05-30 13:40:16.08259+00,2026-05-30 13:40:16.08259+00,,67,,false,,,,false
766f91ee-7613-4804-9721-001cd56d4d75,CLI-0060,Mehdi,Kangro,mehdi.kangro59@example.com,+372 51002183,1986-07-14,,,,Paris,EE,married,0,cdi,Employer 8,2978.00,1754.83,owner,mixed,C,active,,2026-05-30 13:40:16.08259+00,2026-05-30 13:40:16.08259+00,,55,,false,,,,false
76bd36fd-681b-44ce-be41-14d6d63e4899,CLI-0933,Nathan,Martin,nathan.martin932@example.com,+372 51034484,1999-03-06,,,,Tartu,FR,single,0,cdi,Employer 27,2573.00,1542.37,tenant,excellent,A,active,,2026-05-30 13:40:16.308826+00,2026-05-30 13:40:16.308826+00,,81,,false,,,,false
76cf2008-0964-43e0-ba4c-728dad54c839,CLI-0947,Alex,Smirnov,alex.smirnov946@example.com,+372 51035002,1988-08-17,,,,Tallinn,FR,single,2,cdd,Employer 30,1463.00,540.23,tenant,good,A,active,,2026-05-30 13:40:16.308826+00,2026-05-30 13:40:16.308826+00,,85,,false,,,,false
76d0757b-dd56-46ba-8dd6-f524a594ad3f,CLI-0205,Antoine,Tamm,antoine.tamm204@example.com,+372 51007548,1972-09-22,,,,Bruxelles,EE,married,1,cdd,Employer 17,4852.00,2639.05,tenant,excellent,A,active,,2026-05-30 13:40:16.08259+00,2026-05-30 13:40:16.08259+00,,94,,false,,,,false
76e908a1-c345-4c6c-b305-d9d456fce893,CLI-1316,Camille,Raud,camille.raud1315@example.com,+372 51048655,1983-02-24,,,,Tallinn,EE,single,3,cdi,Employer 31,3466.00,1581.56,owner,excellent,A,active,,2026-05-30 13:40:16.416366+00,2026-05-30 13:40:16.416366+00,,93,,false,,,,false
77045b00-882f-42d7-b26b-4313f9fc5111,CLI-1314,Eva,Saar,eva.saar1313@example.com,+372 51048581,1986-09-12,,,,Geneve,EE,single,0,cdi,Employer 4,4114.00,2189.46,tenant,incidents,C,active,,2026-05-30 13:40:16.416366+00,2026-05-30 13:40:16.416366+00,,59,,false,,,,false
77356b2d-9577-4015-8dc9-7fccd4f1547b,CLI-0323,Mart,Dubois,mart.dubois322@example.com,+372 51011914,1983-04-19,,,,Lyon,EE,single,1,retired,Employer 11,3730.00,2093.37,owner,good,B,active,,2026-05-30 13:40:16.08259+00,2026-05-30 13:40:16.08259+00,,66,,false,,,,false
774ea904-1261-423f-8f96-aa1a84e0b07f,CLI-1003,Kadri,Parn,kadri.parn1002@example.com,+372 51037074,1989-07-09,,,,Bruxelles,EE,married,2,freelance,Employer 35,1530.00,781.35,hosted,excellent,A,active,,2026-05-30 13:40:16.416366+00,2026-05-30 13:40:16.416366+00,,92,,false,,,,false
777f9eb3-351b-4a8c-9fcc-7cd6a4fe2f56,CLI-1022,Julien,Vaher,julien.vaher1021@example.com,+372 51037777,1973-04-20,,,,Narva,FR,married,2,cdi,Employer 28,3576.00,1401.57,tenant,excellent,A,active,,2026-05-30 13:40:16.416366+00,2026-05-30 13:40:16.416366+00,,99,,false,,,,false
778e6475-3f9c-44f1-b9d1-3c38ff905c49,CLI-0934,Mehdi,Raud,mehdi.raud933@example.com,+372 51034521,1983-04-08,,,,Narva,FR,single,0,freelance,Employer 20,3701.00,1409.32,hosted,good,A,active,,2026-05-30 13:40:16.308826+00,2026-05-30 13:40:16.308826+00,,98,,false,,,,false
778ecee3-3c98-451f-bb6e-d92758268023,CLI-0838,Camille,Toom,camille.toom837@example.com,+372 51030969,1980-07-15,,,,Tallinn,EE,single,2,cdi,Employer 27,2943.00,1571.01,hosted,mixed,B,active,,2026-05-30 13:40:16.308826+00,2026-05-30 13:40:16.308826+00,,73,,false,,,,false
77e090b6-c626-451d-af3d-0f96752ab961,CLI-0504,Hugo,Lepik,hugo.lepik503@example.com,+372 51018611,2004-04-14,,,,Madrid,FR,single,0,retired,Employer 10,1327.00,598.50,tenant,mixed,C,active,,2026-05-30 13:40:16.308826+00,2026-05-30 13:40:16.308826+00,,51,,false,,,,false
7827d323-59df-4046-bf3a-6dff2be75b73,CLI-0972,Pauline,Vaher,pauline.vaher971@example.com,+372 51035927,1995-10-28,,,,Parnu,FR,married,1,freelance,Employer 13,2426.00,1440.05,hosted,good,A,active,,2026-05-30 13:40:16.308826+00,2026-05-30 13:40:16.308826+00,,98,,false,,,,false
78501718-cc12-43ca-9bf5-64fefb7195cb,CLI-0291,Clara,Kangro,clara.kangro290@example.com,+372 51010730,1977-06-21,,,,Tallinn,FR,single,0,unemployed,Employer 15,3732.00,1541.69,tenant,excellent,A,active,,2026-05-30 13:40:16.08259+00,2026-05-30 13:40:16.08259+00,,88,,false,,,,false
785175dc-07f2-4934-bfed-08e3d6664823,CLI-0398,Sarah,Parn,sarah.parn397@example.com,+372 51014689,1994-06-16,,,,Tallinn,EE,single,0,cdi,Employer 24,1778.00,832.46,tenant,good,A,active,,2026-05-30 13:40:16.08259+00,2026-05-30 13:40:16.08259+00,,96,,false,,,,false
785d9b01-6a4e-4705-b1e9-58d6fe81ea40,CLI-0850,Maxime,Lille,maxime.lille849@example.com,+372 51031413,1992-05-23,,,,Tallinn,FR,single,3,student,Employer 15,3296.00,1656.95,owner,incidents,D,active,,2026-05-30 13:40:16.308826+00,2026-05-30 13:40:16.308826+00,,28,,false,,,,false
78691666-682e-4a03-8b64-2ba6b135d6ae,CLI-0555,Hugo,Kangro,hugo.kangro554@example.com,+372 51020498,1966-01-18,,,,Geneve,EE,single,1,freelance,Employer 12,2058.00,1126.97,owner,good,A,active,,2026-05-30 13:40:16.308826+00,2026-05-30 13:40:16.308826+00,,83,,false,,,,false
788c9dee-e579-4d55-817f-c65b66fa7660,CLI-0887,Alex,Vaher,alex.vaher886@example.com,+372 51032782,1997-11-04,,,,Parnu,EE,single,0,unemployed,Employer 16,5162.00,2047.57,hosted,excellent,A,active,,2026-05-30 13:40:16.308826+00,2026-05-30 13:40:16.308826+00,,93,,false,,,,false
78a7dafb-ce2c-4d7b-b68a-93798a1e20b3,CLI-0049,Clara,Lopez,clara.lopez48@example.com,+372 51001776,2001-10-27,,,,Paris,EE,married,3,cdi,Employer 15,3868.00,1851.47,owner,incidents,C,active,,2026-05-30 13:40:16.08259+00,2026-05-30 13:40:16.08259+00,,51,,false,,,,false
78f0dbfb-b2ef-483c-b850-4bda16eff374,CLI-0301,Nathan,Garcia,nathan.garcia300@example.com,+372 51011100,1994-07-19,,,,Geneve,FR,married,2,student,Employer 29,4371.00,1723.89,tenant,mixed,B,active,,2026-05-30 13:40:16.08259+00,2026-05-30 13:40:16.08259+00,,70,,false,,,,false
790251bf-74e6-4787-b69c-7c319d4b53c5,CLI-0811,Sarah,Lopez,sarah.lopez810@example.com,+372 51029970,1992-02-17,,,,Narva,EE,married,3,cdi,Employer 6,1165.00,551.44,owner,good,B,active,,2026-05-30 13:40:16.308826+00,2026-05-30 13:40:16.308826+00,,72,,false,,,,false
7904da94-9f96-4cfd-ba17-7175ac5e9b17,CLI-0935,Kevin,Sepp,kevin.sepp934@example.com,+372 51034558,1991-12-10,,,,Tartu,EE,married,2,unemployed,Employer 3,4418.00,1981.90,hosted,good,B,active,,2026-05-30 13:40:16.308826+00,2026-05-30 13:40:16.308826+00,,65,,false,,,,false
7914fa3f-6256-4cc3-910e-5082d7d931fd,CLI-0467,Nathan,Sokk,nathan.sokk466@example.com,+372 51017242,1998-12-18,,,,Narva,FR,single,0,cdi,Employer 1,2542.00,1407.60,tenant,incidents,C,active,,2026-05-30 13:40:16.08259+00,2026-05-30 13:40:16.08259+00,,57,,false,,,,false
792513de-9b98-4d5b-ac59-2bc553534984,CLI-0010,Yann,Vidal,yann.vidal9@example.com,+372 51000333,1982-03-12,,,,Geneve,FR,married,0,cdi,Employer 21,1190.00,467.18,tenant,incidents,C,active,,2026-05-30 13:40:16.08259+00,2026-05-30 13:40:16.08259+00,,64,,false,,,,false
7930035f-9b8f-44be-9d80-6b3dded7394b,CLI-0215,Anna,Magi,anna.magi214@example.com,+372 51007918,1981-01-04,,,,Lyon,FR,single,3,cdd,Employer 33,1700.00,947.18,hosted,excellent,A,active,,2026-05-30 13:40:16.08259+00,2026-05-30 13:40:16.08259+00,,97,,false,,,,false
794a54e2-f092-4ea1-a6dd-1aaaf2587dd6,CLI-1131,Rasmus,Vaher,rasmus.vaher1130@example.com,+372 51041810,1976-04-22,,,,Helsinki,EE,single,2,cdi,Employer 33,3158.00,1575.90,hosted,excellent,A,active,,2026-05-30 13:40:16.416366+00,2026-05-30 13:40:16.416366+00,,83,,false,,,,false
799e802d-c4e1-4d19-9a70-b83e56ee7f7e,CLI-1106,Marko,Vaher,marko.vaher1105@example.com,+372 51040885,1971-11-07,,,,Tallinn,FR,married,1,retired,Employer 38,1251.00,631.15,tenant,excellent,A,active,,2026-05-30 13:40:16.416366+00,2026-05-30 13:40:16.416366+00,,98,,false,,,,false
79c55d57-957a-4a41-af82-0043ef9eed5b,CLI-0671,Camille,Garcia,camille.garcia670@example.com,+372 51024790,2000-09-07,,,,Tallinn,EE,single,0,cdi,Employer 34,4200.00,2048.01,hosted,good,A,active,,2026-05-30 13:40:16.308826+00,2026-05-30 13:40:16.308826+00,,89,,false,,,,false
79d3b1e1-8014-4582-85df-4307fad70c07,CLI-1336,Camille,Sepp,camille.sepp1335@example.com,+372 51049395,1982-09-06,,,,Geneve,EE,single,0,unemployed,Employer 12,1238.00,600.07,hosted,good,A,active,,2026-05-30 13:40:16.416366+00,2026-05-30 13:40:16.416366+00,,80,,false,,,,false
7a8e3194-0afb-4a82-9cba-ad6b434bdf95,CLI-1174,Romain,Magi,romain.magi1173@example.com,+372 51043401,1983-04-14,,,,Lyon,EE,single,2,cdd,Employer 15,4020.00,2335.68,owner,mixed,C,active,,2026-05-30 13:40:16.416366+00,2026-05-30 13:40:16.416366+00,,61,,false,,,,false
7ab0c4ce-c342-4ecb-951e-54f62152b68a,CLI-0016,Piret,Magi,piret.magi15@example.com,+372 51000555,2000-10-05,,,,Tallinn,EE,married,1,retired,Employer 18,2741.00,1462.56,tenant,good,B,active,,2026-05-30 13:40:16.08259+00,2026-05-30 13:40:16.08259+00,,67,,false,,,,false
7ab85399-b357-4925-87b4-61687156172b,CLI-0595,Anna,Lepik,anna.lepik594@example.com,+372 51021978,2002-05-16,,,,Helsinki,FR,single,1,cdi,Employer 30,1906.00,716.30,tenant,good,A,active,,2026-05-30 13:40:16.308826+00,2026-05-30 13:40:16.308826+00,,98,,false,,,,false
7aea28b9-a3d9-45af-8179-57b24922a46c,CLI-1177,Kristjan,Smirnov,kristjan.smirnov1176@example.com,+372 51043512,1995-07-09,,,,Lyon,EE,married,1,cdi,Employer 30,1297.00,456.66,owner,good,A,active,,2026-05-30 13:40:16.416366+00,2026-05-30 13:40:16.416366+00,,85,,false,,,,false
7affe612-5fb0-4f8f-ab1e-be127ac4a835,CLI-1340,Clara,Kangro,clara.kangro1339@example.com,+372 51049543,1978-06-21,,,,Madrid,EE,married,2,cdi,Employer 25,4542.00,2642.30,owner,excellent,A,active,,2026-05-30 13:40:16.416366+00,2026-05-30 13:40:16.416366+00,,84,,false,,,,false
7ba6bff8-cb43-48fe-bf7a-45b53b6ae817,CLI-0411,Kevin,Smirnov,kevin.smirnov410@example.com,+372 51015170,1984-10-20,,,,Tartu,EE,married,1,freelance,Employer 11,3433.00,1343.86,tenant,excellent,A,active,,2026-05-30 13:40:16.08259+00,2026-05-30 13:40:16.08259+00,,96,,false,,,,false
7bbaba42-3eb7-406e-abdb-4ca1bb7b0375,CLI-0774,Camille,Vaino,camille.vaino773@example.com,+372 51028601,1992-03-07,,,,Parnu,EE,married,2,cdi,Employer 16,1421.00,751.94,owner,good,B,active,,2026-05-30 13:40:16.308826+00,2026-05-30 13:40:16.308826+00,,69,,false,,,,false
7bf43682-eb16-4f91-b27b-9443886a17b2,CLI-0726,Kadri,Susi,kadri.susi725@example.com,+372 51026825,1997-10-10,,,,Geneve,EE,married,2,unemployed,Employer 35,4529.00,1922.85,hosted,incidents,D,active,,2026-05-30 13:40:16.308826+00,2026-05-30 13:40:16.308826+00,,37,,false,,,,false
7c48cf27-eaaa-4d92-a4c8-498c01f8cc20,CLI-0325,Sophie,Lopez,sophie.lopez324@example.com,+372 51011988,2000-11-09,,,,Parnu,FR,single,2,cdi,Employer 39,3072.00,1148.67,tenant,excellent,A,active,,2026-05-30 13:40:16.08259+00,2026-05-30 13:40:16.08259+00,,97,,false,,,,false
7c8f0bd6-031b-4935-b6cb-268ac3b967fd,CLI-0376,Dimitri,Lille,dimitri.lille375@example.com,+372 51013875,2004-10-08,,,,Geneve,EE,single,1,cdd,Employer 38,4589.00,2489.30,hosted,good,B,active,,2026-05-30 13:40:16.08259+00,2026-05-30 13:40:16.08259+00,,68,,false,,,,false
7ce6bc97-18b7-44a1-8bf1-91ea3bfc00fe,CLI-0152,Marko,Tamm,marko.tamm151@example.com,+372 51005587,1965-05-25,,,,Bruxelles,EE,married,1,freelance,Employer 11,4226.00,1553.61,hosted,incidents,C,active,,2026-05-30 13:40:16.08259+00,2026-05-30 13:40:16.08259+00,,58,,false,,,,false
7d0f5d11-e6a3-434e-a4ec-d1dc9d2dd324,CLI-0738,Romain,Muller,romain.muller737@example.com,+372 51027269,1990-01-09,,,,Madrid,EE,single,1,cdi,Employer 33,3782.00,1546.00,owner,good,A,active,,2026-05-30 13:40:16.308826+00,2026-05-30 13:40:16.308826+00,,83,,false,,,,false
7d2607be-1b2f-4df9-815d-6d529446ed60,CLI-1143,Piret,Susi,piret.susi1142@example.com,+372 51042254,1969-11-14,,,,Bruxelles,EE,single,0,cdi,Employer 13,4991.00,2081.20,hosted,excellent,A,active,,2026-05-30 13:40:16.416366+00,2026-05-30 13:40:16.416366+00,,91,,false,,,,false
7d26bcd7-b90d-4644-b293-350f21ec8f08,CLI-0872,Maria,Kask,maria.kask871@example.com,+372 51032227,1985-11-02,,,,Bruxelles,EE,single,2,cdd,Employer 1,2274.00,1029.12,owner,mixed,B,active,,2026-05-30 13:40:16.308826+00,2026-05-30 13:40:16.308826+00,,69,,false,,,,false
7d5bda4e-9d63-431a-8699-b89531354093,CLI-1153,Lea,Kangro,lea.kangro1152@example.com,+372 51042624,2004-09-22,,,,Narva,EE,married,2,freelance,Employer 32,3649.00,1968.23,owner,good,A,active,,2026-05-30 13:40:16.416366+00,2026-05-30 13:40:16.416366+00,,84,,false,,,,false
7d73ac07-a49e-4ce6-9793-c16ab0c03083,CLI-0582,Romain,Parn,romain.parn581@example.com,+372 51021497,1982-04-06,,,,Madrid,FR,married,0,retired,Employer 28,3226.00,1274.52,tenant,incidents,C,active,,2026-05-30 13:40:16.308826+00,2026-05-30 13:40:16.308826+00,,58,,false,,,,false
7df84c26-2bf1-4258-afff-8cf44d754e48,CLI-0538,Piret,Carre,piret.carre537@example.com,+372 51019869,1982-10-15,,,,Helsinki,FR,single,2,unemployed,Employer 19,3679.00,1929.00,owner,excellent,A,active,,2026-05-30 13:40:16.308826+00,2026-05-30 13:40:16.308826+00,,97,,false,,,,false
7e9142de-b5fe-4a89-af50-bedb3d7e0505,CLI-1020,Hugo,Smirnov,hugo.smirnov1019@example.com,+372 51037703,1981-07-02,,,,Lyon,EE,single,1,retired,Employer 39,3143.00,1396.67,tenant,good,A,active,,2026-05-30 13:40:16.416366+00,2026-05-30 13:40:16.416366+00,,86,,false,,,,false
7ebbb6b1-5cfe-487a-a97e-64058c2fafdd,CLI-0164,Tiina,Petit,tiina.petit163@example.com,+372 51006031,2004-09-07,,,,Tartu,EE,married,2,freelance,Employer 24,2217.00,861.55,tenant,excellent,A,active,,2026-05-30 13:40:16.08259+00,2026-05-30 13:40:16.08259+00,,95,,false,,,,false
7ec649b7-f628-47e9-934d-078e98112b46,CLI-1142,Tiina,Susi,tiina.susi1141@example.com,+372 51042217,1980-01-14,,,,Narva,EE,married,2,unemployed,Employer 17,2747.00,1466.77,owner,good,A,active,,2026-05-30 13:40:16.416366+00,2026-05-30 13:40:16.416366+00,,86,,false,,,,false
7ef933ba-327f-4426-9871-9db2c900e424,CLI-0418,Karl,Smirnov,karl.smirnov417@example.com,+372 51015429,1976-08-23,,,,Paris,EE,married,0,unemployed,Employer 1,2862.00,1016.92,tenant,good,A,active,,2026-05-30 13:40:16.08259+00,2026-05-30 13:40:16.08259+00,,88,,false,,,,false
7f3adfeb-6c20-4bb8-90ea-53588a7e566d,CLI-0957,Andres,Vidal,andres.vidal956@example.com,+372 51035372,1983-11-06,,,,Tartu,EE,married,3,freelance,Employer 12,4203.00,1806.04,tenant,excellent,A,active,,2026-05-30 13:40:16.308826+00,2026-05-30 13:40:16.308826+00,,99,,false,,,,false
7f3d7a20-48e9-47d8-9922-fc3da8ff11da,CLI-0015,Eva,Laine,eva.laine14@example.com,+372 51000518,1966-08-12,,,,Lyon,EE,married,3,cdi,Employer 11,2963.00,1438.71,hosted,mixed,B,active,,2026-05-30 13:40:16.08259+00,2026-05-30 13:40:16.08259+00,,76,,false,,,,false
7f58c5d8-13c9-4afd-b049-4891781473fd,CLI-0885,Laura,Lemoine,laura.lemoine884@example.com,+372 51032708,1985-12-14,,,,Parnu,EE,single,2,cdi,Employer 23,1710.00,733.71,tenant,excellent,A,active,,2026-05-30 13:40:16.308826+00,2026-05-30 13:40:16.308826+00,,83,,false,,,,false
7f68191a-50b4-4163-81d4-10f50cfbb421,CLI-0458,Emma,Laine,emma.laine457@example.com,+372 51016909,1996-05-21,,,,Parnu,EE,single,0,student,Employer 27,4864.00,1772.90,tenant,excellent,A,active,,2026-05-30 13:40:16.08259+00,2026-05-30 13:40:16.08259+00,,97,,false,,,,false
7f9bca5c-536a-488e-bbc6-0ca0f065654a,CLI-1337,Yann,Ivanov,yann.ivanov1336@example.com,+372 51049432,1973-02-07,,,,Geneve,EE,married,0,cdd,Employer 32,2018.00,1060.04,tenant,excellent,A,active,,2026-05-30 13:40:16.416366+00,2026-05-30 13:40:16.416366+00,,88,,false,,,,false
80321f89-51c8-43cd-ac8f-d58c5eec257d,CLI-0897,Maxime,Smirnov,maxime.smirnov896@example.com,+372 51033152,2003-01-28,,,,Helsinki,EE,single,2,unemployed,Employer 28,4390.00,1611.28,tenant,mixed,B,active,,2026-05-30 13:40:16.308826+00,2026-05-30 13:40:16.308826+00,,73,,false,,,,false
80619d0d-48f1-4d4b-a4e2-d34137050259,CLI-0134,Karl,Toom,karl.toom133@example.com,+372 51004921,2000-07-20,,,,Helsinki,FR,married,2,student,Employer 28,2411.00,1346.83,tenant,good,A,active,,2026-05-30 13:40:16.08259+00,2026-05-30 13:40:16.08259+00,,84,,false,,,,false
80c7318b-81a8-4f76-aadd-6490e23ea103,CLI-1312,Nathan,Oja,nathan.oja1311@example.com,+372 51048507,1975-05-05,,,,Geneve,EE,single,2,cdi,Employer 17,2710.00,1527.18,tenant,incidents,C,active,,2026-05-30 13:40:16.416366+00,2026-05-30 13:40:16.416366+00,,51,,false,,,,false
81354255-bf1f-499c-b04e-82746aba6bea,CLI-0583,Laura,Vaher,laura.vaher582@example.com,+372 51021534,1966-06-18,,,,Parnu,EE,single,3,retired,Employer 40,1367.00,696.12,owner,incidents,D,active,,2026-05-30 13:40:16.308826+00,2026-05-30 13:40:16.308826+00,,38,,false,,,,false
819433ab-ddc4-40e5-984a-e320953edf56,CLI-0573,Romain,Muller,romain.muller572@example.com,+372 51021164,1994-08-26,,,,Tartu,EE,single,2,cdi,Employer 2,3187.00,1390.17,tenant,mixed,C,active,,2026-05-30 13:40:16.308826+00,2026-05-30 13:40:16.308826+00,,59,,false,,,,false
81c58df1-a62b-4489-b03d-e29c379d6435,CLI-1301,Hugo,Rebane,hugo.rebane1300@example.com,+372 51048100,1992-11-14,,,,Tallinn,EE,married,1,cdi,Employer 11,4140.00,2465.29,hosted,excellent,A,active,,2026-05-30 13:40:16.416366+00,2026-05-30 13:40:16.416366+00,,93,,false,,,,false
81f3c949-7180-42b5-bff7-8254e1f4f7ea,CLI-0234,Jaan,Aas,jaan.aas233@example.com,+372 51008621,1965-06-23,,,,Narva,EE,single,2,freelance,Employer 5,4387.00,1642.99,owner,mixed,B,active,,2026-05-30 13:40:16.08259+00,2026-05-30 13:40:16.08259+00,,68,,false,,,,false
81fa4047-66b1-4744-8e1a-62d182bee2df,CLI-0791,Lucas,Lopez,lucas.lopez790@example.com,+372 51029230,1970-02-13,,,,Geneve,FR,married,2,cdi,Employer 18,3934.00,2171.21,owner,good,B,active,,2026-05-30 13:40:16.308826+00,2026-05-30 13:40:16.308826+00,,68,,false,,,,false
820e537d-d09b-4da2-8efa-121679c0424d,CLI-0714,Liis,Nguyen,liis.nguyen713@example.com,+372 51026381,1998-01-23,,,,Tartu,FR,single,2,cdi,Employer 23,1845.00,958.84,tenant,excellent,A,active,,2026-05-30 13:40:16.308826+00,2026-05-30 13:40:16.308826+00,,94,,false,,,,false
821bc78d-cc69-4956-ad05-7c126d10aacc,CLI-1297,Julien,Toom,julien.toom1296@example.com,+372 51047952,2002-04-13,,,,Madrid,EE,married,2,freelance,Employer 25,4433.00,2271.35,hosted,good,B,active,,2026-05-30 13:40:16.416366+00,2026-05-30 13:40:16.416366+00,,76,,false,,,,false
82277bc2-511a-4e79-b66b-1b9b667aa814,CLI-0076,Rasmus,Vaino,rasmus.vaino75@example.com,+372 51002775,1977-12-13,,,,Tartu,EE,married,1,freelance,Employer 25,2401.00,1402.19,tenant,good,A,active,,2026-05-30 13:40:16.08259+00,2026-05-30 13:40:16.08259+00,,95,,false,,,,false
822a5d67-8419-43dc-b5fc-347be2b17e1f,CLI-0565,Anna,Petit,anna.petit564@example.com,+372 51020868,1970-05-04,,,,Paris,EE,single,2,cdi,Employer 8,3839.00,1556.38,tenant,excellent,A,active,,2026-05-30 13:40:16.308826+00,2026-05-30 13:40:16.308826+00,,96,,false,,,,false
8270a5a0-555d-4f88-9e00-f4efbef3a6d9,CLI-0967,Anna,Sepp,anna.sepp966@example.com,+372 51035742,1979-06-15,,,,Paris,EE,married,3,freelance,Employer 36,2634.00,1478.89,hosted,good,A,active,,2026-05-30 13:40:16.308826+00,2026-05-30 13:40:16.308826+00,,84,,false,,,,false
82791ace-0fd6-486c-8c3b-ea3ab5fa6b30,CLI-0789,Manon,Saar,manon.saar788@example.com,+372 51029156,1965-01-24,,,,Parnu,EE,married,2,unemployed,Employer 36,1942.00,869.68,owner,mixed,C,active,,2026-05-30 13:40:16.308826+00,2026-05-30 13:40:16.308826+00,,54,,false,,,,false
82a5e7bd-7db8-4dec-b98c-df63a095f8e1,CLI-0316,Karl,Mets,karl.mets315@example.com,+372 51011655,1985-08-26,,,,Parnu,EE,single,0,cdi,Employer 34,4221.00,2501.87,tenant,good,B,active,,2026-05-30 13:40:16.08259+00,2026-05-30 13:40:16.08259+00,,67,,false,,,,false
82a7e6da-1d54-4d99-b0af-8acc794cb9fc,CLI-0268,Emma,Raud,emma.raud267@example.com,+372 51009879,1976-08-11,,,,Parnu,EE,single,0,freelance,Employer 14,2909.00,1184.50,hosted,incidents,C,active,,2026-05-30 13:40:16.08259+00,2026-05-30 13:40:16.08259+00,,52,,false,,,,false
82b9704d-1bb6-4808-84aa-5cde50fe52db,CLI-0406,Manon,Kukk,manon.kukk405@example.com,+372 51014985,1974-01-09,,,,Tartu,EE,single,2,cdi,Employer 39,2710.00,1301.85,owner,incidents,D,active,,2026-05-30 13:40:16.08259+00,2026-05-30 13:40:16.08259+00,,31,,false,,,,false
82ce88f8-b81d-46fb-b6d1-d8bd73c347a9,CLI-0766,Rasmus,Kallas,rasmus.kallas765@example.com,+372 51028305,1968-10-19,,,,Parnu,EE,married,2,freelance,Employer 28,3613.00,1603.82,tenant,mixed,B,active,,2026-05-30 13:40:16.308826+00,2026-05-30 13:40:16.308826+00,,79,,false,,,,false
82ee20c9-0475-4018-a7be-ed20c919f1b3,CLI-0651,Mart,Muller,mart.muller650@example.com,+372 51024050,1988-03-23,,,,Tallinn,EE,single,2,cdi,Employer 36,1364.00,562.52,hosted,good,B,active,,2026-05-30 13:40:16.308826+00,2026-05-30 13:40:16.308826+00,,71,,false,,,,false
8314def0-892c-445c-9cca-633ff368e821,CLI-0746,Camille,Sokk,camille.sokk745@example.com,+372 51027565,1974-02-10,,,,Lyon,FR,single,1,cdd,Employer 33,4499.00,2063.17,hosted,excellent,A,active,,2026-05-30 13:40:16.308826+00,2026-05-30 13:40:16.308826+00,,96,,false,,,,false
8369a862-0f27-4873-b37c-fde99a31fb6d,CLI-0593,Thomas,Magi,thomas.magi592@example.com,+372 51021904,1985-10-23,,,,Geneve,EE,married,1,student,Employer 17,3407.00,1600.92,tenant,mixed,C,active,,2026-05-30 13:40:16.308826+00,2026-05-30 13:40:16.308826+00,,57,,false,,,,false
8369c1a3-ec40-40c5-80b7-43938f60cee9,CLI-0704,Chloe,Muller,chloe.muller703@example.com,+372 51026011,1970-04-21,,,,Geneve,EE,single,1,cdd,Employer 20,2635.00,1503.10,hosted,mixed,C,active,,2026-05-30 13:40:16.308826+00,2026-05-30 13:40:16.308826+00,,62,,false,,,,false
836ab1b9-add8-4042-b76c-c48eff653327,CLI-0659,Kadri,Oja,kadri.oja658@example.com,+372 51024346,1973-10-07,,,,Paris,FR,married,1,cdd,Employer 8,2326.00,1087.07,tenant,good,A,active,,2026-05-30 13:40:16.308826+00,2026-05-30 13:40:16.308826+00,,91,,false,,,,false
83a5df35-6669-44b3-b0ec-b9889683896e,CLI-0371,Sarah,Dubois,sarah.dubois370@example.com,+372 51013690,1976-12-11,,,,Parnu,EE,single,1,cdi,Employer 8,3300.00,1910.41,tenant,good,B,active,,2026-05-30 13:40:16.08259+00,2026-05-30 13:40:16.08259+00,,73,,false,,,,false
8413b793-fb53-4f91-8b17-be6c2ae29e8c,CLI-0898,Camille,Carre,camille.carre897@example.com,+372 51033189,1976-02-05,,,,Bruxelles,EE,single,0,cdi,Employer 3,2588.00,1445.32,tenant,incidents,D,active,,2026-05-30 13:40:16.308826+00,2026-05-30 13:40:16.308826+00,,41,,false,,,,false
841b82ad-e77d-4cbd-898f-029b16458d69,CLI-0480,Pauline,Saar,pauline.saar479@example.com,+372 51017723,1982-01-07,,,,Lyon,EE,married,3,cdi,Employer 17,2291.00,898.98,tenant,mixed,C,active,,2026-05-30 13:40:16.08259+00,2026-05-30 13:40:16.08259+00,,57,,false,,,,false
8420c961-6c2e-4d07-9465-e9da8631c3b3,CLI-1110,Hugo,Saar,hugo.saar1109@example.com,+372 51041033,1971-12-08,,,,Tartu,EE,married,2,cdd,Employer 37,2801.00,1117.72,tenant,excellent,A,active,,2026-05-30 13:40:16.416366+00,2026-05-30 13:40:16.416366+00,,94,,false,,,,false
842546aa-571f-4a08-8aae-7eb67bb33423,CLI-1203,Romain,Sokk,romain.sokk1202@example.com,+372 51044474,1980-10-07,,,,Paris,EE,married,3,unemployed,Employer 18,4226.00,2357.27,tenant,good,B,active,,2026-05-30 13:40:16.416366+00,2026-05-30 13:40:16.416366+00,,71,,false,,,,false
8457e222-be6e-4ef9-b8d3-854940f55db2,CLI-0018,Piret,Martin,piret.martin17@example.com,+372 51000629,1974-01-20,,,,Narva,FR,married,0,student,Employer 30,4504.00,2230.59,tenant,incidents,C,active,,2026-05-30 13:40:16.08259+00,2026-05-30 13:40:16.08259+00,,57,,false,,,,false
84838519-0506-4eb8-83d5-13d26654235c,CLI-0450,Yann,Bernard,yann.bernard449@example.com,+372 51016613,1985-04-05,,,,Bruxelles,EE,married,1,retired,Employer 13,1729.00,844.75,hosted,good,B,active,,2026-05-30 13:40:16.08259+00,2026-05-30 13:40:16.08259+00,,74,,false,,,,false
84c498da-1576-4a36-a66e-80b70b9bc135,CLI-0005,Rasmus,Vidal,rasmus.vidal4@example.com,+372 51000148,1967-02-20,,,,Helsinki,FR,married,3,unemployed,Employer 31,2091.00,829.77,hosted,good,B,active,,2026-05-30 13:40:16.08259+00,2026-05-30 13:40:16.08259+00,,67,,false,,,,false
85091250-7f76-4bad-917c-83ad1e63527f,CLI-0333,Andres,Kangro,andres.kangro332@example.com,+372 51012284,1973-02-13,,,,Tallinn,EE,single,2,cdi,Employer 37,3237.00,1639.52,tenant,mixed,C,active,,2026-05-30 13:40:16.08259+00,2026-05-30 13:40:16.08259+00,,55,,false,,,,false
8563a7bf-7695-4c46-ac9d-1770aed0f7c1,CLI-0449,Sophie,Toom,sophie.toom448@example.com,+372 51016576,1971-04-26,,,,Helsinki,EE,married,1,student,Employer 14,4901.00,2209.70,tenant,good,A,active,,2026-05-30 13:40:16.08259+00,2026-05-30 13:40:16.08259+00,,86,,false,,,,false
85810ea6-eef4-4660-860d-deb49f0149d6,CLI-1290,Ines,Petit,ines.petit1289@example.com,+372 51047693,1970-11-25,,,,Parnu,EE,married,3,cdi,Employer 4,3412.00,1971.24,tenant,good,A,active,,2026-05-30 13:40:16.416366+00,2026-05-30 13:40:16.416366+00,,81,,false,,,,false
8595854f-6f1a-4a6a-bfe5-068f5972ecd6,CLI-0869,Clara,Aas,clara.aas868@example.com,+372 51032116,1995-01-23,,,,Geneve,FR,single,0,freelance,Employer 15,4334.00,1723.45,hosted,excellent,A,active,,2026-05-30 13:40:16.308826+00,2026-05-30 13:40:16.308826+00,,91,,false,,,,false
85aca213-b3eb-4bcc-a603-61337aa3b4e9,CLI-0264,Emma,Ivanov,emma.ivanov263@example.com,+372 51009731,1973-12-21,,,,Helsinki,FR,single,0,unemployed,Employer 23,3986.00,2023.61,owner,good,A,active,,2026-05-30 13:40:16.08259+00,2026-05-30 13:40:16.08259+00,,80,,false,,,,false
85e9b1e5-16a8-4da5-a662-c2bac225f3cc,CLI-0455,Marie,Rebane,marie.rebane454@example.com,+372 51016798,1974-07-18,,,,Paris,EE,single,2,cdi,Employer 3,3081.00,1652.12,tenant,excellent,A,active,,2026-05-30 13:40:16.08259+00,2026-05-30 13:40:16.08259+00,,91,,false,,,,false
85f24df5-8fe8-4faa-a825-d8a40b023663,CLI-1101,Nathan,Muller,nathan.muller1100@example.com,+372 51040700,1998-07-17,,,,Lyon,EE,single,1,retired,Employer 33,1478.00,545.61,owner,incidents,C,active,,2026-05-30 13:40:16.416366+00,2026-05-30 13:40:16.416366+00,,54,,false,,,,false
865abb05-6deb-4add-a650-413dc8351552,CLI-1191,Emma,Raud,emma.raud1190@example.com,+372 51044030,1981-09-28,,,,Tartu,EE,single,1,cdi,Employer 31,4288.00,2047.17,tenant,good,A,active,,2026-05-30 13:40:16.416366+00,2026-05-30 13:40:16.416366+00,,85,,false,,,,false
8670f63d-05d5-4626-91ff-383e09ebbc35,CLI-0433,Rasmus,Muller,rasmus.muller432@example.com,+372 51015984,1988-08-15,,,,Parnu,FR,single,2,student,Employer 19,4576.00,2095.24,tenant,good,B,active,,2026-05-30 13:40:16.08259+00,2026-05-30 13:40:16.08259+00,,78,,false,,,,false
868be2a3-b765-4965-93ac-ddcf285ae475,CLI-0292,Marko,Lille,marko.lille291@example.com,+372 51010767,1996-04-14,,,,Paris,EE,single,1,cdi,Employer 14,2711.00,1536.07,tenant,good,A,active,,2026-05-30 13:40:16.08259+00,2026-05-30 13:40:16.08259+00,,84,,false,,,,false
86c39193-08ba-43b6-9dc0-d842488d2c48,CLI-1015,Lea,Oja,lea.oja1014@example.com,+372 51037518,1974-10-08,,,,Paris,FR,single,1,cdi,Employer 11,3554.00,1975.55,tenant,excellent,A,active,,2026-05-30 13:40:16.416366+00,2026-05-30 13:40:16.416366+00,,82,,false,,,,false
86dd276d-bf12-41f2-84c6-dde120f7f908,CLI-0388,Nathan,Tamm,nathan.tamm387@example.com,+372 51014319,1979-12-23,,,,Bruxelles,FR,single,2,cdi,Employer 20,5123.00,2313.12,owner,good,A,active,,2026-05-30 13:40:16.08259+00,2026-05-30 13:40:16.08259+00,,88,,false,,,,false
86df016a-06ec-4f80-884e-2027c7d4dda8,CLI-1133,Rasmus,Sepp,rasmus.sepp1132@example.com,+372 51041884,1992-08-07,,,,Madrid,FR,married,1,cdi,Employer 16,5011.00,2725.99,hosted,good,A,active,,2026-05-30 13:40:16.416366+00,2026-05-30 13:40:16.416366+00,,95,,false,,,,false
871c8e41-97b5-46fe-ba5b-83e247a828e9,CLI-0841,Pauline,Kallas,pauline.kallas840@example.com,+372 51031080,1997-11-10,,,,Parnu,EE,married,1,cdi,Employer 23,2825.00,1002.10,tenant,excellent,A,active,,2026-05-30 13:40:16.308826+00,2026-05-30 13:40:16.308826+00,,93,,false,,,,false
8723d39d-75b6-49ca-a475-3a2b29ef20b1,CLI-1189,Karl,Lille,karl.lille1188@example.com,+372 51043956,1992-03-27,,,,Paris,FR,single,2,cdi,Employer 29,2256.00,1069.59,owner,incidents,D,active,,2026-05-30 13:40:16.416366+00,2026-05-30 13:40:16.416366+00,,20,,false,,,,false
8740c0eb-4499-4f6e-bad1-5f6a1bb50f8c,CLI-0286,Camille,Carre,camille.carre285@example.com,+372 51010545,1989-03-07,,,,Madrid,EE,married,0,freelance,Employer 18,3003.00,1530.68,tenant,mixed,B,active,,2026-05-30 13:40:16.08259+00,2026-05-30 13:40:16.08259+00,,67,,false,,,,false
8742c0a4-b0f4-4de1-a2d8-0c6cb5b8bfcc,CLI-1187,Thomas,Robert,thomas.robert1186@example.com,+372 51043882,1979-05-08,,,,Parnu,FR,single,1,retired,Employer 16,3302.00,1336.15,owner,incidents,C,active,,2026-05-30 13:40:16.416366+00,2026-05-30 13:40:16.416366+00,,45,,false,,,,false
8777db10-de79-4881-b54d-e33a09eeabc3,CLI-1046,Julien,Sokk,julien.sokk1045@example.com,+372 51038665,1966-11-28,,,,Narva,EE,single,0,unemployed,Employer 33,2247.00,1160.21,tenant,incidents,C,active,,2026-05-30 13:40:16.416366+00,2026-05-30 13:40:16.416366+00,,56,,false,,,,false
878181b8-bcf6-4066-bc27-21b8bebd94b6,CLI-0185,Maria,Tamm,maria.tamm184@example.com,+372 51006808,1989-12-20,,,,Madrid,FR,married,3,cdi,Employer 6,2246.00,1212.96,owner,mixed,C,active,,2026-05-30 13:40:16.08259+00,2026-05-30 13:40:16.08259+00,,54,,false,,,,false
87ebee34-d977-4c32-adcb-f2bd3e76684b,CLI-0654,Alex,Smirnov,alex.smirnov653@example.com,+372 51024161,1976-08-24,,,,Parnu,EE,married,0,cdd,Employer 1,3042.00,1814.04,hosted,incidents,D,active,,2026-05-30 13:40:16.308826+00,2026-05-30 13:40:16.308826+00,,34,,false,,,,false
88089a51-e2d8-4e4c-af0f-2633e35e5e4b,CLI-0138,Anna,Sokk,anna.sokk137@example.com,+372 51005069,1988-05-15,,,,Tartu,EE,married,1,student,Employer 16,2265.00,1104.52,tenant,good,A,active,,2026-05-30 13:40:16.08259+00,2026-05-30 13:40:16.08259+00,,85,,false,,,,false
881c75ac-e8d9-45a0-9aff-be98fc973827,CLI-0607,Jaan,Roussel,jaan.roussel606@example.com,+372 51022422,1969-11-20,,,,Lyon,EE,married,3,student,Employer 15,5032.00,2964.03,tenant,excellent,A,active,,2026-05-30 13:40:16.308826+00,2026-05-30 13:40:16.308826+00,,96,,false,,,,false
8845999d-13cf-44e8-96bd-a6b81f4d6de4,CLI-0716,Tonu,Kask,tonu.kask715@example.com,+372 51026455,1976-02-17,,,,Narva,EE,married,2,student,Employer 29,3567.00,1939.78,tenant,excellent,A,active,,2026-05-30 13:40:16.308826+00,2026-05-30 13:40:16.308826+00,,94,,false,,,,false
8857c386-41d8-41a9-b4e3-9834b3b2864f,CLI-0408,Chloe,Smirnov,chloe.smirnov407@example.com,+372 51015059,1972-12-24,,,,Helsinki,FR,married,3,unemployed,Employer 6,2219.00,982.44,owner,good,B,active,,2026-05-30 13:40:16.08259+00,2026-05-30 13:40:16.08259+00,,68,,false,,,,false
887a0558-a60d-47d4-9db4-acad7c13f519,CLI-1039,Sarah,Kask,sarah.kask1038@example.com,+372 51038406,1965-02-04,,,,Tallinn,FR,married,1,cdi,Employer 22,4427.00,1961.98,owner,good,A,active,,2026-05-30 13:40:16.416366+00,2026-05-30 13:40:16.416366+00,,87,,false,,,,false
8890e16c-71f0-4467-8118-b1391a5f9bc3,CLI-0796,Hugo,Dubois,hugo.dubois795@example.com,+372 51029415,2001-12-24,,,,Parnu,EE,single,1,cdi,Employer 15,1412.00,612.57,tenant,excellent,A,active,,2026-05-30 13:40:16.308826+00,2026-05-30 13:40:16.308826+00,,82,,false,,,,false
88a5690f-58c0-4a59-b90e-d09ec2f35c27,CLI-0183,Tonu,Toom,tonu.toom182@example.com,+372 51006734,1979-02-12,,,,Madrid,EE,single,1,student,Employer 3,3072.00,1177.42,tenant,incidents,D,active,,2026-05-30 13:40:16.08259+00,2026-05-30 13:40:16.08259+00,,41,,false,,,,false
88b504c3-c521-42fa-8dc9-94e8ac6f03f3,CLI-1232,Alex,Carre,alex.carre1231@example.com,+372 51045547,2001-02-14,,,,Tartu,FR,married,1,cdi,Employer 15,3353.00,1518.21,hosted,incidents,D,active,,2026-05-30 13:40:16.416366+00,2026-05-30 13:40:16.416366+00,,26,,false,,,,false
88dc30e7-32d5-4970-b69f-322325940c68,CLI-0241,Romain,Susi,romain.susi240@example.com,+372 51008880,1991-11-06,,,,Parnu,EE,single,2,unemployed,Employer 21,3794.00,1975.77,owner,excellent,A,active,,2026-05-30 13:40:16.08259+00,2026-05-30 13:40:16.08259+00,,86,,false,,,,false
8902800d-9c4f-4c02-b069-a64b6c970ee2,CLI-1138,Romain,Sepp,romain.sepp1137@example.com,+372 51042069,1989-03-02,,,,Geneve,EE,single,0,cdi,Employer 33,3758.00,1868.98,owner,incidents,C,active,,2026-05-30 13:40:16.416366+00,2026-05-30 13:40:16.416366+00,,55,,false,,,,false
8915e82c-f707-4136-b3bf-40aa2b7ab48f,CLI-0395,Yann,Carre,yann.carre394@example.com,+372 51014578,1994-05-15,,,,Helsinki,FR,single,3,student,Employer 11,1669.00,688.28,tenant,good,A,active,,2026-05-30 13:40:16.08259+00,2026-05-30 13:40:16.08259+00,,92,,false,,,,false
89360fb0-82c8-48dc-9613-849749c2ce79,CLI-0973,Julien,Lemoine,julien.lemoine972@example.com,+372 51035964,1997-01-11,,,,Madrid,EE,married,2,student,Employer 6,4410.00,1870.24,hosted,good,B,active,,2026-05-30 13:40:16.308826+00,2026-05-30 13:40:16.308826+00,,65,,false,,,,false
89741e54-e0dc-48e8-a76b-0ef84b04e1bd,CLI-0075,Liis,Roussel,liis.roussel74@example.com,+372 51002738,1993-01-20,,,,Lyon,EE,married,0,cdd,Employer 1,4594.00,1756.49,owner,good,A,active,,2026-05-30 13:40:16.08259+00,2026-05-30 13:40:16.08259+00,,80,,false,,,,false
8a1dc486-6990-44a2-972d-e66373901b28,CLI-0822,Chloe,Bernard,chloe.bernard821@example.com,+372 51030377,1978-02-04,,,,Madrid,EE,married,2,retired,Employer 21,1300.00,532.57,owner,good,B,active,,2026-05-30 13:40:16.308826+00,2026-05-30 13:40:16.308826+00,,69,,false,,,,false
8a5ce8dd-c1eb-4750-927f-e25f822f4a36,CLI-0194,Julien,Toom,julien.toom193@example.com,+372 51007141,1981-09-11,,,,Lyon,EE,married,1,cdi,Employer 6,1969.00,1025.50,tenant,excellent,A,active,,2026-05-30 13:40:16.08259+00,2026-05-30 13:40:16.08259+00,,81,,false,,,,false
8af0f78d-2df2-4911-bdfc-972b51f496c1,CLI-0564,Mehdi,Vaher,mehdi.vaher563@example.com,+372 51020831,1997-07-25,,,,Tallinn,EE,married,2,student,Employer 23,1772.00,937.98,owner,good,A,active,,2026-05-30 13:40:16.308826+00,2026-05-30 13:40:16.308826+00,,85,,false,,,,false
8bb5af60-fd26-4d1f-8f8f-94cdf7325401,CLI-0101,Chloe,Dubois,chloe.dubois100@example.com,+372 51003700,1968-07-08,,,,Tartu,EE,single,2,freelance,Employer 29,3109.00,1164.60,hosted,mixed,C,active,,2026-05-30 13:40:16.08259+00,2026-05-30 13:40:16.08259+00,,59,,false,,,,false
8bda4973-3d17-454f-aec4-4d7baf8df747,CLI-1217,Maxime,Bernard,maxime.bernard1216@example.com,+372 51044992,2003-11-03,,,,Madrid,FR,married,3,cdi,Employer 25,3549.00,1734.35,owner,good,A,active,,2026-05-30 13:40:16.416366+00,2026-05-30 13:40:16.416366+00,,90,,false,,,,false
8bf3ff86-14c6-49e7-bcf3-a5c234699c25,CLI-1075,Yann,Parn,yann.parn1074@example.com,+372 51039738,1990-10-05,,,,Parnu,FR,married,1,freelance,Employer 34,1722.00,790.93,tenant,good,A,active,,2026-05-30 13:40:16.416366+00,2026-05-30 13:40:16.416366+00,,92,,false,,,,false
8c206cf9-23e6-471c-a1b0-ba62ec8a9a44,CLI-0765,Maxime,Bernard,maxime.bernard764@example.com,+372 51028268,1995-05-01,,,,Parnu,FR,single,1,cdi,Employer 22,1849.00,947.42,hosted,good,A,active,,2026-05-30 13:40:16.308826+00,2026-05-30 13:40:16.308826+00,,82,,false,,,,false
8c4e3fde-de60-4460-be4c-31861dbdf50d,CLI-0431,Lea,Nguyen,lea.nguyen430@example.com,+372 51015910,1998-10-13,,,,Helsinki,EE,married,3,cdd,Employer 18,2905.00,1376.61,tenant,excellent,A,active,,2026-05-30 13:40:16.08259+00,2026-05-30 13:40:16.08259+00,,98,,false,,,,false
8c9490ff-1201-4b83-a19c-3fb9bf67fa2f,CLI-0917,Mart,Bernard,mart.bernard916@example.com,+372 51033892,2002-01-15,,,,Tallinn,FR,married,3,cdd,Employer 22,3804.00,1814.18,tenant,good,B,active,,2026-05-30 13:40:16.308826+00,2026-05-30 13:40:16.308826+00,,77,,false,,,,false
8cceb799-df70-46fc-9c56-3ed514932c0c,CLI-0865,Antoine,Garcia,antoine.garcia864@example.com,+372 51031968,1978-03-16,,,,Bruxelles,EE,single,0,retired,Employer 31,2767.00,1611.10,hosted,mixed,C,active,,2026-05-30 13:40:16.308826+00,2026-05-30 13:40:16.308826+00,,55,,false,,,,false
8cd1eb8e-f9d1-4fec-b3bd-49a519293126,CLI-0045,Dimitri,Mets,dimitri.mets44@example.com,+372 51001628,1967-06-21,,,,Bruxelles,FR,married,3,student,Employer 11,2096.00,915.38,owner,incidents,D,active,,2026-05-30 13:40:16.08259+00,2026-05-30 13:40:16.08259+00,,36,,false,,,,false
8d126f9e-ab64-4585-b2af-16d258194d5b,CLI-0282,Andres,Lopez,andres.lopez281@example.com,+372 51010397,1967-02-12,,,,Narva,FR,married,1,cdd,Employer 30,2316.00,1171.96,tenant,mixed,C,active,,2026-05-30 13:40:16.08259+00,2026-05-30 13:40:16.08259+00,,55,,false,,,,false
8d27bf8a-9a0e-4a0c-a43d-dff357b80388,CLI-1236,Mart,Kask,mart.kask1235@example.com,+372 51045695,1984-06-04,,,,Lyon,FR,married,0,cdd,Employer 29,3740.00,1471.12,owner,mixed,B,active,,2026-05-30 13:40:16.416366+00,2026-05-30 13:40:16.416366+00,,71,,false,,,,false
8d6d73f2-0918-424d-bb90-8e8bcb842749,CLI-1178,Chloe,Parn,chloe.parn1177@example.com,+372 51043549,1989-10-25,,,,Narva,FR,married,0,unemployed,Employer 38,4735.00,2239.56,owner,incidents,D,active,,2026-05-30 13:40:16.416366+00,2026-05-30 13:40:16.416366+00,,22,,false,,,,false
8d8518f3-c4ff-429b-b74b-7cb41de5b7b4,CLI-0436,Eva,Lepik,eva.lepik435@example.com,+372 51016095,1991-10-02,,,,Paris,EE,single,3,cdi,Employer 14,3266.00,1390.86,tenant,excellent,A,active,,2026-05-30 13:40:16.08259+00,2026-05-30 13:40:16.08259+00,,81,,false,,,,false
8dda3e0c-83db-4518-afd3-94b5ef1fbc22,CLI-0123,Marko,Kallas,marko.kallas122@example.com,+372 51004514,1984-04-18,,,,Lyon,EE,single,0,cdd,Employer 9,3053.00,1115.49,tenant,good,A,active,,2026-05-30 13:40:16.08259+00,2026-05-30 13:40:16.08259+00,,94,,false,,,,false
8e01efcc-2913-4ac3-bbe0-5d9ad495299e,CLI-1327,Nathan,Faure,nathan.faure1326@example.com,+372 51049062,2001-06-05,,,,Paris,EE,single,2,retired,Employer 1,2391.00,1115.30,tenant,good,A,active,,2026-05-30 13:40:16.416366+00,2026-05-30 13:40:16.416366+00,,83,,false,,,,false
8e0c1193-a748-4c49-8439-1db5a68efbd4,CLI-0238,Anna,Oja,anna.oja237@example.com,+372 51008769,1966-12-17,,,,Tallinn,EE,married,1,cdi,Employer 10,2516.00,1003.46,owner,excellent,A,active,,2026-05-30 13:40:16.08259+00,2026-05-30 13:40:16.08259+00,,85,,false,,,,false
8e152cd0-b825-419e-a837-78f8e2126094,CLI-0026,Romain,Parn,romain.parn25@example.com,+372 51000925,1978-06-13,,,,Tartu,EE,single,1,cdi,Employer 29,3768.00,1348.09,hosted,mixed,C,active,,2026-05-30 13:40:16.08259+00,2026-05-30 13:40:16.08259+00,,63,,false,,,,false
8e2b6b08-a907-412b-b48b-a45d3cd1ac22,CLI-0087,Pauline,Ivanov,pauline.ivanov86@example.com,+372 51003182,1998-08-07,,,,Madrid,FR,married,3,cdi,Employer 9,4092.00,2121.05,owner,mixed,C,active,,2026-05-30 13:40:16.08259+00,2026-05-30 13:40:16.08259+00,,56,,false,,,,false
8e35cfb0-ac95-4e9f-99f0-2d4f7ba2ae68,CLI-0192,Romain,Tamm,romain.tamm191@example.com,+372 51007067,1982-07-17,,,,Bruxelles,EE,single,1,freelance,Employer 6,1481.00,698.48,owner,incidents,D,active,,2026-05-30 13:40:16.08259+00,2026-05-30 13:40:16.08259+00,,21,,false,,,,false
8e470700-3fd5-4447-a3e2-2ce69077684c,CLI-0226,Piret,Saar,piret.saar225@example.com,+372 51008325,1993-05-23,,,,Tallinn,EE,single,1,unemployed,Employer 13,3802.00,2242.46,tenant,excellent,A,active,,2026-05-30 13:40:16.08259+00,2026-05-30 13:40:16.08259+00,,84,,false,,,,false
8e65a9da-237e-41ed-a582-e3f7cdbf0b33,CLI-0012,Alex,Koppel,alex.koppel11@example.com,+372 51000407,1974-08-14,,,,Paris,EE,single,1,cdi,Employer 35,5015.00,2723.47,owner,mixed,C,active,,2026-05-30 13:40:16.08259+00,2026-05-30 13:40:16.08259+00,,48,,false,,,,false
8e9cab19-b3ce-46f1-bad4-dfe8758bdd9d,CLI-0521,Jaan,Mets,jaan.mets520@example.com,+372 51019240,1995-02-18,,,,Lyon,FR,single,2,cdd,Employer 16,1158.00,670.63,hosted,mixed,C,active,,2026-05-30 13:40:16.308826+00,2026-05-30 13:40:16.308826+00,,58,,false,,,,false
8eadbdb8-0e2e-426a-9a6c-b8f10f73e195,CLI-0448,Mehdi,Petit,mehdi.petit447@example.com,+372 51016539,1986-11-11,,,,Narva,EE,single,1,freelance,Employer 10,3700.00,1535.01,owner,incidents,C,active,,2026-05-30 13:40:16.08259+00,2026-05-30 13:40:16.08259+00,,53,,false,,,,false
8f17da27-bcad-494f-a82c-126d20378c65,CLI-0220,Antoine,Kangro,antoine.kangro219@example.com,+372 51008103,1990-08-27,,,,Madrid,FR,married,3,unemployed,Employer 19,3232.00,1603.84,tenant,good,A,active,,2026-05-30 13:40:16.08259+00,2026-05-30 13:40:16.08259+00,,90,,false,,,,false
8f2f082e-8b1f-4cdb-adf0-8ab7f0f03958,CLI-0732,Clara,Muller,clara.muller731@example.com,+372 51027047,1994-07-15,,,,Madrid,FR,single,3,cdi,Employer 13,4308.00,2487.92,hosted,incidents,D,active,,2026-05-30 13:40:16.308826+00,2026-05-30 13:40:16.308826+00,,42,,false,,,,false
8f684a6b-2006-4b24-8b3b-7f7d0423bce5,CLI-0550,Emma,Tamm,emma.tamm549@example.com,+372 51020313,1981-01-24,,,,Bruxelles,EE,married,3,cdd,Employer 7,4474.00,1765.79,tenant,good,A,active,,2026-05-30 13:40:16.308826+00,2026-05-30 13:40:16.308826+00,,81,,false,,,,false
901fa555-8acc-4cd8-bbbb-8c7e30cede6a,CLI-0694,Kristjan,Martin,kristjan.martin693@example.com,+372 51025641,1973-09-06,,,,Madrid,FR,single,2,cdi,Employer 8,4521.00,1935.45,tenant,good,A,active,,2026-05-30 13:40:16.308826+00,2026-05-30 13:40:16.308826+00,,98,,false,,,,false
903a61d7-dd96-4013-9600-6bde9d888b0a,CLI-1227,Jaan,Ivanov,jaan.ivanov1226@example.com,+372 51045362,1981-07-02,,,,Tallinn,EE,married,2,cdi,Employer 5,4279.00,1741.96,tenant,good,B,active,,2026-05-30 13:40:16.416366+00,2026-05-30 13:40:16.416366+00,,76,,false,,,,false
90428331-e198-4e71-97d3-5146dd4781df,CLI-0265,Antoine,Kask,antoine.kask264@example.com,+372 51009768,1984-07-10,,,,Madrid,EE,single,2,freelance,Employer 28,1574.00,727.06,owner,good,B,active,,2026-05-30 13:40:16.08259+00,2026-05-30 13:40:16.08259+00,,74,,false,,,,false
9073727f-e187-4f47-b4b6-cd3b13d148b0,CLI-0915,Andres,Garcia,andres.garcia914@example.com,+372 51033818,1992-08-23,,,,Parnu,EE,single,1,cdi,Employer 35,3883.00,2271.57,hosted,incidents,D,active,,2026-05-30 13:40:16.308826+00,2026-05-30 13:40:16.308826+00,,34,,false,,,,false
9083d6e8-49f8-4b26-8c62-2b2b758d81eb,CLI-1215,Laura,Vidal,laura.vidal1214@example.com,+372 51044918,1970-01-28,,,,Lyon,FR,single,1,unemployed,Employer 39,3869.00,1667.31,tenant,good,B,active,,2026-05-30 13:40:16.416366+00,2026-05-30 13:40:16.416366+00,,78,,false,,,,false
9104f4bc-ef0b-474f-8a4f-cab62050fdb5,CLI-0212,Mehdi,Smirnov,mehdi.smirnov211@example.com,+372 51007807,1994-11-24,,,,Bruxelles,EE,single,1,cdi,Employer 16,2271.00,1099.82,hosted,mixed,C,active,,2026-05-30 13:40:16.08259+00,2026-05-30 13:40:16.08259+00,,55,,false,,,,false
912f66cc-584e-48b6-bc05-8435a929b156,CLI-0287,Andres,Martin,andres.martin286@example.com,+372 51010582,1981-03-08,,,,Tallinn,EE,single,2,cdi,Employer 22,2096.00,1195.43,owner,mixed,C,active,,2026-05-30 13:40:16.08259+00,2026-05-30 13:40:16.08259+00,,53,,false,,,,false
919a2c66-64e7-4cd9-8743-eb7f60af997e,CLI-1152,Chloe,Laine,chloe.laine1151@example.com,+372 51042587,2001-09-25,,,,Paris,FR,married,0,cdd,Employer 29,4283.00,1932.63,tenant,excellent,A,active,,2026-05-30 13:40:16.416366+00,2026-05-30 13:40:16.416366+00,,99,,false,,,,false
91e9124b-538f-4bdb-bd54-2d3dbf3a1dd8,CLI-0575,Maxime,Vaher,maxime.vaher574@example.com,+372 51021238,1978-08-13,,,,Parnu,EE,married,2,cdi,Employer 20,3826.00,1889.40,tenant,good,A,active,,2026-05-30 13:40:16.308826+00,2026-05-30 13:40:16.308826+00,,89,,false,,,,false
91fe79ff-820e-48bc-9c05-13582c5d4e1d,CLI-0776,Andres,Smirnov,andres.smirnov775@example.com,+372 51028675,1983-06-05,,,,Madrid,EE,married,1,unemployed,Employer 2,4710.00,2510.98,hosted,good,A,active,,2026-05-30 13:40:16.308826+00,2026-05-30 13:40:16.308826+00,,88,,false,,,,false
92706af5-fdff-41b8-9d35-52794d0b84ee,CLI-0493,Kadri,Saar,kadri.saar492@example.com,+372 51018204,2001-06-13,,,,Tartu,EE,single,0,freelance,Employer 28,1655.00,956.38,tenant,good,A,active,,2026-05-30 13:40:16.08259+00,2026-05-30 13:40:16.08259+00,,91,,false,,,,false
92786949-8774-4346-8286-9496bf958f6d,CLI-0860,Karl,Lopez,karl.lopez859@example.com,+372 51031783,2004-06-13,,,,Bruxelles,EE,married,0,student,Employer 30,2260.00,1281.53,hosted,excellent,A,active,,2026-05-30 13:40:16.308826+00,2026-05-30 13:40:16.308826+00,,83,,false,,,,false
927b8d12-a5d6-4416-a09c-83f7016b1fe2,CLI-0713,Emma,Martin,emma.martin712@example.com,+372 51026344,1985-02-02,,,,Parnu,FR,married,2,unemployed,Employer 13,3593.00,1327.01,tenant,mixed,B,active,,2026-05-30 13:40:16.308826+00,2026-05-30 13:40:16.308826+00,,72,,false,,,,false
92c7ec8e-242c-4b82-bf50-da8d7313cc43,CLI-1139,Ines,Kallas,ines.kallas1138@example.com,+372 51042106,2001-05-24,,,,Paris,EE,single,1,cdi,Employer 19,5133.00,2155.21,tenant,good,A,active,,2026-05-30 13:40:16.416366+00,2026-05-30 13:40:16.416366+00,,93,,false,,,,false
9304f02c-af70-42c9-8920-5d4875609707,CLI-0892,Liis,Roussel,liis.roussel891@example.com,+372 51032967,1997-12-28,,,,Geneve,FR,married,2,student,Employer 28,3997.00,1702.02,hosted,good,A,active,,2026-05-30 13:40:16.308826+00,2026-05-30 13:40:16.308826+00,,80,,false,,,,false
9309e6e0-b99a-4917-ad22-d403b7370e91,CLI-0695,Jaan,Koppel,jaan.koppel694@example.com,+372 51025678,1979-02-24,,,,Bruxelles,FR,single,2,unemployed,Employer 20,1716.00,785.46,tenant,excellent,A,active,,2026-05-30 13:40:16.308826+00,2026-05-30 13:40:16.308826+00,,81,,false,,,,false
931f3c6b-b61a-4a24-9f87-89f0693fd791,CLI-1223,Hugo,Lille,hugo.lille1222@example.com,+372 51045214,1997-05-24,,,,Lyon,EE,married,3,retired,Employer 12,3967.00,1753.36,tenant,good,A,active,,2026-05-30 13:40:16.416366+00,2026-05-30 13:40:16.416366+00,,87,,false,,,,false
93294432-1ad3-41b1-ab06-1ab9e73d1a23,CLI-1076,Lucas,Kukk,lucas.kukk1075@example.com,+372 51039775,1967-08-20,,,,Narva,EE,married,3,student,Employer 19,5000.00,2169.20,hosted,good,A,active,,2026-05-30 13:40:16.416366+00,2026-05-30 13:40:16.416366+00,,81,,false,,,,false
93330154-f9e3-48dd-aff6-98c49bf7befe,CLI-0558,Thomas,Lille,thomas.lille557@example.com,+372 51020609,1965-06-22,,,,Lyon,EE,single,2,unemployed,Employer 24,4047.00,2173.08,hosted,good,A,active,,2026-05-30 13:40:16.308826+00,2026-05-30 13:40:16.308826+00,,96,,false,,,,false
93723b04-8649-4812-a5ae-6e8906a6df35,CLI-0824,Eva,Lille,eva.lille823@example.com,+372 51030451,1966-10-03,,,,Paris,EE,single,3,retired,Employer 36,4657.00,2618.51,tenant,incidents,D,active,,2026-05-30 13:40:16.308826+00,2026-05-30 13:40:16.308826+00,,34,,false,,,,false
937ff0cd-ddb3-49e9-b901-81f3a99d3b0f,CLI-0307,Kristjan,Petit,kristjan.petit306@example.com,+372 51011322,1974-07-14,,,,Narva,EE,single,1,unemployed,Employer 23,2410.00,1162.02,owner,good,B,active,,2026-05-30 13:40:16.08259+00,2026-05-30 13:40:16.08259+00,,78,,false,,,,false
939956bb-8d6e-4e7a-bff6-8d4384e19764,CLI-1262,Sophie,Vaino,sophie.vaino1261@example.com,+372 51046657,1978-01-23,,,,Narva,FR,single,2,freelance,Employer 23,3327.00,1776.65,tenant,excellent,A,active,,2026-05-30 13:40:16.416366+00,2026-05-30 13:40:16.416366+00,,84,,false,,,,false
93a10654-925b-4fbb-b5c3-4304d42f3400,CLI-0689,Antoine,Parn,antoine.parn688@example.com,+372 51025456,1988-02-25,,,,Tallinn,EE,married,1,retired,Employer 8,4182.00,1594.26,hosted,excellent,A,active,,2026-05-30 13:40:16.308826+00,2026-05-30 13:40:16.308826+00,,90,,false,,,,false
9429554a-0f15-446f-bd0a-cf67f8d733b3,CLI-0415,Sophie,Lepik,sophie.lepik414@example.com,+372 51015318,1965-07-02,,,,Tartu,FR,single,0,student,Employer 4,3388.00,1970.10,owner,excellent,A,active,,2026-05-30 13:40:16.08259+00,2026-05-30 13:40:16.08259+00,,93,,false,,,,false
9514db57-38c2-46f6-a5ff-cbea53d552b5,CLI-0425,Clara,Koppel,clara.koppel424@example.com,+372 51015688,1989-10-09,,,,Narva,FR,married,1,unemployed,Employer 27,2321.00,1307.11,tenant,excellent,A,active,,2026-05-30 13:40:16.08259+00,2026-05-30 13:40:16.08259+00,,98,,false,,,,false
954b0f19-309c-4f24-b8bc-73456b70bcd3,CLI-0437,Sarah,Martin,sarah.martin436@example.com,+372 51016132,1996-04-09,,,,Tallinn,EE,single,3,cdi,Employer 7,3370.00,1727.30,tenant,excellent,A,active,,2026-05-30 13:40:16.08259+00,2026-05-30 13:40:16.08259+00,,86,,false,,,,false
958460b9-d7b7-4a36-872c-1d6d38683f25,CLI-0251,Piret,Magi,piret.magi250@example.com,+372 51009250,1972-10-15,,,,Narva,EE,married,3,cdi,Employer 32,1488.00,782.94,tenant,incidents,D,active,,2026-05-30 13:40:16.08259+00,2026-05-30 13:40:16.08259+00,,27,,false,,,,false
95bbc0e1-9127-4245-b97f-5e21fb6ce6d5,CLI-0403,Jaan,Sokk,jaan.sokk402@example.com,+372 51014874,1965-02-19,,,,Paris,EE,single,0,retired,Employer 23,4606.00,1653.43,tenant,incidents,C,active,,2026-05-30 13:40:16.08259+00,2026-05-30 13:40:16.08259+00,,59,,false,,,,false
95da2f55-3ea6-4ad8-8bc9-07c91cc0051f,CLI-0439,Marie,Lemoine,marie.lemoine438@example.com,+372 51016206,1969-01-13,,,,Tallinn,EE,married,1,retired,Employer 3,3738.00,1513.44,hosted,mixed,B,active,,2026-05-30 13:40:16.08259+00,2026-05-30 13:40:16.08259+00,,71,,false,,,,false
95fe620e-aa82-4cf2-a477-7ee6d8aa2383,CLI-1321,Marko,Saar,marko.saar1320@example.com,+372 51048840,2000-03-15,,,,Helsinki,EE,married,3,cdd,Employer 31,3628.00,1566.66,hosted,incidents,C,active,,2026-05-30 13:40:16.416366+00,2026-05-30 13:40:16.416366+00,,58,,false,,,,false
95ff7e18-f5df-4145-a1ab-eaae8da9d57c,CLI-0519,Liis,Vaino,liis.vaino518@example.com,+372 51019166,1984-02-21,,,,Helsinki,EE,married,2,retired,Employer 30,3487.00,1396.22,tenant,good,A,active,,2026-05-30 13:40:16.308826+00,2026-05-30 13:40:16.308826+00,,91,,false,,,,false
960321d5-7076-4ea6-b0b1-d3467255694b,CLI-1230,Sarah,Tamm,sarah.tamm1229@example.com,+372 51045473,1977-08-03,,,,Parnu,EE,single,3,freelance,Employer 21,3350.00,1365.26,tenant,excellent,A,active,,2026-05-30 13:40:16.416366+00,2026-05-30 13:40:16.416366+00,,98,,false,,,,false
972f4f07-bf1f-4d82-9b93-7aed0e13f0da,CLI-0919,Marko,Carre,marko.carre918@example.com,+372 51033966,1987-06-17,,,,Narva,FR,married,3,cdi,Employer 36,4344.00,1954.10,tenant,incidents,D,active,,2026-05-30 13:40:16.308826+00,2026-05-30 13:40:16.308826+00,,24,,false,,,,false
973affca-1a60-4f3a-9255-5425d42cae91,CLI-0227,Ines,Parn,ines.parn226@example.com,+372 51008362,1991-09-23,,,,Helsinki,FR,married,2,cdi,Employer 3,4563.00,2671.15,tenant,good,A,active,,2026-05-30 13:40:16.08259+00,2026-05-30 13:40:16.08259+00,,83,,false,,,,false
9764b78d-4104-498a-a91f-e8fc38a706ab,CLI-1182,Clara,Oja,clara.oja1181@example.com,+372 51043697,1983-04-25,,,,Paris,FR,married,0,cdi,Employer 38,1522.00,635.85,owner,excellent,A,active,,2026-05-30 13:40:16.416366+00,2026-05-30 13:40:16.416366+00,,99,,false,,,,false
97a47855-ce64-4cf6-8861-b0753484c3d9,CLI-0102,Thomas,Vidal,thomas.vidal101@example.com,+372 51003737,1976-05-17,,,,Parnu,FR,single,1,cdi,Employer 33,1885.00,834.73,tenant,excellent,A,active,,2026-05-30 13:40:16.08259+00,2026-05-30 13:40:16.08259+00,,92,,false,,,,false
97abc6dc-0eb6-49d6-b5ff-3263cd865911,CLI-0022,Julien,Vaino,julien.vaino21@example.com,+372 51000777,1982-12-21,,,,Paris,EE,married,0,cdi,Employer 31,3505.00,1922.80,tenant,mixed,B,active,,2026-05-30 13:40:16.08259+00,2026-05-30 13:40:16.08259+00,,79,,false,,,,false
98533bcb-fd00-4240-91dd-44a23790230d,CLI-0634,Mehdi,Sokk,mehdi.sokk633@example.com,+372 51023421,2000-10-01,,,,Helsinki,FR,married,3,freelance,Employer 28,3087.00,1779.88,tenant,excellent,A,active,,2026-05-30 13:40:16.308826+00,2026-05-30 13:40:16.308826+00,,88,,false,,,,false
987ad4d4-c5f3-4b3a-b428-ae8f4a7cf4ff,CLI-1239,Liis,Garcia,liis.garcia1238@example.com,+372 51045806,1973-02-27,,,,Tallinn,FR,married,0,cdi,Employer 4,3866.00,2298.72,hosted,excellent,A,active,,2026-05-30 13:40:16.416366+00,2026-05-30 13:40:16.416366+00,,86,,false,,,,false
98839194-4c20-4d15-bc17-cb61a1e9ecf2,CLI-0664,Marko,Tamm,marko.tamm663@example.com,+372 51024531,1974-12-24,,,,Paris,EE,married,1,freelance,Employer 8,2068.00,955.42,tenant,incidents,C,active,,2026-05-30 13:40:16.308826+00,2026-05-30 13:40:16.308826+00,,59,,false,,,,false
98a59836-fa35-479c-ae3e-92bb08fb97a7,CLI-0812,Dimitri,Vaino,dimitri.vaino811@example.com,+372 51030007,1972-07-23,,,,Geneve,EE,married,1,freelance,Employer 38,4964.00,1937.62,tenant,incidents,C,active,,2026-05-30 13:40:16.308826+00,2026-05-30 13:40:16.308826+00,,52,,false,,,,false
98e91105-ecf4-497b-b39f-c8bd9efc7d8e,CLI-1291,Marko,Lepik,marko.lepik1290@example.com,+372 51047730,1972-06-01,,,,Tallinn,EE,single,1,cdi,Employer 8,2524.00,1387.66,tenant,excellent,A,active,,2026-05-30 13:40:16.416366+00,2026-05-30 13:40:16.416366+00,,91,,false,,,,false
99c573ee-59e0-466d-9c6d-1cfa604a231e,CLI-0509,Antoine,Sepp,antoine.sepp508@example.com,+372 51018796,1987-06-06,,,,Paris,EE,married,2,student,Employer 11,4594.00,1823.81,hosted,excellent,A,active,,2026-05-30 13:40:16.308826+00,2026-05-30 13:40:16.308826+00,,86,,false,,,,false
99e71821-897b-4e0a-8cf6-772adfc53841,CLI-0204,Tonu,Roussel,tonu.roussel203@example.com,+372 51007511,1993-02-12,,,,Lyon,EE,single,0,retired,Employer 23,4641.00,1983.99,tenant,excellent,A,active,,2026-05-30 13:40:16.08259+00,2026-05-30 13:40:16.08259+00,,83,,false,,,,false
99e7ab6f-6a41-48cf-8fe2-a5c3fd7402b8,CLI-0269,Karl,Koppel,karl.koppel268@example.com,+372 51009916,1973-07-01,,,,Helsinki,EE,single,2,unemployed,Employer 10,3632.00,1747.63,tenant,mixed,B,active,,2026-05-30 13:40:16.08259+00,2026-05-30 13:40:16.08259+00,,67,,false,,,,false
99faf23a-331e-4921-9d34-a583d9c7a57b,CLI-0826,Manon,Vidal,manon.vidal825@example.com,+372 51030525,1988-12-24,,,,Helsinki,EE,single,3,freelance,Employer 33,4893.00,2824.17,owner,mixed,B,active,,2026-05-30 13:40:16.308826+00,2026-05-30 13:40:16.308826+00,,67,,false,,,,false
9a055c04-ed3a-4dd1-b01e-d455ffbfc2d0,CLI-0270,Eva,Lille,eva.lille269@example.com,+372 51009953,1995-10-19,,,,Tallinn,FR,married,0,freelance,Employer 1,2498.00,1465.50,tenant,good,A,active,,2026-05-30 13:40:16.08259+00,2026-05-30 13:40:16.08259+00,,89,,false,,,,false
9a2019c5-9c84-4352-895c-7f38956dfffe,CLI-1198,Maxime,Garcia,maxime.garcia1197@example.com,+372 51044289,2004-05-11,,,,Narva,EE,married,1,cdi,Employer 30,4001.00,2073.65,tenant,good,B,active,,2026-05-30 13:40:16.416366+00,2026-05-30 13:40:16.416366+00,,69,,false,,,,false
9a69f1e5-d7b6-4072-8d6b-6399d83dd078,CLI-1201,Thomas,Org,thomas.org1200@example.com,+372 51044400,1999-07-18,,,,Tartu,EE,single,1,cdd,Employer 2,2978.00,1243.08,tenant,good,B,active,,2026-05-30 13:40:16.416366+00,2026-05-30 13:40:16.416366+00,,70,,false,,,,false
9a7805e4-ac95-4f01-b048-9fdb96cd754b,CLI-0546,Lucas,Mets,lucas.mets545@example.com,+372 51020165,2002-11-22,,,,Paris,EE,married,3,cdi,Employer 7,3592.00,1289.50,owner,good,B,active,,2026-05-30 13:40:16.308826+00,2026-05-30 13:40:16.308826+00,,76,,false,,,,false
9a7a439a-1e45-49fc-938b-880bba5b435e,CLI-1019,Pauline,Toom,pauline.toom1018@example.com,+372 51037666,1996-07-06,,,,Paris,EE,married,0,unemployed,Employer 17,3384.00,1443.65,tenant,mixed,B,active,,2026-05-30 13:40:16.416366+00,2026-05-30 13:40:16.416366+00,,71,,false,,,,false
9a909292-3be6-42ab-b854-192d91039982,CLI-0002,Clara,Muller,clara.muller1@example.com,+372 51000037,1971-09-04,,,,Tallinn,EE,married,0,student,Employer 20,5080.00,2231.98,hosted,incidents,C,active,,2026-05-30 13:40:16.08259+00,2026-05-30 13:40:16.08259+00,,47,,false,,,,false
9afa1703-7318-46b8-b612-446c0570a396,CLI-0629,Alex,Robert,alex.robert628@example.com,+372 51023236,1990-10-13,,,,Paris,FR,single,1,retired,Employer 26,2601.00,1540.18,owner,incidents,D,active,,2026-05-30 13:40:16.308826+00,2026-05-30 13:40:16.308826+00,,28,,false,,,,false
9c376121-bb16-4d42-8d8e-ae687407893f,CLI-0886,Piret,Smirnov,piret.smirnov885@example.com,+372 51032745,1994-02-27,,,,Narva,FR,single,0,unemployed,Employer 11,3526.00,1926.17,tenant,good,A,active,,2026-05-30 13:40:16.308826+00,2026-05-30 13:40:16.308826+00,,86,,false,,,,false
9c8b2958-b50d-40a8-812a-f4c8f182bade,CLI-0806,Kristjan,Lille,kristjan.lille805@example.com,+372 51029785,2003-09-14,,,,Parnu,EE,married,0,cdi,Employer 7,2667.00,1508.11,tenant,good,A,active,,2026-05-30 13:40:16.308826+00,2026-05-30 13:40:16.308826+00,,80,,false,,,,false
9ce3b5f0-3992-40b2-80e2-f2f06f16e1b3,CLI-1051,Anna,Kask,anna.kask1050@example.com,+372 51038850,1982-02-04,,,,Tartu,FR,single,3,retired,Employer 38,2083.00,915.05,hosted,good,A,active,,2026-05-30 13:40:16.416366+00,2026-05-30 13:40:16.416366+00,,85,,false,,,,false
9d38dc34-ebf3-459a-9a9d-7c10ace53436,CLI-0039,Yann,Sokk,yann.sokk38@example.com,+372 51001406,1973-09-08,,,,Tartu,FR,married,1,freelance,Employer 6,2140.00,820.06,tenant,incidents,D,active,,2026-05-30 13:40:16.08259+00,2026-05-30 13:40:16.08259+00,,33,,false,,,,false
9d4b5924-359a-467f-9cf7-e18af5e1c3c1,CLI-0925,Alex,Sokk,alex.sokk924@example.com,+372 51034188,2001-06-04,,,,Paris,EE,single,0,student,Employer 14,1195.00,617.74,owner,incidents,C,active,,2026-05-30 13:40:16.308826+00,2026-05-30 13:40:16.308826+00,,57,,false,,,,false
9d785854-b24d-4b90-a175-4ac1fceddcae,CLI-1221,Alex,Raud,alex.raud1220@example.com,+372 51045140,1996-09-07,,,,Parnu,EE,married,2,retired,Employer 39,3098.00,1603.81,owner,incidents,C,active,,2026-05-30 13:40:16.416366+00,2026-05-30 13:40:16.416366+00,,53,,false,,,,false
9d7890e6-65b0-4d7b-b372-42f40d20325b,CLI-1148,Piret,Raud,piret.raud1147@example.com,+372 51042439,1984-02-24,,,,Bruxelles,FR,single,0,cdd,Employer 12,1174.00,546.50,owner,good,B,active,,2026-05-30 13:40:16.416366+00,2026-05-30 13:40:16.416366+00,,68,,false,,,,false
9d897dca-ef58-4a73-aa69-5d2e3c1dcbd5,CLI-1071,Maria,Kask,maria.kask1070@example.com,+372 51039590,1992-11-28,,,,Paris,EE,single,1,student,Employer 6,4744.00,2711.47,tenant,mixed,B,active,,2026-05-30 13:40:16.416366+00,2026-05-30 13:40:16.416366+00,,71,,false,,,,false
9d9f7d3c-6355-493a-b555-57c4ef7f2534,CLI-1224,Antoine,Laine,antoine.laine1223@example.com,+372 51045251,1988-12-02,,,,Tartu,FR,single,2,unemployed,Employer 19,4660.00,2106.22,tenant,mixed,B,active,,2026-05-30 13:40:16.416366+00,2026-05-30 13:40:16.416366+00,,74,,false,,,,false
9dcda4c1-08b3-4973-9b78-b2333bd368bc,CLI-1333,Thomas,Sepp,thomas.sepp1332@example.com,+372 51049284,1975-09-20,,,,Tallinn,FR,single,2,cdi,Employer 25,4176.00,2120.84,hosted,excellent,A,active,,2026-05-30 13:40:16.416366+00,2026-05-30 13:40:16.416366+00,,91,,false,,,,false
9dce3e4e-d1e0-4d9e-9526-46e8fb30a5b4,CLI-1241,Liis,Ivanov,liis.ivanov1240@example.com,+372 51045880,1974-06-25,,,,Paris,EE,married,3,retired,Employer 34,4684.00,2027.66,owner,incidents,D,active,,2026-05-30 13:40:16.416366+00,2026-05-30 13:40:16.416366+00,,23,,false,,,,false
9e030668-2d7a-4cd3-975d-2711205efaf6,CLI-0735,Jaan,Oja,jaan.oja734@example.com,+372 51027158,1996-02-03,,,,Paris,EE,married,2,student,Employer 14,1581.00,674.73,owner,good,A,active,,2026-05-30 13:40:16.308826+00,2026-05-30 13:40:16.308826+00,,90,,false,,,,false
9e039d06-8eb4-47df-ae91-8147ab675f43,CLI-1264,Kristjan,Dubois,kristjan.dubois1263@example.com,+372 51046731,2004-03-25,,,,Parnu,EE,single,2,cdi,Employer 29,3521.00,1889.93,tenant,mixed,B,active,,2026-05-30 13:40:16.416366+00,2026-05-30 13:40:16.416366+00,,74,,false,,,,false
9e0abe22-6727-4aef-8e39-68feba648f81,CLI-0893,Kristjan,Petit,kristjan.petit892@example.com,+372 51033004,1967-01-01,,,,Helsinki,FR,single,2,retired,Employer 38,3112.00,1241.22,hosted,incidents,C,active,,2026-05-30 13:40:16.308826+00,2026-05-30 13:40:16.308826+00,,60,,false,,,,false
9e2b9886-9a94-4ce5-bf83-0bb90b1e9009,CLI-0184,Anna,Smirnov,anna.smirnov183@example.com,+372 51006771,1987-12-20,,,,Parnu,FR,single,3,student,Employer 18,3227.00,1471.61,hosted,good,B,active,,2026-05-30 13:40:16.08259+00,2026-05-30 13:40:16.08259+00,,75,,false,,,,false
9e43c098-3d5f-4710-a46e-7f384f63fe2b,CLI-0534,Sarah,Robert,sarah.robert533@example.com,+372 51019721,1978-08-04,,,,Geneve,EE,married,2,cdd,Employer 13,2378.00,1045.79,hosted,mixed,B,active,,2026-05-30 13:40:16.308826+00,2026-05-30 13:40:16.308826+00,,73,,false,,,,false
9e8e8416-b366-4025-8b19-742500bd97e7,CLI-0825,Maxime,Bernard,maxime.bernard824@example.com,+372 51030488,1997-02-04,,,,Madrid,FR,married,2,cdi,Employer 28,2627.00,1000.91,hosted,good,A,active,,2026-05-30 13:40:16.308826+00,2026-05-30 13:40:16.308826+00,,89,,false,,,,false
9f2664e0-2562-42aa-ae91-7a411e97aa7e,CLI-1254,Alex,Faure,alex.faure1253@example.com,+372 51046361,1994-06-10,,,,Bruxelles,FR,single,1,unemployed,Employer 33,2192.00,776.82,hosted,mixed,B,active,,2026-05-30 13:40:16.416366+00,2026-05-30 13:40:16.416366+00,,69,,false,,,,false
9f296731-4fb9-4204-9101-df0a90ef4df0,CLI-0540,Kevin,Kangro,kevin.kangro539@example.com,+372 51019943,1989-01-17,,,,Madrid,EE,married,3,freelance,Employer 35,4058.00,2224.49,tenant,mixed,B,active,,2026-05-30 13:40:16.308826+00,2026-05-30 13:40:16.308826+00,,65,,false,,,,false
9f3343ab-7a62-4c1b-a0c2-a2d766e3809a,CLI-1112,Liis,Sokk,liis.sokk1111@example.com,+372 51041107,1982-06-08,,,,Narva,FR,married,3,freelance,Employer 36,5097.00,2842.62,tenant,excellent,A,active,,2026-05-30 13:40:16.416366+00,2026-05-30 13:40:16.416366+00,,83,,false,,,,false
9f8d42c7-d680-45e9-af82-e3da8137d9d8,CLI-0165,Nathan,Dubois,nathan.dubois164@example.com,+372 51006068,1983-04-08,,,,Paris,EE,married,2,retired,Employer 20,2819.00,1479.90,tenant,good,B,active,,2026-05-30 13:40:16.08259+00,2026-05-30 13:40:16.08259+00,,68,,false,,,,false
9fb4a5f4-8dd7-4aac-95a3-c25ed191fbbc,CLI-1354,Maxime,Ivanov,maxime.ivanov1353@example.com,+372 51050061,1969-05-26,,,,Geneve,EE,single,3,student,Employer 20,2920.00,1294.36,tenant,incidents,C,active,,2026-05-30 13:40:16.416366+00,2026-05-30 13:40:16.416366+00,,62,,false,,,,false
9ffad90f-52d6-4298-90e2-69df39e417c0,CLI-0478,Manon,Lille,manon.lille477@example.com,+372 51017649,1974-11-10,,,,Helsinki,EE,single,1,cdi,Employer 40,4092.00,2015.26,hosted,mixed,C,active,,2026-05-30 13:40:16.08259+00,2026-05-30 13:40:16.08259+00,,60,,false,,,,false
a01ff66a-77cc-45dc-8e24-e1340ac7b06f,CLI-0489,Kristjan,Kukk,kristjan.kukk488@example.com,+372 51018056,1980-06-05,,,,Geneve,EE,single,3,cdi,Employer 8,3530.00,1994.91,owner,mixed,B,active,,2026-05-30 13:40:16.08259+00,2026-05-30 13:40:16.08259+00,,69,,false,,,,false
a05095ec-0080-4c96-91c4-9e94ae3e18f6,CLI-0035,Anna,Laine,anna.laine34@example.com,+372 51001258,1992-12-05,,,,Parnu,EE,single,3,cdi,Employer 7,1972.00,837.36,owner,incidents,D,active,,2026-05-30 13:40:16.08259+00,2026-05-30 13:40:16.08259+00,,41,,false,,,,false
a05d7bc1-b91d-458a-ab93-213c2f18c23e,CLI-0742,Sarah,Lepik,sarah.lepik741@example.com,+372 51027417,1997-11-04,,,,Geneve,EE,single,2,freelance,Employer 31,4971.00,2412.69,owner,mixed,C,active,,2026-05-30 13:40:16.308826+00,2026-05-30 13:40:16.308826+00,,53,,false,,,,false
a06487ba-c4ee-4fa8-8ff8-fa009192f5a6,CLI-0495,Nathan,Org,nathan.org494@example.com,+372 51018278,1974-03-18,,,,Narva,EE,single,0,cdi,Employer 20,5084.00,1824.96,owner,good,B,active,,2026-05-30 13:40:16.08259+00,2026-05-30 13:40:16.08259+00,,67,,false,,,,false
a07d420a-80e0-46bf-8ad1-b0d36f0dbb64,CLI-1090,Nathan,Tamm,nathan.tamm1089@example.com,+372 51040293,1978-11-21,,,,Madrid,EE,single,0,cdi,Employer 34,2852.00,1505.41,hosted,good,A,active,,2026-05-30 13:40:16.416366+00,2026-05-30 13:40:16.416366+00,,84,,false,,,,false
a0a5a5d6-136b-4d4f-a2d4-54d5887cef95,CLI-0353,Camille,Aas,camille.aas352@example.com,+372 51013024,1983-07-13,,,,Lyon,EE,single,3,cdi,Employer 38,4033.00,1620.12,tenant,good,A,active,,2026-05-30 13:40:16.08259+00,2026-05-30 13:40:16.08259+00,,87,,false,,,,false
a120a58f-be90-4447-a6d0-bc821bb81dce,CLI-0591,Jaan,Kallas,jaan.kallas590@example.com,+372 51021830,2002-11-01,,,,Narva,FR,single,3,cdd,Employer 13,2506.00,1270.56,owner,incidents,C,active,,2026-05-30 13:40:16.308826+00,2026-05-30 13:40:16.308826+00,,64,,false,,,,false
a17e4af3-0d83-4e2d-9487-514ba7f20db1,CLI-1179,Anna,Sokk,anna.sokk1178@example.com,+372 51043586,1971-10-21,,,,Madrid,FR,single,1,cdi,Employer 16,1298.00,478.30,hosted,incidents,C,active,,2026-05-30 13:40:16.416366+00,2026-05-30 13:40:16.416366+00,,58,,false,,,,false
a18703c3-f41c-4a3e-b135-4bbba18891b1,CLI-0168,Karl,Ivanov,karl.ivanov167@example.com,+372 51006179,1983-06-27,,,,Madrid,FR,married,2,cdi,Employer 27,4886.00,1729.19,hosted,incidents,C,active,,2026-05-30 13:40:16.08259+00,2026-05-30 13:40:16.08259+00,,46,,false,,,,false
a195ab2a-799c-4a80-a80b-93689b12a38c,CLI-0256,Marko,Rebane,marko.rebane255@example.com,+372 51009435,1992-08-22,,,,Madrid,EE,married,1,retired,Employer 24,1927.00,1115.86,owner,good,B,active,,2026-05-30 13:40:16.08259+00,2026-05-30 13:40:16.08259+00,,77,,false,,,,false
a201b8a7-5e0d-4aed-acc8-37b003072f6f,CLI-0347,Clara,Bernard,clara.bernard346@example.com,+372 51012802,1995-09-27,,,,Tallinn,EE,married,2,cdi,Employer 9,4120.00,1755.85,owner,good,A,active,,2026-05-30 13:40:16.08259+00,2026-05-30 13:40:16.08259+00,,98,,false,,,,false
a20e8903-7642-4467-8f2f-531e6005192f,CLI-0744,Chloe,Parn,chloe.parn743@example.com,+372 51027491,2001-03-08,,,,Geneve,EE,married,0,cdi,Employer 24,1590.00,889.23,tenant,good,B,active,,2026-05-30 13:40:16.308826+00,2026-05-30 13:40:16.308826+00,,66,,false,,,,false
a219a19a-8a53-40c5-9658-8cefb353e07f,CLI-1061,Tiina,Parn,tiina.parn1060@example.com,+372 51039220,1998-03-03,,,,Narva,EE,single,3,freelance,Employer 6,1850.00,917.92,owner,mixed,B,active,,2026-05-30 13:40:16.416366+00,2026-05-30 13:40:16.416366+00,,73,,false,,,,false
a22d1c05-7253-4330-804a-b9ee3381bd02,CLI-1283,Sophie,Petit,sophie.petit1282@example.com,+372 51047434,1986-11-24,,,,Narva,EE,married,1,cdi,Employer 11,2827.00,1044.95,owner,mixed,B,active,,2026-05-30 13:40:16.416366+00,2026-05-30 13:40:16.416366+00,,67,,false,,,,false
a23269e8-c797-4c22-8f8c-a63f281683ab,CLI-0162,Kristjan,Vaher,kristjan.vaher161@example.com,+372 51005957,1980-02-28,,,,Bruxelles,FR,single,1,cdi,Employer 2,3833.00,1469.27,owner,mixed,C,active,,2026-05-30 13:40:16.08259+00,2026-05-30 13:40:16.08259+00,,60,,false,,,,false
a2382e3f-9d05-4012-b591-2f221e22fda6,CLI-1184,Lea,Garcia,lea.garcia1183@example.com,+372 51043771,1985-04-19,,,,Paris,FR,single,3,retired,Employer 37,4838.00,1842.72,hosted,mixed,B,active,,2026-05-30 13:40:16.416366+00,2026-05-30 13:40:16.416366+00,,76,,false,,,,false
a265bc8b-7906-44ef-9e17-0b078e28bd7f,CLI-1255,Chloe,Lemoine,chloe.lemoine1254@example.com,+372 51046398,1999-02-03,,,,Tallinn,FR,married,2,unemployed,Employer 18,1552.00,592.28,owner,excellent,A,active,,2026-05-30 13:40:16.416366+00,2026-05-30 13:40:16.416366+00,,98,,false,,,,false
a286f051-35b4-4c26-a20a-03bb587ec292,CLI-0805,Alex,Robert,alex.robert804@example.com,+372 51029748,1974-06-22,,,,Helsinki,EE,single,1,cdi,Employer 19,2004.00,853.68,tenant,excellent,A,active,,2026-05-30 13:40:16.308826+00,2026-05-30 13:40:16.308826+00,,90,,false,,,,false
a2b6f8bb-bb1e-4219-be67-6af430a7ed1b,CLI-1109,Anna,Smirnov,anna.smirnov1108@example.com,+372 51040996,1994-02-18,,,,Narva,EE,single,3,cdi,Employer 31,4091.00,2141.53,owner,incidents,D,active,,2026-05-30 13:40:16.416366+00,2026-05-30 13:40:16.416366+00,,23,,false,,,,false
a3684571-e324-4a8a-95df-9ffca88d2768,CLI-1014,Kadri,Saar,kadri.saar1013@example.com,+372 51037481,1980-01-02,,,,Narva,FR,single,3,unemployed,Employer 5,5042.00,1876.24,owner,incidents,C,active,,2026-05-30 13:40:16.416366+00,2026-05-30 13:40:16.416366+00,,55,,false,,,,false
a380a182-99ed-44e6-93aa-9cd680a27163,CLI-1005,Eva,Vaino,eva.vaino1004@example.com,+372 51037148,1988-06-19,,,,Tallinn,FR,single,1,unemployed,Employer 8,4718.00,2171.86,tenant,incidents,D,active,,2026-05-30 13:40:16.416366+00,2026-05-30 13:40:16.416366+00,,23,,false,,,,false
a3d8aee8-8d61-46c7-82cd-b30eaf143115,CLI-0500,Maxime,Vaher,maxime.vaher499@example.com,+372 51018463,1989-03-08,,,,Lyon,FR,single,0,cdi,Employer 16,2338.00,1288.55,hosted,good,A,active,,2026-05-30 13:40:16.08259+00,2026-05-30 13:40:16.08259+00,,99,,false,,,,false
a401eedd-4eea-4d92-b13c-98d2b44fccda,CLI-1245,Romain,Sokk,romain.sokk1244@example.com,+372 51046028,1975-03-06,,,,Parnu,EE,married,0,cdd,Employer 37,1152.00,533.84,owner,good,B,active,,2026-05-30 13:40:16.416366+00,2026-05-30 13:40:16.416366+00,,68,,false,,,,false
a41a63a9-8825-45d3-9c61-07dec6f9b387,CLI-1167,Eva,Kallas,eva.kallas1166@example.com,+372 51043142,1979-02-11,,,,Parnu,FR,single,0,student,Employer 3,3079.00,1109.72,owner,mixed,B,active,,2026-05-30 13:40:16.416366+00,2026-05-30 13:40:16.416366+00,,79,,false,,,,false
a41f78aa-e453-442d-b73a-13637daa86c6,CLI-0572,Tonu,Bernard,tonu.bernard571@example.com,+372 51021127,1989-08-08,,,,Narva,EE,single,3,retired,Employer 14,2590.00,1108.69,owner,mixed,B,active,,2026-05-30 13:40:16.308826+00,2026-05-30 13:40:16.308826+00,,74,,false,,,,false
a421db8d-a032-4c3a-8738-4b3e463477ea,CLI-1350,Romain,Robert,romain.robert1349@example.com,+372 51049913,1966-10-25,,,,Paris,EE,single,3,retired,Employer 2,1921.00,879.50,tenant,mixed,B,active,,2026-05-30 13:40:16.416366+00,2026-05-30 13:40:16.416366+00,,76,,false,,,,false
a43a82ba-b21d-43c9-8da7-df809a444be8,CLI-1366,Piret,Petit,piret.petit1365@example.com,+372 51050505,1976-03-13,,,,Lyon,EE,single,0,cdi,Employer 27,2717.00,1328.57,tenant,excellent,A,active,,2026-05-30 13:40:16.416366+00,2026-05-30 13:40:16.416366+00,,99,,false,,,,false
a43c6b4b-8357-4037-9438-baed12ccd634,CLI-0710,Pauline,Kukk,pauline.kukk709@example.com,+372 51026233,1971-10-24,,,,Geneve,FR,single,2,retired,Employer 26,4542.00,2684.71,tenant,incidents,C,active,,2026-05-30 13:40:16.308826+00,2026-05-30 13:40:16.308826+00,,54,,false,,,,false
a4493635-23d5-459c-bfcf-d8c179a0a611,CLI-0120,Liis,Kangro,liis.kangro119@example.com,+372 51004403,1982-05-16,,,,Helsinki,FR,single,2,retired,Employer 34,3708.00,2114.72,hosted,good,A,active,,2026-05-30 13:40:16.08259+00,2026-05-30 13:40:16.08259+00,,91,,false,,,,false
a4e5c857-43a0-4a04-b3a1-5ba89a52685c,CLI-0518,Tiina,Oja,tiina.oja517@example.com,+372 51019129,1974-09-03,,,,Narva,EE,single,0,student,Employer 37,3695.00,1642.68,tenant,incidents,D,active,,2026-05-30 13:40:16.308826+00,2026-05-30 13:40:16.308826+00,,25,,false,,,,false
a4f4b324-c0d9-4c93-8d85-7118256e8027,CLI-0263,Alex,Martin,alex.martin262@example.com,+372 51009694,1993-04-03,,,,Tallinn,FR,married,2,cdi,Employer 14,4060.00,1457.80,tenant,mixed,B,active,,2026-05-30 13:40:16.08259+00,2026-05-30 13:40:16.08259+00,,66,,false,,,,false
a51dd516-f1cd-4b42-bb45-bda3a6e9643a,CLI-1249,Mehdi,Mets,mehdi.mets1248@example.com,+372 51046176,1995-08-08,,,,Madrid,FR,single,2,unemployed,Employer 8,2878.00,1141.34,tenant,excellent,A,active,,2026-05-30 13:40:16.416366+00,2026-05-30 13:40:16.416366+00,,92,,false,,,,false
a52e2d22-d7e3-41c7-80cc-baab4cc9dcbe,CLI-0329,Andres,Oja,andres.oja328@example.com,+372 51012136,1966-09-14,,,,Lyon,EE,married,0,student,Employer 20,1743.00,732.71,owner,good,A,active,,2026-05-30 13:40:16.08259+00,2026-05-30 13:40:16.08259+00,,86,,false,,,,false
a56a9d02-a2de-41ef-b6cd-6bfae6105ebd,CLI-0155,Piret,Kukk,piret.kukk154@example.com,+372 51005698,1971-10-09,,,,Geneve,EE,married,0,cdd,Employer 6,4516.00,1880.80,tenant,mixed,B,active,,2026-05-30 13:40:16.08259+00,2026-05-30 13:40:16.08259+00,,67,,false,,,,false
a56cfdb1-1ebe-4d62-a53c-84ef81f351c8,CLI-0848,Yann,Toom,yann.toom847@example.com,+372 51031339,1980-02-06,,,,Geneve,FR,married,2,cdd,Employer 1,4303.00,2375.89,hosted,incidents,C,active,,2026-05-30 13:40:16.308826+00,2026-05-30 13:40:16.308826+00,,46,,false,,,,false
a5763462-1e84-47c0-855b-fa35d7c381e6,CLI-0401,Yann,Rebane,yann.rebane400@example.com,+372 51014800,2001-09-26,,,,Lyon,EE,married,0,cdi,Employer 11,2355.00,1051.44,tenant,good,A,active,,2026-05-30 13:40:16.08259+00,2026-05-30 13:40:16.08259+00,,93,,false,,,,false
a58a9ce7-6073-46dd-b4ba-c8d3458ee6fa,CLI-0249,Maxime,Garcia,maxime.garcia248@example.com,+372 51009176,1985-08-13,,,,Parnu,EE,single,1,retired,Employer 9,4532.00,1961.93,tenant,mixed,B,active,,2026-05-30 13:40:16.08259+00,2026-05-30 13:40:16.08259+00,,69,,false,,,,false
a59aead8-5924-4d49-9d5e-e38fbdfe0d9b,CLI-0400,Karl,Vaino,karl.vaino399@example.com,+372 51014763,1978-05-22,,,,Paris,FR,single,2,retired,Employer 40,3503.00,1628.59,tenant,incidents,D,active,,2026-05-30 13:40:16.08259+00,2026-05-30 13:40:16.08259+00,,39,,false,,,,false
a5a0c8f5-858c-4d09-8c78-4ff193182723,CLI-1173,Nathan,Sepp,nathan.sepp1172@example.com,+372 51043364,1985-02-02,,,,Bruxelles,EE,married,2,retired,Employer 39,5051.00,2790.67,tenant,incidents,C,active,,2026-05-30 13:40:16.416366+00,2026-05-30 13:40:16.416366+00,,49,,false,,,,false
a5ded352-9a38-4dfd-8ab1-1a1ddff4e7b0,CLI-0767,Kevin,Robert,kevin.robert766@example.com,+372 51028342,1993-11-04,,,,Madrid,FR,married,2,cdi,Employer 4,1657.00,789.53,owner,excellent,A,active,,2026-05-30 13:40:16.308826+00,2026-05-30 13:40:16.308826+00,,84,,false,,,,false
a615b8c1-6b01-42e8-a189-e783365060dc,CLI-1100,Mart,Carre,mart.carre1099@example.com,+372 51040663,1967-05-22,,,,Bruxelles,EE,married,2,cdi,Employer 40,3683.00,1575.54,tenant,good,B,active,,2026-05-30 13:40:16.416366+00,2026-05-30 13:40:16.416366+00,,73,,false,,,,false
a6308837-7410-45c8-b836-954c95efa7d2,CLI-0677,Tonu,Vaher,tonu.vaher676@example.com,+372 51025012,1984-03-21,,,,Helsinki,EE,married,0,cdd,Employer 15,3018.00,1220.24,hosted,mixed,B,active,,2026-05-30 13:40:16.308826+00,2026-05-30 13:40:16.308826+00,,77,,false,,,,false
a666cf6f-e0b3-4973-90dc-c6f40c049eea,CLI-1334,Tiina,Kukk,tiina.kukk1333@example.com,+372 51049321,1989-10-10,,,,Geneve,FR,single,2,unemployed,Employer 20,5085.00,2661.68,tenant,incidents,C,active,,2026-05-30 13:40:16.416366+00,2026-05-30 13:40:16.416366+00,,57,,false,,,,false
a669c996-53e7-47a6-9228-0e72ae8dcf5a,CLI-0728,Dimitri,Bernard,dimitri.bernard727@example.com,+372 51026899,1969-11-09,,,,Tallinn,EE,married,1,retired,Employer 23,2744.00,1139.73,tenant,good,A,active,,2026-05-30 13:40:16.308826+00,2026-05-30 13:40:16.308826+00,,93,,false,,,,false
a68e46b3-a0ce-4156-8ac4-0ee0c9255513,CLI-0378,Mart,Carre,mart.carre377@example.com,+372 51013949,1995-09-07,,,,Paris,EE,single,2,cdi,Employer 39,4692.00,1898.94,tenant,excellent,A,active,,2026-05-30 13:40:16.08259+00,2026-05-30 13:40:16.08259+00,,86,,false,,,,false
a6a25237-01ec-4374-a9b3-1753326aa9a6,CLI-1024,Maxime,Garcia,maxime.garcia1023@example.com,+372 51037851,1975-03-13,,,,Tallinn,EE,married,1,unemployed,Employer 34,2025.00,1176.49,hosted,good,A,active,,2026-05-30 13:40:16.416366+00,2026-05-30 13:40:16.416366+00,,84,,false,,,,false
a6e7ae13-ce65-42cd-9d6f-a169937a0733,CLI-1108,Maxime,Lille,maxime.lille1107@example.com,+372 51040959,1975-04-17,,,,Tallinn,EE,single,3,cdi,Employer 9,1560.00,753.47,tenant,incidents,D,active,,2026-05-30 13:40:16.416366+00,2026-05-30 13:40:16.416366+00,,28,,false,,,,false
a7423738-7541-422e-8bac-419d4b05c205,CLI-0046,Thomas,Sokk,thomas.sokk45@example.com,+372 51001665,1997-01-10,,,,Helsinki,EE,single,1,cdi,Employer 10,5049.00,2293.99,tenant,excellent,A,active,,2026-05-30 13:40:16.08259+00,2026-05-30 13:40:16.08259+00,,91,,false,,,,false
a74eee7a-3091-499e-af27-d5fc72c89e4b,CLI-1341,Laura,Susi,laura.susi1340@example.com,+372 51049580,1992-12-02,,,,Helsinki,EE,married,0,retired,Employer 12,1238.00,620.18,tenant,excellent,A,active,,2026-05-30 13:40:16.416366+00,2026-05-30 13:40:16.416366+00,,92,,false,,,,false
a74ff37d-9723-4a86-94f3-e5826e06eaff,CLI-0187,Mehdi,Parn,mehdi.parn186@example.com,+372 51006882,1987-02-15,,,,Lyon,EE,married,0,freelance,Employer 7,2084.00,761.44,hosted,excellent,A,active,,2026-05-30 13:40:16.08259+00,2026-05-30 13:40:16.08259+00,,90,,false,,,,false
a75f3c1b-eae2-416c-a474-163b3979eab5,CLI-0334,Kristjan,Susi,kristjan.susi333@example.com,+372 51012321,1998-12-04,,,,Parnu,EE,married,1,student,Employer 2,4718.00,2435.54,tenant,mixed,B,active,,2026-05-30 13:40:16.08259+00,2026-05-30 13:40:16.08259+00,,72,,false,,,,false
a7dbccb1-c74d-481d-b260-3dca6431a147,CLI-0160,Mehdi,Kask,mehdi.kask159@example.com,+372 51005883,1994-12-26,,,,Narva,EE,married,0,retired,Employer 5,4249.00,1677.76,tenant,excellent,A,active,,2026-05-30 13:40:16.08259+00,2026-05-30 13:40:16.08259+00,,95,,false,,,,false
a7dfe22b-63fa-426d-be63-a4ae69a4909b,CLI-1259,Kadri,Org,kadri.org1258@example.com,+372 51046546,1972-11-21,,,,Bruxelles,FR,single,0,freelance,Employer 5,1480.00,750.13,tenant,mixed,C,active,,2026-05-30 13:40:16.416366+00,2026-05-30 13:40:16.416366+00,,61,,false,,,,false
a7f41ee1-5b6f-4fd2-b67e-bbb9127f7932,CLI-0365,Alex,Tamm,alex.tamm364@example.com,+372 51013468,1980-12-02,,,,Tallinn,FR,married,1,cdi,Employer 29,5156.00,2383.83,tenant,excellent,A,active,,2026-05-30 13:40:16.08259+00,2026-05-30 13:40:16.08259+00,,85,,false,,,,false
a8163ca4-4c4b-4074-921c-51105d6120af,CLI-0646,Hugo,Faure,hugo.faure645@example.com,+372 51023865,1978-07-28,,,,Helsinki,EE,single,1,cdd,Employer 28,4581.00,1959.90,owner,incidents,C,active,,2026-05-30 13:40:16.308826+00,2026-05-30 13:40:16.308826+00,,60,,false,,,,false
a842568b-9e74-4a29-83e3-ca61e8cfb9e3,CLI-0343,Mart,Kangro,mart.kangro342@example.com,+372 51012654,1980-09-11,,,,Parnu,FR,single,2,freelance,Employer 12,4216.00,2518.91,tenant,good,B,active,,2026-05-30 13:40:16.08259+00,2026-05-30 13:40:16.08259+00,,73,,false,,,,false
a8458aa6-28aa-4cc4-8301-eb0dfa4530fd,CLI-0589,Lea,Vidal,lea.vidal588@example.com,+372 51021756,1995-05-09,,,,Lyon,FR,single,1,cdi,Employer 1,2556.00,1207.19,owner,good,B,active,,2026-05-30 13:40:16.308826+00,2026-05-30 13:40:16.308826+00,,72,,false,,,,false
a85b1a8d-4da2-4bba-9ea2-1c387c83883e,CLI-0711,Camille,Bernard,camille.bernard710@example.com,+372 51026270,1990-06-21,,,,Parnu,EE,married,2,retired,Employer 32,2947.00,1765.05,owner,good,A,active,,2026-05-30 13:40:16.308826+00,2026-05-30 13:40:16.308826+00,,91,,false,,,,false
a8775887-4b0a-43e6-a5fc-ffa7b953e148,CLI-0719,Pauline,Parn,pauline.parn718@example.com,+372 51026566,1966-02-26,,,,Tallinn,EE,single,3,cdi,Employer 35,2789.00,1380.54,owner,excellent,A,active,,2026-05-30 13:40:16.308826+00,2026-05-30 13:40:16.308826+00,,88,,false,,,,false
a8929faa-715b-4661-a1a7-16398c0885dc,CLI-1362,Eva,Rebane,eva.rebane1361@example.com,+372 51050357,1971-05-12,,,,Lyon,EE,single,1,unemployed,Employer 14,4994.00,2445.04,owner,mixed,B,active,,2026-05-30 13:40:16.416366+00,2026-05-30 13:40:16.416366+00,,78,,false,,,,false
a8cf248e-5c7c-4600-bc57-5cbb760a98a7,CLI-0318,Maria,Saar,maria.saar317@example.com,+372 51011729,2002-11-14,,,,Madrid,EE,married,2,student,Employer 4,1963.00,848.30,hosted,mixed,B,active,,2026-05-30 13:40:16.08259+00,2026-05-30 13:40:16.08259+00,,66,,false,,,,false
a96e1089-0169-4247-944c-dff45e5a79ba,CLI-0916,Piret,Kask,piret.kask915@example.com,+372 51033855,1976-07-16,,,,Paris,EE,single,2,student,Employer 30,1746.00,764.97,tenant,good,A,active,,2026-05-30 13:40:16.308826+00,2026-05-30 13:40:16.308826+00,,90,,false,,,,false
a9a08164-ad32-491d-a3b3-17f73e40ed23,CLI-0544,Laura,Ivanov,laura.ivanov543@example.com,+372 51020091,1999-06-12,,,,Tartu,FR,single,2,cdi,Employer 38,1756.00,1039.02,tenant,mixed,B,active,,2026-05-30 13:40:16.308826+00,2026-05-30 13:40:16.308826+00,,68,,false,,,,false
aa012c8c-63a8-4737-9e71-fa0a63404153,CLI-0311,Sarah,Vidal,sarah.vidal310@example.com,+372 51011470,1970-09-13,,,,Narva,EE,single,0,unemployed,Employer 35,1986.00,1071.05,tenant,mixed,B,active,,2026-05-30 13:40:16.08259+00,2026-05-30 13:40:16.08259+00,,79,,false,,,,false
aa06c889-5a65-422a-9ad9-eae96444db89,CLI-0074,Andres,Laine,andres.laine73@example.com,+372 51002701,1998-04-17,,,,Bruxelles,EE,single,1,cdd,Employer 7,1568.00,741.86,owner,good,A,active,,2026-05-30 13:40:16.08259+00,2026-05-30 13:40:16.08259+00,,82,,false,,,,false
aa14f299-2902-4814-8e91-ec5b647e8b4a,CLI-1229,Antoine,Sepp,antoine.sepp1228@example.com,+372 51045436,1986-10-19,,,,Bruxelles,EE,single,1,freelance,Employer 33,1321.00,709.70,tenant,good,A,active,,2026-05-30 13:40:16.416366+00,2026-05-30 13:40:16.416366+00,,83,,false,,,,false
aa752c27-e6ad-429e-9d22-9e8de8fc8140,CLI-0105,Manon,Martin,manon.martin104@example.com,+372 51003848,2002-01-07,,,,Bruxelles,EE,single,3,student,Employer 21,3506.00,1515.14,tenant,good,A,active,,2026-05-30 13:40:16.08259+00,2026-05-30 13:40:16.08259+00,,90,,false,,,,false
aa9bc2f6-99f4-4ab0-8263-64823cbd98d7,CLI-0279,Piret,Raud,piret.raud278@example.com,+372 51010286,1997-08-26,,,,Bruxelles,EE,single,2,cdi,Employer 12,5195.00,3044.63,tenant,incidents,C,active,,2026-05-30 13:40:16.08259+00,2026-05-30 13:40:16.08259+00,,62,,false,,,,false
aaa32c59-9361-4572-9a0e-265f625494fc,CLI-0139,Andres,Garcia,andres.garcia138@example.com,+372 51005106,2002-11-07,,,,Tartu,FR,married,0,student,Employer 40,1787.00,1006.17,tenant,incidents,D,active,,2026-05-30 13:40:16.08259+00,2026-05-30 13:40:16.08259+00,,41,,false,,,,false
aaa3c769-7ac2-48c1-bf29-676ef46cfd0e,CLI-0346,Manon,Petit,manon.petit345@example.com,+372 51012765,1965-07-12,,,,Madrid,FR,married,2,cdd,Employer 33,4034.00,2075.52,tenant,good,B,active,,2026-05-30 13:40:16.08259+00,2026-05-30 13:40:16.08259+00,,67,,false,,,,false
aad2a260-d99c-4ad1-b8e3-98b56103d5ef,CLI-0631,Piret,Kask,piret.kask630@example.com,+372 51023310,1991-10-16,,,,Madrid,EE,married,3,cdd,Employer 12,4675.00,2185.51,hosted,good,B,active,,2026-05-30 13:40:16.308826+00,2026-05-30 13:40:16.308826+00,,68,,false,,,,false
aae616e1-0fb6-4710-a258-9d609043eee3,CLI-0942,Pauline,Vidal,pauline.vidal941@example.com,+372 51034817,2002-07-08,,,,Lyon,FR,single,1,student,Employer 37,2455.00,1423.31,tenant,incidents,D,active,,2026-05-30 13:40:16.308826+00,2026-05-30 13:40:16.308826+00,,41,,false,,,,false
ab20a0a5-eb29-45f5-8918-b0e44093be61,CLI-0359,Tiina,Susi,tiina.susi358@example.com,+372 51013246,1979-09-16,,,,Bruxelles,EE,married,0,student,Employer 17,2615.00,1531.02,tenant,good,A,active,,2026-05-30 13:40:16.08259+00,2026-05-30 13:40:16.08259+00,,93,,false,,,,false
ab420621-00ec-4fd4-823b-a610e200d833,CLI-1092,Rasmus,Tamm,rasmus.tamm1091@example.com,+372 51040367,1969-11-22,,,,Lyon,EE,single,0,cdi,Employer 14,2384.00,1132.72,tenant,incidents,C,active,,2026-05-30 13:40:16.416366+00,2026-05-30 13:40:16.416366+00,,49,,false,,,,false
ac0ba0a5-19fa-4332-9413-faf646e6fec7,CLI-1185,Anna,Oja,anna.oja1184@example.com,+372 51043808,1994-11-23,,,,Parnu,FR,married,2,retired,Employer 32,1163.00,625.35,tenant,mixed,B,active,,2026-05-30 13:40:16.416366+00,2026-05-30 13:40:16.416366+00,,66,,false,,,,false
ac3943b1-dd07-4b65-ad83-a8474d280acf,CLI-0428,Maxime,Dubois,maxime.dubois427@example.com,+372 51015799,1988-08-26,,,,Narva,EE,single,2,cdd,Employer 2,1738.00,757.72,tenant,good,A,active,,2026-05-30 13:40:16.08259+00,2026-05-30 13:40:16.08259+00,,97,,false,,,,false
ac73b61d-77ce-4806-9452-01f830ded76b,CLI-0195,Emma,Kukk,emma.kukk194@example.com,+372 51007178,1969-09-12,,,,Tallinn,EE,single,3,student,Employer 8,3517.00,1281.35,tenant,good,A,active,,2026-05-30 13:40:16.08259+00,2026-05-30 13:40:16.08259+00,,95,,false,,,,false
ace9cb2f-4d4c-4e76-896f-3f76e303cf0b,CLI-0288,Sarah,Kask,sarah.kask287@example.com,+372 51010619,2003-12-25,,,,Geneve,FR,married,2,cdi,Employer 19,3954.00,1397.61,tenant,mixed,C,active,,2026-05-30 13:40:16.08259+00,2026-05-30 13:40:16.08259+00,,59,,false,,,,false
ad157de2-0484-4425-beb9-2cae95c7a12e,CLI-0086,Mart,Garcia,mart.garcia85@example.com,+372 51003145,1982-05-10,,,,Helsinki,EE,single,0,cdd,Employer 30,1423.00,800.61,hosted,incidents,D,active,,2026-05-30 13:40:16.08259+00,2026-05-30 13:40:16.08259+00,,30,,false,,,,false
ad1fa418-f7e7-4d60-96eb-8b3f0aad2e0b,CLI-0300,Marie,Nguyen,marie.nguyen299@example.com,+372 51011063,1991-03-09,,,,Tallinn,EE,married,0,student,Employer 37,4218.00,1757.79,owner,good,B,active,,2026-05-30 13:40:16.08259+00,2026-05-30 13:40:16.08259+00,,74,,false,,,,false
ad2c1105-9e31-413e-a789-a618005a8304,CLI-0355,Piret,Lepik,piret.lepik354@example.com,+372 51013098,2004-03-27,,,,Parnu,FR,single,2,student,Employer 37,2817.00,1601.35,owner,good,A,active,,2026-05-30 13:40:16.08259+00,2026-05-30 13:40:16.08259+00,,87,,false,,,,false
ad92d805-8d90-43eb-b65f-6f11b4d4b1da,CLI-1307,Liis,Kallas,liis.kallas1306@example.com,+372 51048322,1975-10-18,,,,Lyon,EE,married,0,cdi,Employer 38,2658.00,1347.54,tenant,good,A,active,,2026-05-30 13:40:16.416366+00,2026-05-30 13:40:16.416366+00,,81,,false,,,,false
ad99e7b8-dcea-4ddd-9971-fdc049517f42,CLI-1035,Alex,Toom,alex.toom1034@example.com,+372 51038258,1992-02-11,,,,Parnu,EE,single,2,cdi,Employer 36,1517.00,577.84,hosted,good,B,active,,2026-05-30 13:40:16.416366+00,2026-05-30 13:40:16.416366+00,,79,,false,,,,false
adc81662-c0af-4caf-8318-c097175c8f88,CLI-1111,Jaan,Dubois,jaan.dubois1110@example.com,+372 51041070,1990-08-19,,,,Paris,EE,married,1,unemployed,Employer 32,4996.00,2510.82,hosted,good,A,active,,2026-05-30 13:40:16.416366+00,2026-05-30 13:40:16.416366+00,,84,,false,,,,false
adcda850-4a19-4336-b556-a30cf429ca51,CLI-1037,Lucas,Kask,lucas.kask1036@example.com,+372 51038332,1977-06-01,,,,Narva,FR,married,0,unemployed,Employer 4,4884.00,1998.39,owner,good,A,active,,2026-05-30 13:40:16.416366+00,2026-05-30 13:40:16.416366+00,,94,,false,,,,false
adff6f66-b0bc-4607-8d4d-7bc263f85743,CLI-0703,Julien,Oja,julien.oja702@example.com,+372 51025974,1992-08-11,,,,Paris,FR,single,3,cdi,Employer 27,4961.00,2856.60,tenant,excellent,A,active,,2026-05-30 13:40:16.308826+00,2026-05-30 13:40:16.308826+00,,93,,false,,,,false
ae5628eb-bcb7-4444-a7ad-dddddf5cc6ac,CLI-0150,Kevin,Aas,kevin.aas149@example.com,+372 51005513,1986-04-22,,,,Tartu,EE,single,0,cdi,Employer 14,2696.00,1190.97,owner,good,A,active,,2026-05-30 13:40:16.08259+00,2026-05-30 13:40:16.08259+00,,93,,false,,,,false
ae636e59-f95d-44c2-9fc0-3ff40753176f,CLI-0481,Camille,Vaino,camille.vaino480@example.com,+372 51017760,2000-04-10,,,,Tallinn,EE,married,1,unemployed,Employer 15,1840.00,647.80,tenant,good,A,active,,2026-05-30 13:40:16.08259+00,2026-05-30 13:40:16.08259+00,,84,,false,,,,false
ae8014be-b106-472f-8da8-6d37306009ff,CLI-1212,Mehdi,Rebane,mehdi.rebane1211@example.com,+372 51044807,1998-07-11,,,,Madrid,EE,single,0,cdd,Employer 39,4099.00,2341.09,owner,excellent,A,active,,2026-05-30 13:40:16.416366+00,2026-05-30 13:40:16.416366+00,,99,,false,,,,false
aeae92b9-9ba3-49c3-bc63-135dcea3e2b0,CLI-0315,Romain,Aas,romain.aas314@example.com,+372 51011618,1980-02-20,,,,Helsinki,FR,single,3,cdi,Employer 24,4223.00,2276.98,tenant,good,A,active,,2026-05-30 13:40:16.08259+00,2026-05-30 13:40:16.08259+00,,99,,false,,,,false
aec22c5a-171a-4b02-a3d9-c95e56cf63b6,CLI-0777,Sophie,Aas,sophie.aas776@example.com,+372 51028712,1971-10-07,,,,Narva,EE,married,2,freelance,Employer 39,3505.00,1883.53,tenant,incidents,C,active,,2026-05-30 13:40:16.308826+00,2026-05-30 13:40:16.308826+00,,49,,false,,,,false
aeff6e19-d2be-42ca-9259-085d295eb6c5,CLI-0923,Thomas,Roussel,thomas.roussel922@example.com,+372 51034114,1992-11-06,,,,Bruxelles,EE,single,1,cdi,Employer 40,3277.00,1838.30,owner,good,A,active,,2026-05-30 13:40:16.308826+00,2026-05-30 13:40:16.308826+00,,94,,false,,,,false
af2a1fc5-1d7f-4e6e-8d9c-f85890709684,CLI-0729,Marie,Martin,marie.martin728@example.com,+372 51026936,1992-10-13,,,,Narva,EE,single,0,unemployed,Employer 15,3626.00,1613.33,tenant,good,A,active,,2026-05-30 13:40:16.308826+00,2026-05-30 13:40:16.308826+00,,97,,false,,,,false
af31f377-148f-40f8-aa15-ea744cbf76a0,CLI-0020,Maxime,Martin,maxime.martin19@example.com,+372 51000703,1973-03-02,,,,Geneve,EE,single,0,cdi,Employer 14,4534.00,1959.23,hosted,mixed,B,active,,2026-05-30 13:40:16.08259+00,2026-05-30 13:40:16.08259+00,,74,,false,,,,false
af726b23-c001-42a8-9a65-a62df87153c6,CLI-1048,Rasmus,Susi,rasmus.susi1047@example.com,+372 51038739,1985-09-20,,,,Madrid,EE,single,2,cdi,Employer 33,2557.00,932.35,owner,mixed,B,active,,2026-05-30 13:40:16.416366+00,2026-05-30 13:40:16.416366+00,,77,,false,,,,false
af8e8273-f36a-48e2-8388-c883245a2dbe,CLI-0784,Sarah,Vaino,sarah.vaino783@example.com,+372 51028971,1975-06-19,,,,Narva,FR,married,3,retired,Employer 30,2446.00,1142.62,hosted,good,B,active,,2026-05-30 13:40:16.308826+00,2026-05-30 13:40:16.308826+00,,69,,false,,,,false
af91bfd1-230f-4b5b-95ce-8ddbc01f326f,CLI-0121,Nathan,Carre,nathan.carre120@example.com,+372 51004440,1971-03-12,,,,Madrid,FR,married,1,cdi,Employer 34,4131.00,2034.88,tenant,excellent,A,active,,2026-05-30 13:40:16.08259+00,2026-05-30 13:40:16.08259+00,,93,,false,,,,false
afa339f6-7fd1-4639-a861-1ef09a1149b2,CLI-0753,Maxime,Muller,maxime.muller752@example.com,+372 51027824,1984-03-27,,,,Tallinn,EE,single,2,retired,Employer 17,2505.00,1382.02,owner,incidents,D,active,,2026-05-30 13:40:16.308826+00,2026-05-30 13:40:16.308826+00,,25,,false,,,,false
afaf642a-3129-47dd-b7a6-029a89be8729,CLI-1317,Tiina,Susi,tiina.susi1316@example.com,+372 51048692,1977-04-13,,,,Parnu,EE,married,2,cdd,Employer 6,1944.00,895.37,tenant,good,A,active,,2026-05-30 13:40:16.416366+00,2026-05-30 13:40:16.416366+00,,95,,false,,,,false
afd63b46-6749-4705-9221-75b6521fc896,CLI-0676,Tonu,Laine,tonu.laine675@example.com,+372 51024975,1990-09-25,,,,Helsinki,EE,married,1,cdi,Employer 29,3321.00,1792.04,hosted,mixed,B,active,,2026-05-30 13:40:16.308826+00,2026-05-30 13:40:16.308826+00,,68,,false,,,,false
afe17635-460d-4011-9db6-f43998787379,CLI-0640,Marko,Sokk,marko.sokk639@example.com,+372 51023643,1991-03-28,,,,Lyon,FR,married,3,unemployed,Employer 6,2211.00,1297.78,tenant,excellent,A,active,,2026-05-30 13:40:16.308826+00,2026-05-30 13:40:16.308826+00,,91,,false,,,,false
b0394fd0-5512-4a65-a18b-0e1f151eb991,CLI-0724,Kristjan,Raud,kristjan.raud723@example.com,+372 51026751,1994-07-14,,,,Narva,EE,single,0,freelance,Employer 17,2468.00,913.57,owner,incidents,D,active,,2026-05-30 13:40:16.308826+00,2026-05-30 13:40:16.308826+00,,28,,false,,,,false
b067841f-8151-4e32-b960-368cae75e0ba,CLI-0245,Maria,Vidal,maria.vidal244@example.com,+372 51009028,1989-01-16,,,,Tartu,FR,single,1,unemployed,Employer 36,2416.00,1176.68,owner,good,A,active,,2026-05-30 13:40:16.08259+00,2026-05-30 13:40:16.08259+00,,89,,false,,,,false
b0b2d1ae-594f-43b3-b4b8-e6e8830ab87d,CLI-0539,Piret,Tamm,piret.tamm538@example.com,+372 51019906,1992-02-21,,,,Madrid,EE,single,1,student,Employer 15,2555.00,1498.28,tenant,good,B,active,,2026-05-30 13:40:16.308826+00,2026-05-30 13:40:16.308826+00,,75,,false,,,,false
b0c808d6-d678-42fa-96da-94cb51bbbd80,CLI-0800,Anna,Dubois,anna.dubois799@example.com,+372 51029563,1973-03-02,,,,Narva,EE,single,1,student,Employer 9,5011.00,1854.50,tenant,good,A,active,,2026-05-30 13:40:16.308826+00,2026-05-30 13:40:16.308826+00,,98,,false,,,,false
b0eaf2a1-d5a6-49df-85d2-809dbce5d06d,CLI-0290,Clara,Kallas,clara.kallas289@example.com,+372 51010693,1975-01-20,,,,Tartu,EE,single,3,freelance,Employer 40,2390.00,1070.92,owner,good,A,active,,2026-05-30 13:40:16.08259+00,2026-05-30 13:40:16.08259+00,,91,,false,,,,false
b0f4cac8-5c05-4fa9-abef-c0b7989be964,CLI-1118,Hugo,Lille,hugo.lille1117@example.com,+372 51041329,1984-10-20,,,,Parnu,EE,married,1,cdd,Employer 37,4192.00,1788.57,tenant,incidents,C,active,,2026-05-30 13:40:16.416366+00,2026-05-30 13:40:16.416366+00,,64,,false,,,,false
b12d4cd6-b82d-4f23-818a-8879049e433a,CLI-1098,Tiina,Vaino,tiina.vaino1097@example.com,+372 51040589,1975-05-28,,,,Geneve,EE,single,2,cdi,Employer 20,3504.00,1370.82,owner,good,A,active,,2026-05-30 13:40:16.416366+00,2026-05-30 13:40:16.416366+00,,97,,false,,,,false
b12feda5-a769-4dfd-8ce5-dbe8e269f571,CLI-0612,Maxime,Ivanov,maxime.ivanov611@example.com,+372 51022607,1982-04-03,,,,Paris,EE,single,0,unemployed,Employer 25,4263.00,1974.76,hosted,mixed,C,active,,2026-05-30 13:40:16.308826+00,2026-05-30 13:40:16.308826+00,,60,,false,,,,false
b13710c5-3562-44b0-9f2d-78e78d5e7314,CLI-0030,Jaan,Faure,jaan.faure29@example.com,+372 51001073,1988-09-10,,,,Geneve,EE,married,3,cdi,Employer 40,1303.00,506.85,tenant,good,B,active,,2026-05-30 13:40:16.08259+00,2026-05-30 13:40:16.08259+00,,68,,false,,,,false
b142ca92-eb40-4183-8ea9-e20068312bd5,CLI-0235,Manon,Garcia,manon.garcia234@example.com,+372 51008658,1971-02-24,,,,Geneve,FR,single,2,student,Employer 16,2241.00,986.88,owner,excellent,A,active,,2026-05-30 13:40:16.08259+00,2026-05-30 13:40:16.08259+00,,82,,false,,,,false
b1a4223f-ee7f-44c3-805d-214cee0ae677,CLI-0244,Emma,Vaino,emma.vaino243@example.com,+372 51008991,2004-04-23,,,,Narva,EE,married,0,cdi,Employer 1,2357.00,1255.24,hosted,mixed,C,active,,2026-05-30 13:40:16.08259+00,2026-05-30 13:40:16.08259+00,,52,,false,,,,false
b1bc0694-23f3-45f6-be50-5dee4f81f5fd,CLI-1261,Alex,Muller,alex.muller1260@example.com,+372 51046620,1996-09-22,,,,Madrid,EE,married,3,freelance,Employer 35,4953.00,1979.52,tenant,good,A,active,,2026-05-30 13:40:16.416366+00,2026-05-30 13:40:16.416366+00,,88,,false,,,,false
b1cf3556-f97d-40e8-8dfe-85946d4a6bb9,CLI-0851,Kadri,Petit,kadri.petit850@example.com,+372 51031450,1982-06-24,,,,Parnu,EE,married,1,cdd,Employer 23,2521.00,1291.60,tenant,good,B,active,,2026-05-30 13:40:16.308826+00,2026-05-30 13:40:16.308826+00,,77,,false,,,,false
b1de689f-1b18-4f45-98bc-06b4086a6e63,CLI-0722,Pauline,Sokk,pauline.sokk721@example.com,+372 51026677,1972-08-14,,,,Parnu,EE,single,3,student,Employer 31,1874.00,993.34,tenant,mixed,C,active,,2026-05-30 13:40:16.308826+00,2026-05-30 13:40:16.308826+00,,46,,false,,,,false
b1eed9b2-3351-4f8e-abda-658d5d243c62,CLI-1126,Romain,Tamm,romain.tamm1125@example.com,+372 51041625,1999-10-13,,,,Tallinn,FR,married,1,cdi,Employer 34,2794.00,1046.46,tenant,excellent,A,active,,2026-05-30 13:40:16.416366+00,2026-05-30 13:40:16.416366+00,,95,,false,,,,false
b21bab78-03b0-4b5f-87a5-3838db8ac938,CLI-1137,Hugo,Lille,hugo.lille1136@example.com,+372 51042032,1987-08-16,,,,Narva,EE,single,1,student,Employer 12,1304.00,738.83,hosted,mixed,B,active,,2026-05-30 13:40:16.416366+00,2026-05-30 13:40:16.416366+00,,76,,false,,,,false
b24aa281-31ee-42bf-9214-1a55543dc031,CLI-0768,Emma,Ivanov,emma.ivanov767@example.com,+372 51028379,1989-07-23,,,,Madrid,EE,single,1,unemployed,Employer 38,2937.00,1620.67,tenant,incidents,D,active,,2026-05-30 13:40:16.308826+00,2026-05-30 13:40:16.308826+00,,34,,false,,,,false
b2af2340-1fbc-4777-8995-81d21de6fc7a,CLI-0764,Chloe,Dubois,chloe.dubois763@example.com,+372 51028231,1966-12-11,,,,Bruxelles,EE,single,1,freelance,Employer 27,3303.00,1693.45,tenant,incidents,D,active,,2026-05-30 13:40:16.308826+00,2026-05-30 13:40:16.308826+00,,37,,false,,,,false
b2d1af78-cb8b-4c9b-916b-d25df7477335,CLI-0674,Julien,Smirnov,julien.smirnov673@example.com,+372 51024901,1978-07-11,,,,Paris,EE,single,3,cdd,Employer 7,5028.00,2547.90,tenant,excellent,A,active,,2026-05-30 13:40:16.308826+00,2026-05-30 13:40:16.308826+00,,86,,false,,,,false
b2e8b308-d31f-4ba8-9537-5729c709aa1c,CLI-0644,Yann,Vaino,yann.vaino643@example.com,+372 51023791,1969-08-21,,,,Parnu,EE,single,2,student,Employer 22,3667.00,1715.65,hosted,good,A,active,,2026-05-30 13:40:16.308826+00,2026-05-30 13:40:16.308826+00,,84,,false,,,,false
b30f30cc-1bf5-4c8e-bd94-9302e29520b8,CLI-0284,Romain,Lepik,romain.lepik283@example.com,+372 51010471,1987-03-10,,,,Paris,EE,single,3,cdd,Employer 1,1962.00,851.89,tenant,good,A,active,,2026-05-30 13:40:16.08259+00,2026-05-30 13:40:16.08259+00,,97,,false,,,,false
b325ae23-94ad-428e-bb06-8c1c8a2684ca,CLI-0697,Ines,Robert,ines.robert696@example.com,+372 51025752,1998-05-26,,,,Bruxelles,EE,single,1,cdi,Employer 13,2266.00,1055.89,tenant,incidents,D,active,,2026-05-30 13:40:16.308826+00,2026-05-30 13:40:16.308826+00,,44,,false,,,,false
b32dc242-9014-4b88-995e-a7730b3fc81b,CLI-1323,Manon,Vaino,manon.vaino1322@example.com,+372 51048914,2000-11-15,,,,Tartu,EE,single,1,cdi,Employer 40,2568.00,1456.01,owner,incidents,D,active,,2026-05-30 13:40:16.416366+00,2026-05-30 13:40:16.416366+00,,40,,false,,,,false
b35e8ee4-00d6-4f5d-8efb-c9b34653085b,CLI-0132,Maxime,Sokk,maxime.sokk131@example.com,+372 51004847,1979-07-04,,,,Narva,EE,single,2,retired,Employer 37,2110.00,1257.32,tenant,good,A,active,,2026-05-30 13:40:16.08259+00,2026-05-30 13:40:16.08259+00,,97,,false,,,,false
b3641568-ba0d-4410-a37b-a0f5b506414a,CLI-1329,Kristjan,Aas,kristjan.aas1328@example.com,+372 51049136,1973-06-07,,,,Tartu,FR,single,3,retired,Employer 9,3874.00,2109.74,tenant,good,A,active,,2026-05-30 13:40:16.416366+00,2026-05-30 13:40:16.416366+00,,92,,false,,,,false
b376f3d6-991c-4dea-a175-01090996dccb,CLI-0855,Chloe,Lopez,chloe.lopez854@example.com,+372 51031598,1970-12-18,,,,Bruxelles,FR,single,3,unemployed,Employer 11,4673.00,1682.41,tenant,mixed,C,active,,2026-05-30 13:40:16.308826+00,2026-05-30 13:40:16.308826+00,,55,,false,,,,false
b3d4ed86-48d8-489d-bda0-b5c2d1401c9f,CLI-0586,Mehdi,Parn,mehdi.parn585@example.com,+372 51021645,1988-02-27,,,,Parnu,EE,married,3,unemployed,Employer 33,1111.00,531.60,owner,good,A,active,,2026-05-30 13:40:16.308826+00,2026-05-30 13:40:16.308826+00,,80,,false,,,,false
b450424e-3dc7-43c7-8d6c-8402665f354e,CLI-1211,Marie,Rebane,marie.rebane1210@example.com,+372 51044770,1988-09-04,,,,Narva,FR,single,3,retired,Employer 24,4866.00,1870.11,tenant,incidents,D,active,,2026-05-30 13:40:16.416366+00,2026-05-30 13:40:16.416366+00,,27,,false,,,,false
b4693cba-c1e7-4a80-bac3-640a67d3be38,CLI-0992,Andres,Susi,andres.susi991@example.com,+372 51036667,1997-05-13,,,,Geneve,EE,single,3,retired,Employer 13,2859.00,1044.39,tenant,good,A,active,,2026-05-30 13:40:16.308826+00,2026-05-30 13:40:16.308826+00,,97,,false,,,,false
b4719966-d266-4eec-b3d7-3dddceb240ef,CLI-0739,Sophie,Robert,sophie.robert738@example.com,+372 51027306,1974-02-12,,,,Paris,EE,single,3,cdi,Employer 33,4973.00,2349.00,owner,good,A,active,,2026-05-30 13:40:16.308826+00,2026-05-30 13:40:16.308826+00,,82,,false,,,,false
b4cf8ed1-4ff2-43d1-8385-fd046611a4f3,CLI-0643,Camille,Faure,camille.faure642@example.com,+372 51023754,1969-12-04,,,,Madrid,EE,single,3,cdd,Employer 25,4631.00,2351.04,tenant,good,B,active,,2026-05-30 13:40:16.308826+00,2026-05-30 13:40:16.308826+00,,78,,false,,,,false
b52af096-ebc4-4564-9fbf-b4af97a148b3,CLI-1094,Alex,Ivanov,alex.ivanov1093@example.com,+372 51040441,1973-08-14,,,,Tallinn,EE,married,1,student,Employer 30,1847.00,839.03,tenant,mixed,C,active,,2026-05-30 13:40:16.416366+00,2026-05-30 13:40:16.416366+00,,62,,false,,,,false
b52f45f0-6f9a-4158-9653-6f7bbad4c309,CLI-0645,Kristjan,Lepik,kristjan.lepik644@example.com,+372 51023828,1994-03-21,,,,Tallinn,FR,married,1,student,Employer 30,4636.00,2537.57,tenant,good,A,active,,2026-05-30 13:40:16.308826+00,2026-05-30 13:40:16.308826+00,,89,,false,,,,false
b585c1cf-f428-4344-93d2-8db2251abef1,CLI-0709,Hugo,Rebane,hugo.rebane708@example.com,+372 51026196,1981-05-08,,,,Parnu,EE,single,2,cdi,Employer 34,2012.00,1195.83,hosted,good,A,active,,2026-05-30 13:40:16.308826+00,2026-05-30 13:40:16.308826+00,,96,,false,,,,false
b5a85756-03df-4ffd-9999-caf3166aa1ff,CLI-0769,Emma,Toom,emma.toom768@example.com,+372 51028416,1998-11-26,,,,Madrid,EE,single,0,retired,Employer 38,3852.00,1502.56,hosted,incidents,D,active,,2026-05-30 13:40:16.308826+00,2026-05-30 13:40:16.308826+00,,42,,false,,,,false
b5af39b2-4d4f-412e-9bf3-6dd7b686c2b9,CLI-0615,Clara,Magi,clara.magi614@example.com,+372 51022718,1995-12-12,,,,Lyon,FR,single,2,retired,Employer 10,3976.00,1946.95,owner,mixed,B,active,,2026-05-30 13:40:16.308826+00,2026-05-30 13:40:16.308826+00,,76,,false,,,,false
b5bd3cff-af87-44a1-8a82-be556dd9f830,CLI-0024,Laura,Mets,laura.mets23@example.com,+372 51000851,1989-08-12,,,,Helsinki,EE,married,0,unemployed,Employer 17,3067.00,1348.80,hosted,good,A,active,,2026-05-30 13:40:16.08259+00,2026-05-30 13:40:16.08259+00,,95,,false,,,,false
b5e7277a-b4d9-4f47-8e87-c4b2412142ea,CLI-0061,Romain,Roussel,romain.roussel60@example.com,+372 51002220,1999-11-16,,,,Lyon,EE,married,3,freelance,Employer 18,4568.00,1977.39,hosted,excellent,A,active,,2026-05-30 13:40:16.08259+00,2026-05-30 13:40:16.08259+00,,83,,false,,,,false
b5fde743-61ee-444f-bd49-9492738763c9,CLI-0470,Julien,Tamm,julien.tamm469@example.com,+372 51017353,1989-11-28,,,,Madrid,EE,single,2,freelance,Employer 25,4629.00,2719.59,owner,good,B,active,,2026-05-30 13:40:16.08259+00,2026-05-30 13:40:16.08259+00,,68,,false,,,,false
b6457929-ef77-47c6-b8ed-a5de7bbbdd75,CLI-0314,Marko,Bernard,marko.bernard313@example.com,+372 51011581,2003-02-06,,,,Lyon,FR,single,3,cdi,Employer 10,3335.00,1327.31,owner,good,B,active,,2026-05-30 13:40:16.08259+00,2026-05-30 13:40:16.08259+00,,71,,false,,,,false
b66ea347-d3e4-4993-a276-dfb01636a614,CLI-0932,Julien,Parn,julien.parn931@example.com,+372 51034447,1979-10-22,,,,Tartu,EE,single,0,cdd,Employer 21,4740.00,2479.42,hosted,mixed,C,active,,2026-05-30 13:40:16.308826+00,2026-05-30 13:40:16.308826+00,,59,,false,,,,false
b69180c0-3cfd-483f-81be-9574e9d1add7,CLI-0845,Kevin,Laine,kevin.laine844@example.com,+372 51031228,1969-09-01,,,,Tartu,EE,single,3,cdi,Employer 34,2455.00,1466.98,owner,good,B,active,,2026-05-30 13:40:16.308826+00,2026-05-30 13:40:16.308826+00,,78,,false,,,,false
b69f0372-b53c-4d6e-ae4b-d7a654cf57da,CLI-0846,Tiina,Org,tiina.org845@example.com,+372 51031265,1990-02-09,,,,Parnu,EE,single,0,freelance,Employer 5,3602.00,1405.71,tenant,excellent,A,active,,2026-05-30 13:40:16.308826+00,2026-05-30 13:40:16.308826+00,,81,,false,,,,false
b70b73be-8fa5-473c-92e5-ecba3346ec0b,CLI-1155,Kevin,Kask,kevin.kask1154@example.com,+372 51042698,1980-05-14,,,,Narva,EE,married,0,cdi,Employer 29,5056.00,2727.76,hosted,excellent,A,active,,2026-05-30 13:40:16.416366+00,2026-05-30 13:40:16.416366+00,,87,,false,,,,false
b7248e43-fb0d-44de-ba44-c9cb069ef639,CLI-0100,Marko,Mets,marko.mets99@example.com,+372 51003663,1980-12-09,,,,Geneve,EE,single,3,retired,Employer 40,4321.00,2346.98,owner,mixed,C,active,,2026-05-30 13:40:16.08259+00,2026-05-30 13:40:16.08259+00,,51,,false,,,,false
b74ff453-d456-48e4-9b10-e4e9a786560c,CLI-0079,Ines,Kask,ines.kask78@example.com,+372 51002886,1981-06-23,,,,Parnu,EE,married,3,cdi,Employer 14,2003.00,1132.47,tenant,excellent,A,active,,2026-05-30 13:40:16.08259+00,2026-05-30 13:40:16.08259+00,,87,,false,,,,false
b787b70b-aa54-4b2a-b734-f7f0836f0115,CLI-0402,Marko,Org,marko.org401@example.com,+372 51014837,1968-04-10,,,,Paris,FR,single,3,cdi,Employer 24,3590.00,1277.93,hosted,excellent,A,active,,2026-05-30 13:40:16.08259+00,2026-05-30 13:40:16.08259+00,,92,,false,,,,false
b792eaab-86a0-4c05-bc76-a7ea488ca3e9,CLI-0176,Sarah,Toom,sarah.toom175@example.com,+372 51006475,1977-10-12,,,,Tartu,FR,married,0,unemployed,Employer 2,2568.00,1381.34,owner,excellent,A,active,,2026-05-30 13:40:16.08259+00,2026-05-30 13:40:16.08259+00,,96,,false,,,,false
b7a271d5-e6b4-4121-9d64-ca8e2e026785,CLI-1161,Lea,Roussel,lea.roussel1160@example.com,+372 51042920,1991-06-10,,,,Geneve,EE,married,3,cdi,Employer 30,3757.00,1798.44,tenant,good,A,active,,2026-05-30 13:40:16.416366+00,2026-05-30 13:40:16.416366+00,,92,,false,,,,false
b7a315e0-240a-4ad4-ab74-6638b188e96b,CLI-0379,Maria,Susi,maria.susi378@example.com,+372 51013986,1971-07-01,,,,Tallinn,EE,single,2,retired,Employer 34,1545.00,799.43,tenant,mixed,C,active,,2026-05-30 13:40:16.08259+00,2026-05-30 13:40:16.08259+00,,53,,false,,,,false
b7a897d4-4468-4b3c-96d6-ed8097f9230f,CLI-1087,Mehdi,Saar,mehdi.saar1086@example.com,+372 51040182,1986-04-05,,,,Tartu,EE,married,0,cdi,Employer 26,4137.00,1607.94,owner,good,B,active,,2026-05-30 13:40:16.416366+00,2026-05-30 13:40:16.416366+00,,72,,false,,,,false
b82c9bce-4747-4187-ba11-d5a3fa7d479f,CLI-0201,Tonu,Dubois,tonu.dubois200@example.com,+372 51007400,1970-05-26,,,,Tartu,FR,single,2,student,Employer 28,3464.00,1756.43,tenant,incidents,C,active,,2026-05-30 13:40:16.08259+00,2026-05-30 13:40:16.08259+00,,49,,false,,,,false
b85a7e77-ca77-405b-b5fc-b20fe1f70d7e,CLI-1040,Nathan,Rebane,nathan.rebane1039@example.com,+372 51038443,1967-04-18,,,,Geneve,EE,single,2,cdi,Employer 30,2893.00,1173.67,hosted,excellent,A,active,,2026-05-30 13:40:16.416366+00,2026-05-30 13:40:16.416366+00,,87,,false,,,,false
b85e682f-773f-456a-ba7c-5c1aba78a64a,CLI-0901,Yann,Smirnov,yann.smirnov900@example.com,+372 51033300,1990-10-17,,,,Paris,EE,single,0,cdi,Employer 34,3215.00,1223.92,hosted,good,A,active,,2026-05-30 13:40:16.308826+00,2026-05-30 13:40:16.308826+00,,96,,false,,,,false
b8816ee1-90ee-4d8e-aeb0-454edf1617c0,CLI-0816,Marie,Tamm,marie.tamm815@example.com,+372 51030155,1980-07-05,,,,Narva,EE,single,1,cdi,Employer 20,3890.00,1649.64,owner,good,A,active,,2026-05-30 13:40:16.308826+00,2026-05-30 13:40:16.308826+00,,80,,false,,,,false
b8b17280-8d93-4f7a-aaf8-92ff124d4c13,CLI-1287,Lucas,Laine,lucas.laine1286@example.com,+372 51047582,1995-01-12,,,,Tallinn,EE,single,3,retired,Employer 35,1914.00,804.01,owner,excellent,A,active,,2026-05-30 13:40:16.416366+00,2026-05-30 13:40:16.416366+00,,87,,false,,,,false
b8dd9aec-6c5d-49b8-abd1-ebba132aeb62,CLI-0581,Mart,Faure,mart.faure580@example.com,+372 51021460,1981-04-23,,,,Madrid,EE,married,3,student,Employer 7,3733.00,1383.89,owner,mixed,C,active,,2026-05-30 13:40:16.308826+00,2026-05-30 13:40:16.308826+00,,61,,false,,,,false
b9009e18-ce10-41a4-a09d-4a5b81c32858,CLI-0948,Camille,Org,camille.org947@example.com,+372 51035039,1980-08-12,,,,Tartu,FR,married,3,cdi,Employer 25,3618.00,2123.05,hosted,good,A,active,,2026-05-30 13:40:16.308826+00,2026-05-30 13:40:16.308826+00,,80,,false,,,,false
b90138aa-e1ca-4710-a254-13fae76fea34,CLI-0905,Andres,Faure,andres.faure904@example.com,+372 51033448,1978-12-24,,,,Parnu,FR,married,0,freelance,Employer 14,2965.00,1398.76,owner,good,A,active,,2026-05-30 13:40:16.308826+00,2026-05-30 13:40:16.308826+00,,87,,false,,,,false
b92c8ce0-a886-4f7a-9412-508addee10c5,CLI-0225,Chloe,Faure,chloe.faure224@example.com,+372 51008288,1986-05-22,,,,Parnu,FR,single,3,cdi,Employer 36,3684.00,2035.15,tenant,good,A,active,,2026-05-30 13:40:16.08259+00,2026-05-30 13:40:16.08259+00,,91,,false,,,,false
b9a2c6d5-a536-4641-a438-4dddb3c3fe8f,CLI-0011,Karl,Nguyen,karl.nguyen10@example.com,+372 51000370,1990-07-07,,,,Paris,EE,single,1,freelance,Employer 23,4426.00,2566.58,owner,incidents,C,active,,2026-05-30 13:40:16.08259+00,2026-05-30 13:40:16.08259+00,,64,,false,,,,false
b9faf542-4fa6-4eea-8121-1b635d0fba54,CLI-0951,Alex,Parn,alex.parn950@example.com,+372 51035150,2004-06-08,,,,Lyon,EE,single,2,retired,Employer 26,4374.00,1859.62,owner,mixed,B,active,,2026-05-30 13:40:16.308826+00,2026-05-30 13:40:16.308826+00,,70,,false,,,,false
ba12dfdb-d6d2-48da-b667-2a00ba04039d,CLI-0390,Marie,Bernard,marie.bernard389@example.com,+372 51014393,1996-01-28,,,,Tallinn,FR,married,2,retired,Employer 31,4616.00,2630.01,owner,mixed,B,active,,2026-05-30 13:40:16.08259+00,2026-05-30 13:40:16.08259+00,,70,,false,,,,false
ba3d1f9b-91d2-4bc0-b82b-7a93dad36e6e,CLI-0304,Antoine,Rebane,antoine.rebane303@example.com,+372 51011211,1974-10-08,,,,Parnu,FR,single,1,freelance,Employer 25,3857.00,1875.31,tenant,excellent,A,active,,2026-05-30 13:40:16.08259+00,2026-05-30 13:40:16.08259+00,,87,,false,,,,false
ba48c58d-73db-4e94-a4d8-e1a4b38865bf,CLI-0373,Rasmus,Roussel,rasmus.roussel372@example.com,+372 51013764,1969-05-04,,,,Parnu,EE,single,0,cdd,Employer 40,3676.00,1859.93,tenant,excellent,A,active,,2026-05-30 13:40:16.08259+00,2026-05-30 13:40:16.08259+00,,96,,false,,,,false
ba4b4aa3-eacf-4cd7-b0cf-8fa833ebfb30,CLI-0622,Antoine,Carre,antoine.carre621@example.com,+372 51022977,2000-01-20,,,,Geneve,EE,single,0,cdi,Employer 37,4862.00,2799.83,tenant,good,A,active,,2026-05-30 13:40:16.308826+00,2026-05-30 13:40:16.308826+00,,84,,false,,,,false
ba882aa2-12da-4291-9616-0098a0b42009,CLI-0614,Anna,Kukk,anna.kukk613@example.com,+372 51022681,1987-07-16,,,,Tallinn,EE,single,1,unemployed,Employer 37,3771.00,1723.78,owner,excellent,A,active,,2026-05-30 13:40:16.308826+00,2026-05-30 13:40:16.308826+00,,99,,false,,,,false
ba9be427-0dab-4962-9b15-4773145967eb,CLI-0486,Ines,Carre,ines.carre485@example.com,+372 51017945,1993-04-18,,,,Bruxelles,EE,single,2,freelance,Employer 35,3073.00,1505.26,tenant,excellent,A,active,,2026-05-30 13:40:16.08259+00,2026-05-30 13:40:16.08259+00,,87,,false,,,,false
baad0cb1-4a0e-4bab-ba6c-bbb323ce23d1,CLI-0628,Thomas,Sepp,thomas.sepp627@example.com,+372 51023199,1973-09-17,,,,Tartu,FR,married,1,cdi,Employer 11,2213.00,1080.45,tenant,mixed,C,active,,2026-05-30 13:40:16.308826+00,2026-05-30 13:40:16.308826+00,,64,,false,,,,false
bab053a6-56f0-425b-bfdd-5bb2247009da,CLI-1026,Lea,Muller,lea.muller1025@example.com,+372 51037925,1981-04-17,,,,Tallinn,EE,single,1,retired,Employer 17,2526.00,1484.44,hosted,good,A,active,,2026-05-30 13:40:16.416366+00,2026-05-30 13:40:16.416366+00,,89,,false,,,,false
bab3d9e0-1ea8-42ef-ac14-536e709e6a1f,CLI-0568,Kadri,Lille,kadri.lille567@example.com,+372 51020979,2000-03-11,,,,Geneve,EE,single,3,retired,Employer 6,4190.00,2308.87,tenant,good,A,active,,2026-05-30 13:40:16.308826+00,2026-05-30 13:40:16.308826+00,,86,,false,,,,false
bacdecf9-46ff-4ed0-b65b-6db73635de49,CLI-0384,Mehdi,Laine,mehdi.laine383@example.com,+372 51014171,1977-01-05,,,,Lyon,EE,married,3,cdd,Employer 12,5095.00,2451.70,owner,excellent,A,active,,2026-05-30 13:40:16.08259+00,2026-05-30 13:40:16.08259+00,,99,,false,,,,false
bb092b2d-fbd2-4408-8a31-1f9901740e44,CLI-0008,Lea,Ivanov,lea.ivanov7@example.com,+372 51000259,1988-04-14,,,,Geneve,EE,single,0,retired,Employer 3,4747.00,2463.77,owner,incidents,C,active,,2026-05-30 13:40:16.08259+00,2026-05-30 13:40:16.08259+00,,56,,false,,,,false
bb1f47e9-1cc6-4f25-b12b-4cc16de4c22a,CLI-0758,Kevin,Laine,kevin.laine757@example.com,+372 51028009,1967-02-04,,,,Geneve,EE,single,3,cdi,Employer 32,5095.00,2989.23,tenant,good,A,active,,2026-05-30 13:40:16.308826+00,2026-05-30 13:40:16.308826+00,,96,,false,,,,false
bb23fe3a-d8ec-4cd9-b62e-8efad9a90a79,CLI-0171,Marko,Saar,marko.saar170@example.com,+372 51006290,1997-02-10,,,,Narva,FR,single,2,student,Employer 10,2970.00,1769.86,hosted,incidents,D,active,,2026-05-30 13:40:16.08259+00,2026-05-30 13:40:16.08259+00,,24,,false,,,,false
bb58fd62-eae7-4989-adff-f0c7903442de,CLI-1258,Alex,Mets,alex.mets1257@example.com,+372 51046509,1993-10-25,,,,Helsinki,EE,married,3,cdi,Employer 1,3368.00,1229.73,tenant,good,B,active,,2026-05-30 13:40:16.416366+00,2026-05-30 13:40:16.416366+00,,79,,false,,,,false
bb69c3d0-49e5-45ee-aa8c-c0c76da4234d,CLI-0913,Liis,Vidal,liis.vidal912@example.com,+372 51033744,2003-10-27,,,,Bruxelles,EE,married,3,retired,Employer 27,3703.00,1299.31,hosted,incidents,C,active,,2026-05-30 13:40:16.308826+00,2026-05-30 13:40:16.308826+00,,54,,false,,,,false
bb964c18-0796-47c7-abd4-dec3c203a006,CLI-0983,Romain,Roussel,romain.roussel982@example.com,+372 51036334,2004-06-05,,,,Paris,EE,married,1,cdi,Employer 37,4261.00,2139.79,hosted,excellent,A,active,,2026-05-30 13:40:16.308826+00,2026-05-30 13:40:16.308826+00,,82,,false,,,,false
bbb38d68-b82a-4ccf-b884-42801803710f,CLI-0095,Julien,Smirnov,julien.smirnov94@example.com,+372 51003478,1998-12-04,,,,Bruxelles,EE,single,2,cdi,Employer 23,2245.00,1136.29,tenant,excellent,A,active,,2026-05-30 13:40:16.08259+00,2026-05-30 13:40:16.08259+00,,99,,false,,,,false
bbb3fc7f-f0bd-47af-a004-92e8380094ae,CLI-0609,Thomas,Lemoine,thomas.lemoine608@example.com,+372 51022496,1997-04-10,,,,Geneve,FR,single,2,cdi,Employer 33,3400.00,2026.21,tenant,incidents,D,active,,2026-05-30 13:40:16.308826+00,2026-05-30 13:40:16.308826+00,,35,,false,,,,false
bbb78e99-047f-4bfe-8dd6-67102895f33c,CLI-0979,Thomas,Raud,thomas.raud978@example.com,+372 51036186,1988-03-20,,,,Parnu,EE,married,2,cdi,Employer 36,5099.00,2293.46,owner,excellent,A,active,,2026-05-30 13:40:16.308826+00,2026-05-30 13:40:16.308826+00,,85,,false,,,,false
bbf4999d-4543-4fca-8464-372bc726c246,CLI-0660,Chloe,Lopez,chloe.lopez659@example.com,+372 51024383,1985-03-13,,,,Geneve,EE,married,2,cdd,Employer 4,1602.00,668.49,tenant,good,B,active,,2026-05-30 13:40:16.308826+00,2026-05-30 13:40:16.308826+00,,77,,false,,,,false
bc097573-aa80-47a3-8474-3c70ede70842,CLI-0248,Pauline,Martin,pauline.martin247@example.com,+372 51009139,1996-08-18,,,,Helsinki,EE,married,2,cdi,Employer 2,2353.00,1291.87,owner,incidents,D,active,,2026-05-30 13:40:16.08259+00,2026-05-30 13:40:16.08259+00,,32,,false,,,,false
bc3f7a67-c19e-47fc-bc1d-d5fbe8b85065,CLI-0877,Julien,Laine,julien.laine876@example.com,+372 51032412,2004-12-06,,,,Parnu,FR,single,1,cdi,Employer 34,2048.00,1031.31,tenant,incidents,D,active,,2026-05-30 13:40:16.308826+00,2026-05-30 13:40:16.308826+00,,36,,false,,,,false
bc3ff81f-42d0-4248-94f1-143ea5f6ce7b,CLI-0422,Kristjan,Robert,kristjan.robert421@example.com,+372 51015577,1986-02-15,,,,Geneve,FR,single,1,cdi,Employer 2,2380.00,933.56,hosted,mixed,B,active,,2026-05-30 13:40:16.08259+00,2026-05-30 13:40:16.08259+00,,79,,false,,,,false
bc40161e-29a3-443f-8f7b-fb5ed0e445b9,CLI-1124,Pauline,Oja,pauline.oja1123@example.com,+372 51041551,1972-12-22,,,,Helsinki,FR,married,3,retired,Employer 32,4821.00,2849.37,tenant,good,B,active,,2026-05-30 13:40:16.416366+00,2026-05-30 13:40:16.416366+00,,79,,false,,,,false
bc5d27ba-75e9-4714-b9ba-4f77160e5f65,CLI-0548,Chloe,Laine,chloe.laine547@example.com,+372 51020239,2002-12-12,,,,Parnu,FR,married,2,freelance,Employer 15,1879.00,728.09,owner,good,A,active,,2026-05-30 13:40:16.308826+00,2026-05-30 13:40:16.308826+00,,96,,false,,,,false
bcbd4626-9eee-4429-98f8-1f5d2ff81a1d,CLI-1055,Clara,Martin,clara.martin1054@example.com,+372 51038998,2000-02-18,,,,Tartu,EE,married,0,cdi,Employer 29,2179.00,837.36,owner,incidents,C,active,,2026-05-30 13:40:16.416366+00,2026-05-30 13:40:16.416366+00,,64,,false,,,,false
bd05d56e-e5fe-4906-9e6c-9c4555ab925e,CLI-0632,Thomas,Aas,thomas.aas631@example.com,+372 51023347,1974-03-17,,,,Helsinki,FR,single,2,cdi,Employer 37,1794.00,828.49,owner,excellent,A,active,,2026-05-30 13:40:16.308826+00,2026-05-30 13:40:16.308826+00,,88,,false,,,,false
bd079342-fb5d-4807-a146-39416179b507,CLI-0090,Nathan,Lepik,nathan.lepik89@example.com,+372 51003293,1997-09-11,,,,Tartu,EE,married,2,cdi,Employer 16,3740.00,2122.46,hosted,excellent,A,active,,2026-05-30 13:40:16.08259+00,2026-05-30 13:40:16.08259+00,,89,,false,,,,false
bdfff640-49d1-45fc-860e-d1075a9938e5,CLI-1059,Jaan,Carre,jaan.carre1058@example.com,+372 51039146,1979-01-09,,,,Tallinn,FR,married,3,freelance,Employer 35,4075.00,2146.09,owner,good,B,active,,2026-05-30 13:40:16.416366+00,2026-05-30 13:40:16.416366+00,,70,,false,,,,false
be0947c4-2f66-45c0-aa74-41db9d5b593a,CLI-1053,Julien,Carre,julien.carre1052@example.com,+372 51038924,1985-01-09,,,,Narva,EE,single,3,cdd,Employer 32,1292.00,603.04,owner,good,B,active,,2026-05-30 13:40:16.416366+00,2026-05-30 13:40:16.416366+00,,70,,false,,,,false
be370135-7088-4806-ac2f-5399c087e078,CLI-0456,Julien,Org,julien.org455@example.com,+372 51016835,1968-08-23,,,,Lyon,EE,married,3,cdi,Employer 25,1663.00,831.31,tenant,incidents,C,active,,2026-05-30 13:40:16.08259+00,2026-05-30 13:40:16.08259+00,,62,,false,,,,false
bebdffc9-8d0b-4d08-a7ba-ea33e7093a78,CLI-0984,Jaan,Dubois,jaan.dubois983@example.com,+372 51036371,1994-09-19,,,,Parnu,EE,married,3,cdi,Employer 18,2581.00,917.87,owner,good,B,active,,2026-05-30 13:40:16.308826+00,2026-05-30 13:40:16.308826+00,,74,,false,,,,false
bee5ec0a-67d1-48fc-833d-7fe9aa88aed8,CLI-0655,Pauline,Lemoine,pauline.lemoine654@example.com,+372 51024198,1987-02-27,,,,Parnu,FR,single,2,cdd,Employer 30,5060.00,2122.50,tenant,good,A,active,,2026-05-30 13:40:16.308826+00,2026-05-30 13:40:16.308826+00,,82,,false,,,,false
befcaf7b-7d6d-427f-aebd-ada4003ff3f3,CLI-0277,Emma,Lopez,emma.lopez276@example.com,+372 51010212,1984-01-09,,,,Tallinn,FR,single,0,retired,Employer 14,3027.00,1520.13,tenant,good,A,active,,2026-05-30 13:40:16.08259+00,2026-05-30 13:40:16.08259+00,,85,,false,,,,false
bf87aa0e-b97c-4898-97d6-993c2676ae5a,CLI-1117,Romain,Koppel,romain.koppel1116@example.com,+372 51041292,1989-12-04,,,,Geneve,EE,married,3,cdi,Employer 6,4869.00,2283.17,tenant,excellent,A,active,,2026-05-30 13:40:16.416366+00,2026-05-30 13:40:16.416366+00,,92,,false,,,,false
bfabe1f1-828c-49c6-8572-b66cec0c5c2a,CLI-0856,Romain,Sokk,romain.sokk855@example.com,+372 51031635,1995-09-16,,,,Tartu,EE,married,3,cdd,Employer 25,3507.00,1618.14,tenant,mixed,B,active,,2026-05-30 13:40:16.308826+00,2026-05-30 13:40:16.308826+00,,73,,false,,,,false
c00ffc7b-1744-47a3-a51f-0b7cfb144176,CLI-0362,Nathan,Lemoine,nathan.lemoine361@example.com,+372 51013357,1966-09-14,,,,Bruxelles,FR,married,1,cdi,Employer 29,2021.00,990.85,tenant,good,A,active,,2026-05-30 13:40:16.08259+00,2026-05-30 13:40:16.08259+00,,82,,false,,,,false
c0c9e3f3-d4b1-404f-ab1a-cb3cfbc1e79c,CLI-0610,Laura,Lille,laura.lille609@example.com,+372 51022533,1972-06-20,,,,Paris,EE,married,0,cdi,Employer 31,5099.00,1989.71,hosted,good,A,active,,2026-05-30 13:40:16.308826+00,2026-05-30 13:40:16.308826+00,,86,,false,,,,false
c1055b1b-6cbf-46e5-84f4-3a35403ce9cf,CLI-0193,Tonu,Faure,tonu.faure192@example.com,+372 51007104,1992-07-15,,,,Bruxelles,EE,single,3,student,Employer 36,4834.00,2696.91,owner,incidents,D,active,,2026-05-30 13:40:16.08259+00,2026-05-30 13:40:16.08259+00,,42,,false,,,,false
c1104c07-f533-4eff-8270-319b87c58926,CLI-1085,Jaan,Kallas,jaan.kallas1084@example.com,+372 51040108,2003-09-08,,,,Helsinki,FR,single,2,unemployed,Employer 2,1479.00,637.98,owner,incidents,C,active,,2026-05-30 13:40:16.416366+00,2026-05-30 13:40:16.416366+00,,52,,false,,,,false
c120fb83-2788-4643-96bf-60032fcb4c95,CLI-0974,Piret,Susi,piret.susi973@example.com,+372 51036001,1988-08-17,,,,Bruxelles,EE,married,1,cdi,Employer 28,3101.00,1460.99,tenant,mixed,C,active,,2026-05-30 13:40:16.308826+00,2026-05-30 13:40:16.308826+00,,59,,false,,,,false
c12c3499-933e-4598-81a3-5010d752abf1,CLI-0424,Mart,Garcia,mart.garcia423@example.com,+372 51015651,1987-06-22,,,,Bruxelles,EE,married,2,unemployed,Employer 36,2130.00,874.42,hosted,excellent,A,active,,2026-05-30 13:40:16.08259+00,2026-05-30 13:40:16.08259+00,,97,,false,,,,false
c148cc0a-013e-459f-a24d-378bdd268da4,CLI-1216,Lucas,Petit,lucas.petit1215@example.com,+372 51044955,1990-07-11,,,,Parnu,FR,single,3,cdi,Employer 27,4389.00,2480.54,tenant,good,B,active,,2026-05-30 13:40:16.416366+00,2026-05-30 13:40:16.416366+00,,70,,false,,,,false
c17c798c-75d3-4b48-968e-725f5435898f,CLI-1067,Thomas,Vaino,thomas.vaino1066@example.com,+372 51039442,1997-07-28,,,,Tartu,EE,single,1,student,Employer 21,2131.00,1018.40,hosted,incidents,C,active,,2026-05-30 13:40:16.416366+00,2026-05-30 13:40:16.416366+00,,64,,false,,,,false
c18e42f9-3824-4c2f-89f2-1942d1612378,CLI-0466,Camille,Tamm,camille.tamm465@example.com,+372 51017205,1975-02-24,,,,Madrid,FR,married,2,cdi,Employer 18,3110.00,1429.87,owner,good,A,active,,2026-05-30 13:40:16.08259+00,2026-05-30 13:40:16.08259+00,,92,,false,,,,false
c198f66d-7d65-45bf-8034-cadd7b9be11d,CLI-1305,Ines,Nguyen,ines.nguyen1304@example.com,+372 51048248,2000-04-12,,,,Madrid,EE,single,3,cdd,Employer 35,2034.00,1080.60,tenant,excellent,A,active,,2026-05-30 13:40:16.416366+00,2026-05-30 13:40:16.416366+00,,89,,false,,,,false
c19fc042-8a26-494d-8cc2-bae9372b2f13,CLI-0405,Marko,Kukk,marko.kukk404@example.com,+372 51014948,1994-04-11,,,,Bruxelles,EE,single,0,student,Employer 33,4938.00,1975.22,hosted,good,A,active,,2026-05-30 13:40:16.08259+00,2026-05-30 13:40:16.08259+00,,90,,false,,,,false
c1b885e2-67b0-4ad1-8f57-2970f8841029,CLI-1219,Kristjan,Faure,kristjan.faure1218@example.com,+372 51045066,2004-08-27,,,,Tartu,FR,single,1,cdi,Employer 39,2359.00,1352.50,tenant,mixed,B,active,,2026-05-30 13:40:16.416366+00,2026-05-30 13:40:16.416366+00,,76,,false,,,,false
c1d6b5e3-f80f-428c-9f37-1b5f7d67ac41,CLI-1114,Mart,Lopez,mart.lopez1113@example.com,+372 51041181,1970-05-09,,,,Lyon,FR,single,0,cdi,Employer 25,1868.00,655.50,tenant,incidents,D,active,,2026-05-30 13:40:16.416366+00,2026-05-30 13:40:16.416366+00,,39,,false,,,,false
c1d70535-aad2-4047-9959-b0ea4fe3557f,CLI-1344,Julien,Parn,julien.parn1343@example.com,+372 51049691,1968-08-05,,,,Parnu,EE,single,3,freelance,Employer 10,1777.00,942.17,owner,incidents,D,active,,2026-05-30 13:40:16.416366+00,2026-05-30 13:40:16.416366+00,,24,,false,,,,false
c1efcabe-a2ad-4a87-b41b-8e446147531e,CLI-0474,Eva,Tamm,eva.tamm473@example.com,+372 51017501,1991-03-10,,,,Geneve,EE,single,2,cdi,Employer 20,2361.00,1030.58,owner,incidents,C,active,,2026-05-30 13:40:16.08259+00,2026-05-30 13:40:16.08259+00,,57,,false,,,,false
c2097173-91b9-44b8-a4c7-d61f2ac86db3,CLI-1218,Sophie,Garcia,sophie.garcia1217@example.com,+372 51045029,2001-10-03,,,,Paris,FR,married,2,cdd,Employer 38,3636.00,2171.44,tenant,good,A,active,,2026-05-30 13:40:16.416366+00,2026-05-30 13:40:16.416366+00,,95,,false,,,,false
c213c808-fbe1-41c4-88f1-15f01454fb30,CLI-1047,Maxime,Dubois,maxime.dubois1046@example.com,+372 51038702,2002-07-10,,,,Bruxelles,EE,married,2,cdi,Employer 19,4355.00,2245.69,owner,good,B,active,,2026-05-30 13:40:16.416366+00,2026-05-30 13:40:16.416366+00,,71,,false,,,,false
c233b8b1-da64-48e2-b900-53d5c28d9a43,CLI-0484,Antoine,Kask,antoine.kask483@example.com,+372 51017871,1971-05-03,,,,Helsinki,EE,single,1,cdd,Employer 37,2952.00,1536.60,tenant,mixed,C,active,,2026-05-30 13:40:16.08259+00,2026-05-30 13:40:16.08259+00,,59,,false,,,,false
c233bdbe-a97b-4c48-a90a-09fce905032b,CLI-1164,Sophie,Ivanov,sophie.ivanov1163@example.com,+372 51043031,1987-11-22,,,,Madrid,FR,single,0,cdi,Employer 27,3272.00,1939.41,tenant,mixed,B,active,,2026-05-30 13:40:16.416366+00,2026-05-30 13:40:16.416366+00,,67,,false,,,,false
c29a9806-97af-4a1a-821f-524b75097fc1,CLI-0656,Marko,Lepik,marko.lepik655@example.com,+372 51024235,1984-12-06,,,,Madrid,EE,married,2,cdi,Employer 33,2375.00,1005.83,tenant,mixed,C,active,,2026-05-30 13:40:16.308826+00,2026-05-30 13:40:16.308826+00,,50,,false,,,,false
c2a5f064-9022-4ae0-8568-d23ec9d5cff2,CLI-0847,Dimitri,Rebane,dimitri.rebane846@example.com,+372 51031302,2001-01-22,,,,Tallinn,FR,married,0,cdi,Employer 16,4653.00,2469.75,owner,excellent,A,active,,2026-05-30 13:40:16.308826+00,2026-05-30 13:40:16.308826+00,,94,,false,,,,false
c2b01c1f-eb4b-4ca6-8b2b-bd62f79da172,CLI-1309,Andres,Lepik,andres.lepik1308@example.com,+372 51048396,2002-07-09,,,,Lyon,EE,married,0,cdi,Employer 11,4494.00,1807.67,owner,excellent,A,active,,2026-05-30 13:40:16.416366+00,2026-05-30 13:40:16.416366+00,,92,,false,,,,false
c2f27f98-cfb4-4cef-b45c-6c718486a658,CLI-0623,Hugo,Kallas,hugo.kallas622@example.com,+372 51023014,1988-09-27,,,,Helsinki,EE,single,3,cdd,Employer 24,3692.00,1434.94,hosted,good,A,active,,2026-05-30 13:40:16.308826+00,2026-05-30 13:40:16.308826+00,,81,,false,,,,false
c2f61789-c7ba-4cf1-8911-9c14815ab5d0,CLI-1296,Thomas,Petit,thomas.petit1295@example.com,+372 51047915,1996-03-26,,,,Parnu,EE,married,2,retired,Employer 6,2002.00,713.19,hosted,good,A,active,,2026-05-30 13:40:16.416366+00,2026-05-30 13:40:16.416366+00,,89,,false,,,,false
c30d713a-560a-419e-82df-65c6902934c5,CLI-0909,Kadri,Lopez,kadri.lopez908@example.com,+372 51033596,1966-08-10,,,,Lyon,FR,single,2,cdi,Employer 12,1373.00,639.88,hosted,mixed,B,active,,2026-05-30 13:40:16.308826+00,2026-05-30 13:40:16.308826+00,,74,,false,,,,false
c3101fdd-4581-4b83-9c7a-3341ce1a3aeb,CLI-0453,Karl,Toom,karl.toom452@example.com,+372 51016724,2003-11-08,,,,Parnu,EE,single,2,unemployed,Employer 38,4479.00,2651.55,hosted,mixed,B,active,,2026-05-30 13:40:16.08259+00,2026-05-30 13:40:16.08259+00,,76,,false,,,,false
c3a1942a-15e6-4c52-8a5a-4359bd35b327,CLI-0801,Sophie,Sokk,sophie.sokk800@example.com,+372 51029600,1976-08-04,,,,Parnu,FR,married,1,cdi,Employer 19,4964.00,2776.76,owner,mixed,B,active,,2026-05-30 13:40:16.308826+00,2026-05-30 13:40:16.308826+00,,72,,false,,,,false
c3ac00ad-a437-4bb8-8417-a98df1cb84f1,CLI-0119,Kadri,Bernard,kadri.bernard118@example.com,+372 51004366,1989-06-14,,,,Tartu,EE,single,0,student,Employer 6,2448.00,1288.06,tenant,good,B,active,,2026-05-30 13:40:16.08259+00,2026-05-30 13:40:16.08259+00,,79,,false,,,,false
c411789d-aab8-4315-8593-aee24c224cb1,CLI-0068,Nathan,Magi,nathan.magi67@example.com,+372 51002479,1998-12-02,,,,Tallinn,EE,married,2,retired,Employer 27,3774.00,1764.98,hosted,excellent,A,active,,2026-05-30 13:40:16.08259+00,2026-05-30 13:40:16.08259+00,,93,,false,,,,false
c415e2cf-d11f-4981-b30c-37ccf1135e7e,CLI-0461,Antoine,Kask,antoine.kask460@example.com,+372 51017020,2004-10-28,,,,Tallinn,EE,single,3,cdd,Employer 30,3690.00,1761.59,owner,mixed,C,active,,2026-05-30 13:40:16.08259+00,2026-05-30 13:40:16.08259+00,,56,,false,,,,false
c43c520f-67b2-49e0-878a-8f286027343a,CLI-0998,Romain,Roussel,romain.roussel997@example.com,+372 51036889,1972-11-13,,,,Helsinki,FR,married,0,cdd,Employer 5,2368.00,1285.73,owner,incidents,D,active,,2026-05-30 13:40:16.308826+00,2026-05-30 13:40:16.308826+00,,26,,false,,,,false
c4c933ec-a389-48d0-af9b-e0b4ee1a82e1,CLI-1121,Emma,Aas,emma.aas1120@example.com,+372 51041440,1970-07-21,,,,Lyon,FR,single,0,student,Employer 10,4945.00,2955.69,tenant,excellent,A,active,,2026-05-30 13:40:16.416366+00,2026-05-30 13:40:16.416366+00,,93,,false,,,,false
c5104558-aa5d-4781-9280-42da03548fca,CLI-0392,Anna,Lille,anna.lille391@example.com,+372 51014467,1999-11-03,,,,Bruxelles,FR,married,3,cdd,Employer 4,1316.00,693.34,tenant,excellent,A,active,,2026-05-30 13:40:16.08259+00,2026-05-30 13:40:16.08259+00,,86,,false,,,,false
c5587ddb-3ae4-4c7a-872c-e35fca4b4096,CLI-0116,Julien,Org,julien.org115@example.com,+372 51004255,1980-10-01,,,,Geneve,EE,single,1,freelance,Employer 37,2037.00,1218.28,tenant,incidents,C,active,,2026-05-30 13:40:16.08259+00,2026-05-30 13:40:16.08259+00,,48,,false,,,,false
c56be4b0-d5ef-4593-a994-ce1f2494bac7,CLI-0690,Liis,Lemoine,liis.lemoine689@example.com,+372 51025493,1969-01-08,,,,Lyon,EE,single,1,freelance,Employer 20,3426.00,1245.51,owner,incidents,D,active,,2026-05-30 13:40:16.308826+00,2026-05-30 13:40:16.308826+00,,39,,false,,,,false
c5793630-2d2f-4274-9dbe-8f7e14d13342,CLI-0088,Piret,Susi,piret.susi87@example.com,+372 51003219,1991-04-28,,,,Tartu,EE,married,0,unemployed,Employer 35,2433.00,1392.63,hosted,incidents,D,active,,2026-05-30 13:40:16.08259+00,2026-05-30 13:40:16.08259+00,,30,,false,,,,false
c5a49ccd-342c-4bea-a7bd-724e119c2208,CLI-1196,Yann,Lepik,yann.lepik1195@example.com,+372 51044215,2003-11-14,,,,Tallinn,EE,married,2,cdd,Employer 19,3803.00,2151.09,hosted,good,A,active,,2026-05-30 13:40:16.416366+00,2026-05-30 13:40:16.416366+00,,93,,false,,,,false
c635391c-b93a-48c3-8918-2a807402a9e1,CLI-0686,Thomas,Tamm,thomas.tamm685@example.com,+372 51025345,1996-12-11,,,,Paris,EE,single,2,retired,Employer 38,4367.00,2140.24,hosted,good,A,active,,2026-05-30 13:40:16.308826+00,2026-05-30 13:40:16.308826+00,,92,,false,,,,false
c635a20d-21b0-4878-8a67-7a86229d0090,CLI-0574,Antoine,Kallas,antoine.kallas573@example.com,+372 51021201,2004-01-16,,,,Lyon,EE,married,3,freelance,Employer 37,3421.00,1463.10,tenant,excellent,A,active,,2026-05-30 13:40:16.308826+00,2026-05-30 13:40:16.308826+00,,99,,false,,,,false
c6760f19-8930-4fc2-adee-0538799cc099,CLI-0319,Yann,Kallas,yann.kallas318@example.com,+372 51011766,1989-05-24,,,,Parnu,FR,married,2,student,Employer 2,4199.00,1770.00,hosted,good,A,active,,2026-05-30 13:40:16.08259+00,2026-05-30 13:40:16.08259+00,,97,,false,,,,false
c6c4d2b4-744b-4860-9c71-12eebb980886,CLI-0904,Karl,Kask,karl.kask903@example.com,+372 51033411,1982-07-22,,,,Tallinn,FR,single,0,retired,Employer 40,2939.00,1662.12,hosted,mixed,B,active,,2026-05-30 13:40:16.308826+00,2026-05-30 13:40:16.308826+00,,71,,false,,,,false
c6d58bfc-f14a-4dca-8652-da70fc9bca07,CLI-0691,Mart,Magi,mart.magi690@example.com,+372 51025530,1975-12-20,,,,Madrid,EE,single,1,cdi,Employer 1,2277.00,883.99,owner,mixed,B,active,,2026-05-30 13:40:16.308826+00,2026-05-30 13:40:16.308826+00,,79,,false,,,,false
c703f2ad-2640-4f33-ad8b-d69cb32f9210,CLI-1011,Kristjan,Muller,kristjan.muller1010@example.com,+372 51037370,1988-09-11,,,,Geneve,FR,married,2,cdi,Employer 34,2679.00,1259.00,hosted,good,A,active,,2026-05-30 13:40:16.416366+00,2026-05-30 13:40:16.416366+00,,91,,false,,,,false
c735d58f-e479-4f22-97eb-c36f2124dd76,CLI-0247,Thomas,Vidal,thomas.vidal246@example.com,+372 51009102,2003-11-15,,,,Bruxelles,FR,married,0,cdi,Employer 40,2103.00,786.42,hosted,mixed,C,active,,2026-05-30 13:40:16.08259+00,2026-05-30 13:40:16.08259+00,,47,,false,,,,false
c74923e0-ecbd-4911-8a81-24f44f75037c,CLI-0097,Marie,Koppel,marie.koppel96@example.com,+372 51003552,1972-11-23,,,,Lyon,EE,single,1,retired,Employer 39,3468.00,1631.47,hosted,mixed,C,active,,2026-05-30 13:40:16.08259+00,2026-05-30 13:40:16.08259+00,,50,,false,,,,false
c7b2c033-55e0-4793-8111-3d0a49cbe05f,CLI-0599,Hugo,Petit,hugo.petit598@example.com,+372 51022126,1972-09-19,,,,Paris,EE,married,1,cdi,Employer 11,1186.00,429.76,owner,incidents,D,active,,2026-05-30 13:40:16.308826+00,2026-05-30 13:40:16.308826+00,,36,,false,,,,false
c7b66682-b8dc-4c9c-a2d9-3980529389df,CLI-0922,Clara,Petit,clara.petit921@example.com,+372 51034077,1993-06-14,,,,Geneve,EE,married,1,cdi,Employer 38,3074.00,1497.97,tenant,mixed,C,active,,2026-05-30 13:40:16.308826+00,2026-05-30 13:40:16.308826+00,,62,,false,,,,false
c7f18f6c-08e3-4c9f-bdfb-d9610e10ba8c,CLI-0250,Rasmus,Nguyen,rasmus.nguyen249@example.com,+372 51009213,1999-11-02,,,,Tallinn,EE,married,3,cdd,Employer 33,3941.00,2163.82,tenant,good,A,active,,2026-05-30 13:40:16.08259+00,2026-05-30 13:40:16.08259+00,,91,,false,,,,false
c7fba199-ed64-4a70-a1c5-a42f079bc20d,CLI-0498,Yann,Vaher,yann.vaher497@example.com,+372 51018389,1977-07-08,,,,Parnu,EE,married,0,unemployed,Employer 22,4587.00,2202.88,owner,mixed,B,active,,2026-05-30 13:40:16.08259+00,2026-05-30 13:40:16.08259+00,,78,,false,,,,false
c84293f4-e05b-48a4-8727-a789676cc51e,CLI-0013,Romain,Mets,romain.mets12@example.com,+372 51000444,1996-07-15,,,,Bruxelles,EE,married,1,cdi,Employer 39,4198.00,2101.91,tenant,excellent,A,active,,2026-05-30 13:40:16.08259+00,2026-05-30 13:40:16.08259+00,,93,,false,,,,false
c860bf0b-6daf-42ec-9126-cef9d64e3daf,CLI-0180,Nathan,Smirnov,nathan.smirnov179@example.com,+372 51006623,1991-03-13,,,,Tallinn,FR,single,0,student,Employer 37,1568.00,849.65,hosted,good,B,active,,2026-05-30 13:40:16.08259+00,2026-05-30 13:40:16.08259+00,,67,,false,,,,false
c88c131e-aed6-47e6-906e-1b88b711f4d4,CLI-1147,Ines,Kangro,ines.kangro1146@example.com,+372 51042402,1985-06-03,,,,Parnu,EE,single,0,cdd,Employer 33,1627.00,587.66,tenant,excellent,A,active,,2026-05-30 13:40:16.416366+00,2026-05-30 13:40:16.416366+00,,96,,false,,,,false
c8e8b4fc-f782-4ea6-b2da-69358e426609,CLI-1289,Yann,Lopez,yann.lopez1288@example.com,+372 51047656,1972-05-03,,,,Madrid,FR,married,2,cdi,Employer 16,3452.00,2012.00,owner,good,A,active,,2026-05-30 13:40:16.416366+00,2026-05-30 13:40:16.416366+00,,94,,false,,,,false
c8ebbb4d-6efd-43a1-8adc-29d8e2168f96,CLI-0397,Andres,Lepik,andres.lepik396@example.com,+372 51014652,1971-09-20,,,,Madrid,EE,single,0,student,Employer 40,3585.00,1261.78,tenant,good,A,active,,2026-05-30 13:40:16.08259+00,2026-05-30 13:40:16.08259+00,,89,,false,,,,false
c9327636-04dd-41e5-a183-7d04c5cad403,CLI-1320,Ines,Org,ines.org1319@example.com,+372 51048803,2000-02-05,,,,Narva,FR,married,2,cdi,Employer 27,2754.00,1390.57,owner,incidents,C,active,,2026-05-30 13:40:16.416366+00,2026-05-30 13:40:16.416366+00,,57,,false,,,,false
c93ccaf1-32cc-4e4e-8563-3415980c45fc,CLI-0793,Kadri,Ivanov,kadri.ivanov792@example.com,+372 51029304,2002-10-07,,,,Paris,EE,married,1,unemployed,Employer 37,4864.00,1877.67,owner,good,B,active,,2026-05-30 13:40:16.308826+00,2026-05-30 13:40:16.308826+00,,70,,false,,,,false
c989a3a2-1451-4583-8d68-a9db2c56831e,CLI-0199,Lucas,Rebane,lucas.rebane198@example.com,+372 51007326,1984-11-01,,,,Bruxelles,FR,single,3,cdd,Employer 15,3624.00,2144.29,tenant,good,A,active,,2026-05-30 13:40:16.08259+00,2026-05-30 13:40:16.08259+00,,85,,false,,,,false
c9950f5e-56f8-411f-a686-479dd8151ec4,CLI-0142,Camille,Faure,camille.faure141@example.com,+372 51005217,1983-06-05,,,,Narva,EE,married,2,freelance,Employer 24,3304.00,1955.12,tenant,good,A,active,,2026-05-30 13:40:16.08259+00,2026-05-30 13:40:16.08259+00,,86,,false,,,,false
c99e35e4-63c1-4052-a227-cd1ec9d69a76,CLI-1359,Kadri,Magi,kadri.magi1358@example.com,+372 51050246,1988-12-12,,,,Narva,EE,single,2,student,Employer 37,3687.00,1318.65,owner,good,A,active,,2026-05-30 13:40:16.416366+00,2026-05-30 13:40:16.416366+00,,97,,false,,,,false
c9a27aee-6ed7-4670-ad13-d8ca6b53f16b,CLI-0149,Kadri,Vaher,kadri.vaher148@example.com,+372 51005476,1967-07-19,,,,Narva,EE,married,1,cdi,Employer 34,1638.00,718.46,hosted,excellent,A,active,,2026-05-30 13:40:16.08259+00,2026-05-30 13:40:16.08259+00,,81,,false,,,,false
c9b3af08-5a04-43da-a239-6799a0e9d92c,CLI-0117,Maria,Parn,maria.parn116@example.com,+372 51004292,2001-01-10,,,,Geneve,EE,single,1,cdd,Employer 29,3400.00,1939.39,tenant,mixed,C,active,,2026-05-30 13:40:16.08259+00,2026-05-30 13:40:16.08259+00,,53,,false,,,,false
c9fdd57f-4de0-4cfc-ba42-691e73282163,CLI-1345,Manon,Kangro,manon.kangro1344@example.com,+372 51049728,1980-09-16,,,,Paris,EE,married,3,cdd,Employer 29,4132.00,2367.41,owner,excellent,A,active,,2026-05-30 13:40:16.416366+00,2026-05-30 13:40:16.416366+00,,84,,false,,,,false
ca3fcf93-9032-4809-bfa0-b0520cba6181,CLI-0360,Maria,Kukk,maria.kukk359@example.com,+372 51013283,1993-02-13,,,,Tallinn,EE,single,1,cdi,Employer 23,3976.00,1638.93,tenant,incidents,D,active,,2026-05-30 13:40:16.08259+00,2026-05-30 13:40:16.08259+00,,24,,false,,,,false
ca9c4e0e-46d4-4391-b0ca-53b20ddb210a,CLI-1096,Laura,Garcia,laura.garcia1095@example.com,+372 51040515,2003-07-03,,,,Helsinki,FR,single,3,student,Employer 1,2852.00,1698.85,owner,excellent,A,active,,2026-05-30 13:40:16.416366+00,2026-05-30 13:40:16.416366+00,,88,,false,,,,false
caf378a6-c428-44fe-b236-691f48c1d1c4,CLI-0864,Camille,Susi,camille.susi863@example.com,+372 51031931,1974-06-17,,,,Paris,EE,married,0,cdi,Employer 1,2719.00,1580.90,tenant,mixed,C,active,,2026-05-30 13:40:16.308826+00,2026-05-30 13:40:16.308826+00,,52,,false,,,,false
cb15b11b-4068-414c-9aad-e9e9c23e7982,CLI-1168,Manon,Muller,manon.muller1167@example.com,+372 51043179,1984-06-15,,,,Bruxelles,FR,married,0,unemployed,Employer 34,3347.00,1798.33,tenant,good,B,active,,2026-05-30 13:40:16.416366+00,2026-05-30 13:40:16.416366+00,,71,,false,,,,false
cb59d636-5627-4ae6-91e0-07276b3ae329,CLI-0222,Kevin,Sokk,kevin.sokk221@example.com,+372 51008177,1981-12-13,,,,Geneve,EE,single,2,cdi,Employer 32,4879.00,2602.44,hosted,excellent,A,active,,2026-05-30 13:40:16.08259+00,2026-05-30 13:40:16.08259+00,,87,,false,,,,false
cbdf1ea8-815a-447d-b587-2bee03b748be,CLI-1304,Alex,Garcia,alex.garcia1303@example.com,+372 51048211,1995-04-11,,,,Lyon,EE,single,1,freelance,Employer 37,2836.00,1325.53,tenant,excellent,A,active,,2026-05-30 13:40:16.416366+00,2026-05-30 13:40:16.416366+00,,96,,false,,,,false
cbed50a3-5e0d-46db-9f5a-c26237543108,CLI-0639,Tonu,Petit,tonu.petit638@example.com,+372 51023606,1968-11-16,,,,Helsinki,EE,single,0,cdi,Employer 1,3033.00,1128.75,tenant,excellent,A,active,,2026-05-30 13:40:16.308826+00,2026-05-30 13:40:16.308826+00,,88,,false,,,,false
cc14c0cd-da7d-48f6-9b33-bccc49ee2678,CLI-0592,Rasmus,Mets,rasmus.mets591@example.com,+372 51021867,1989-02-03,,,,Helsinki,EE,single,1,cdi,Employer 17,3509.00,1971.14,tenant,mixed,C,active,,2026-05-30 13:40:16.308826+00,2026-05-30 13:40:16.308826+00,,52,,false,,,,false
cc3f06e9-6fc3-49a0-a6b8-cc86ca5b640e,CLI-0683,Maria,Tamm,maria.tamm682@example.com,+372 51025234,2002-08-05,,,,Paris,FR,single,3,cdi,Employer 32,4317.00,2238.66,owner,mixed,B,active,,2026-05-30 13:40:16.308826+00,2026-05-30 13:40:16.308826+00,,75,,false,,,,false
cc43a49b-7628-4ec4-be75-9de8758e98f0,CLI-0223,Laura,Smirnov,laura.smirnov222@example.com,+372 51008214,1995-08-07,,,,Paris,FR,married,3,freelance,Employer 35,2363.00,1214.23,tenant,good,B,active,,2026-05-30 13:40:16.08259+00,2026-05-30 13:40:16.08259+00,,69,,false,,,,false
cc5c329d-714c-4d17-af01-03bc03a70651,CLI-0312,Camille,Nguyen,camille.nguyen311@example.com,+372 51011507,1991-11-08,,,,Parnu,EE,single,2,freelance,Employer 35,1807.00,633.44,hosted,incidents,C,active,,2026-05-30 13:40:16.08259+00,2026-05-30 13:40:16.08259+00,,60,,false,,,,false
cc8d7d33-1061-4ddc-bbcd-e7b4034b18ab,CLI-0423,Alex,Toom,alex.toom422@example.com,+372 51015614,1997-12-02,,,,Geneve,FR,married,2,freelance,Employer 4,1569.00,705.79,hosted,good,B,active,,2026-05-30 13:40:16.08259+00,2026-05-30 13:40:16.08259+00,,67,,false,,,,false
cccc43d3-e59c-4d9c-bde0-e02037325cfc,CLI-0213,Laura,Robert,laura.robert212@example.com,+372 51007844,2004-10-24,,,,Paris,EE,married,1,freelance,Employer 12,2702.00,1621.03,tenant,incidents,D,active,,2026-05-30 13:40:16.08259+00,2026-05-30 13:40:16.08259+00,,36,,false,,,,false
cce5fb2c-2f2b-4b57-8da9-d479ad8c2bc8,CLI-0782,Dimitri,Sepp,dimitri.sepp781@example.com,+372 51028897,1971-04-05,,,,Paris,EE,single,2,unemployed,Employer 37,4668.00,2161.13,tenant,incidents,C,active,,2026-05-30 13:40:16.308826+00,2026-05-30 13:40:16.308826+00,,54,,false,,,,false
cd739577-3e5f-43e3-afb5-35cc68c1c2e3,CLI-0067,Mart,Parn,mart.parn66@example.com,+372 51002442,1996-12-04,,,,Bruxelles,FR,married,3,cdi,Employer 21,2721.00,1516.85,tenant,excellent,A,active,,2026-05-30 13:40:16.08259+00,2026-05-30 13:40:16.08259+00,,89,,false,,,,false
cd80828e-2ad9-4008-938a-8a0dd04d50a9,CLI-0956,Mart,Nguyen,mart.nguyen955@example.com,+372 51035335,1989-08-21,,,,Narva,EE,married,0,cdi,Employer 4,2100.00,757.09,tenant,good,A,active,,2026-05-30 13:40:16.308826+00,2026-05-30 13:40:16.308826+00,,99,,false,,,,false
ce07c0db-d5b1-4bfd-9979-f6946e16e9fd,CLI-1018,Eva,Ivanov,eva.ivanov1017@example.com,+372 51037629,1979-10-26,,,,Helsinki,FR,married,3,student,Employer 18,3401.00,1525.11,tenant,good,A,active,,2026-05-30 13:40:16.416366+00,2026-05-30 13:40:16.416366+00,,93,,false,,,,false
ce5d01cf-367d-4730-bd01-54423b105703,CLI-0446,Clara,Petit,clara.petit445@example.com,+372 51016465,1973-03-20,,,,Helsinki,EE,married,0,cdi,Employer 6,2995.00,1277.12,owner,excellent,A,active,,2026-05-30 13:40:16.08259+00,2026-05-30 13:40:16.08259+00,,94,,false,,,,false
ce65137c-3028-4e8e-90c5-ae1ad9706947,CLI-0202,Marko,Muller,marko.muller201@example.com,+372 51007437,1979-08-27,,,,Parnu,EE,married,2,cdd,Employer 14,5170.00,2430.83,tenant,good,A,active,,2026-05-30 13:40:16.08259+00,2026-05-30 13:40:16.08259+00,,87,,false,,,,false
cea29cb3-092e-483a-872b-c74e0cc6f8dc,CLI-0831,Piret,Vidal,piret.vidal830@example.com,+372 51030710,1979-05-20,,,,Lyon,EE,single,0,cdi,Employer 40,2151.00,811.48,tenant,mixed,C,active,,2026-05-30 13:40:16.308826+00,2026-05-30 13:40:16.308826+00,,58,,false,,,,false
ceaf323b-406a-4a24-a759-3ffc9a8f3286,CLI-0557,Marko,Saar,marko.saar556@example.com,+372 51020572,1998-11-15,,,,Tallinn,EE,married,2,cdi,Employer 11,5144.00,2799.94,tenant,incidents,D,active,,2026-05-30 13:40:16.308826+00,2026-05-30 13:40:16.308826+00,,32,,false,,,,false
cf2082b8-339c-45fd-98da-960854675d48,CLI-0890,Kristjan,Aas,kristjan.aas889@example.com,+372 51032893,1978-04-15,,,,Madrid,EE,single,3,student,Employer 11,4413.00,2068.60,tenant,good,B,active,,2026-05-30 13:40:16.308826+00,2026-05-30 13:40:16.308826+00,,74,,false,,,,false
cf6ccdfa-2f1e-4919-a521-b28485fce1fc,CLI-0148,Jaan,Dubois,jaan.dubois147@example.com,+372 51005439,1973-08-14,,,,Bruxelles,EE,single,3,retired,Employer 2,3265.00,1406.88,tenant,good,B,active,,2026-05-30 13:40:16.08259+00,2026-05-30 13:40:16.08259+00,,75,,false,,,,false
cf99fc2b-1956-4458-b4dc-365beb63b996,CLI-0895,Nathan,Raud,nathan.raud894@example.com,+372 51033078,1984-09-06,,,,Narva,FR,single,2,cdi,Employer 19,4770.00,2337.94,hosted,good,A,active,,2026-05-30 13:40:16.308826+00,2026-05-30 13:40:16.308826+00,,85,,false,,,,false
cfc77b10-7578-4758-9456-11515a756cf8,CLI-0941,Rasmus,Sepp,rasmus.sepp940@example.com,+372 51034780,1985-05-22,,,,Madrid,EE,married,2,student,Employer 18,4872.00,2645.47,tenant,good,A,active,,2026-05-30 13:40:16.308826+00,2026-05-30 13:40:16.308826+00,,92,,false,,,,false
cfe15890-2649-43f4-9703-79f072b50842,CLI-1365,Piret,Vidal,piret.vidal1364@example.com,+372 51050468,1986-08-16,,,,Narva,EE,single,0,cdi,Employer 2,1225.00,620.16,tenant,mixed,B,active,,2026-05-30 13:40:16.416366+00,2026-05-30 13:40:16.416366+00,,68,,false,,,,false
cffe7b5d-2f6a-4e3b-8587-84a2395da6fb,CLI-0563,Clara,Muller,clara.muller562@example.com,+372 51020794,1983-05-09,,,,Narva,EE,single,2,cdi,Employer 19,5127.00,2597.45,tenant,incidents,D,active,,2026-05-30 13:40:16.308826+00,2026-05-30 13:40:16.308826+00,,43,,false,,,,false
d00061c0-2a00-48fb-9428-9904929d3150,CLI-0985,Alex,Lopez,alex.lopez984@example.com,+372 51036408,1993-08-21,,,,Geneve,EE,single,2,cdd,Employer 10,4362.00,1557.71,tenant,excellent,A,active,,2026-05-30 13:40:16.308826+00,2026-05-30 13:40:16.308826+00,,83,,false,,,,false
d05da0cf-8c54-4304-8454-63c971c09376,CLI-0670,Lea,Roussel,lea.roussel669@example.com,+372 51024753,2003-02-23,,,,Paris,EE,single,3,cdd,Employer 4,1899.00,1037.02,hosted,incidents,D,active,,2026-05-30 13:40:16.308826+00,2026-05-30 13:40:16.308826+00,,20,,false,,,,false
d06c9b46-b25a-469d-a1a7-484ea037701c,CLI-1089,Karl,Toom,karl.toom1088@example.com,+372 51040256,1989-08-24,,,,Tartu,EE,married,3,freelance,Employer 16,4081.00,2056.82,tenant,incidents,C,active,,2026-05-30 13:40:16.416366+00,2026-05-30 13:40:16.416366+00,,53,,false,,,,false
d0a92665-dfef-4014-a583-cdfb884f8c85,CLI-0638,Emma,Roussel,emma.roussel637@example.com,+372 51023569,1990-08-26,,,,Tallinn,EE,married,0,freelance,Employer 37,4303.00,2333.11,hosted,excellent,A,active,,2026-05-30 13:40:16.308826+00,2026-05-30 13:40:16.308826+00,,95,,false,,,,false
d0e860b1-6226-4169-ade2-0d93524e7f9a,CLI-0091,Karl,Oja,karl.oja90@example.com,+372 51003330,1966-08-15,,,,Tartu,EE,married,0,freelance,Employer 16,2856.00,1318.33,hosted,good,B,active,,2026-05-30 13:40:16.08259+00,2026-05-30 13:40:16.08259+00,,71,,false,,,,false
d17d681a-9af9-4c28-9075-d85055b2118c,CLI-0069,Tonu,Roussel,tonu.roussel68@example.com,+372 51002516,1988-05-15,,,,Bruxelles,EE,single,0,cdi,Employer 2,2836.00,1043.15,tenant,excellent,A,active,,2026-05-30 13:40:16.08259+00,2026-05-30 13:40:16.08259+00,,89,,false,,,,false
d196fee0-c982-4594-a64c-06ff53c71f7e,CLI-0344,Lea,Kukk,lea.kukk343@example.com,+372 51012691,1982-09-18,,,,Tallinn,EE,single,0,cdi,Employer 26,2291.00,1085.86,tenant,incidents,C,active,,2026-05-30 13:40:16.08259+00,2026-05-30 13:40:16.08259+00,,63,,false,,,,false
d1baf9fa-8bbc-4720-a363-0d77f2db3303,CLI-1273,Maria,Muller,maria.muller1272@example.com,+372 51047064,1977-03-08,,,,Narva,EE,married,3,cdd,Employer 25,2026.00,1096.85,tenant,incidents,C,active,,2026-05-30 13:40:16.416366+00,2026-05-30 13:40:16.416366+00,,51,,false,,,,false
d2111302-84c6-4c8a-b13d-3c4e979483f0,CLI-0733,Kevin,Rebane,kevin.rebane732@example.com,+372 51027084,1967-11-02,,,,Tallinn,EE,married,2,cdi,Employer 26,4811.00,1971.24,tenant,excellent,A,active,,2026-05-30 13:40:16.308826+00,2026-05-30 13:40:16.308826+00,,96,,false,,,,false
d21a60a5-924c-4e34-8ed5-2fc7739db633,CLI-1038,Tiina,Roussel,tiina.roussel1037@example.com,+372 51038369,1966-12-25,,,,Tallinn,FR,married,2,cdi,Employer 10,5051.00,2749.91,owner,incidents,C,active,,2026-05-30 13:40:16.416366+00,2026-05-30 13:40:16.416366+00,,49,,false,,,,false
d2b02c1e-454b-4a5d-9ed2-1b7d3990c56f,CLI-0459,Laura,Toom,laura.toom458@example.com,+372 51016946,1998-10-06,,,,Lyon,EE,single,1,retired,Employer 12,1425.00,710.61,tenant,good,B,active,,2026-05-30 13:40:16.08259+00,2026-05-30 13:40:16.08259+00,,79,,false,,,,false
d2efd423-9264-4dc1-8ed0-254e7879bdf6,CLI-0785,Alex,Lopez,alex.lopez784@example.com,+372 51029008,1999-02-28,,,,Helsinki,FR,married,1,retired,Employer 27,4503.00,1730.68,hosted,good,A,active,,2026-05-30 13:40:16.308826+00,2026-05-30 13:40:16.308826+00,,91,,false,,,,false
d2f8d6a9-1306-49ef-a229-94552c9311ed,CLI-0427,Lea,Faure,lea.faure426@example.com,+372 51015762,1992-10-08,,,,Bruxelles,EE,married,2,student,Employer 36,4340.00,2383.01,tenant,good,A,active,,2026-05-30 13:40:16.08259+00,2026-05-30 13:40:16.08259+00,,92,,false,,,,false
d3096702-dc70-4da7-94f3-6369d23c814d,CLI-1206,Sophie,Raud,sophie.raud1205@example.com,+372 51044585,1974-10-17,,,,Narva,EE,single,0,cdi,Employer 15,2892.00,1448.32,tenant,mixed,B,active,,2026-05-30 13:40:16.416366+00,2026-05-30 13:40:16.416366+00,,66,,false,,,,false
d31f3d36-47b5-44da-aac7-15617304ff9e,CLI-1275,Kevin,Oja,kevin.oja1274@example.com,+372 51047138,1990-06-25,,,,Parnu,EE,single,1,retired,Employer 20,3860.00,2309.66,tenant,good,B,active,,2026-05-30 13:40:16.416366+00,2026-05-30 13:40:16.416366+00,,66,,false,,,,false
d3b02504-5e21-47fa-9eea-4ee5752229cb,CLI-0420,Thomas,Lopez,thomas.lopez419@example.com,+372 51015503,2001-11-08,,,,Lyon,EE,married,1,unemployed,Employer 25,2296.00,984.32,tenant,excellent,A,active,,2026-05-30 13:40:16.08259+00,2026-05-30 13:40:16.08259+00,,89,,false,,,,false
d3c92339-ce2c-4d49-97e0-54860c3cbd15,CLI-0944,Camille,Rebane,camille.rebane943@example.com,+372 51034891,1993-08-08,,,,Lyon,EE,single,2,cdi,Employer 24,3226.00,1323.16,tenant,good,B,active,,2026-05-30 13:40:16.308826+00,2026-05-30 13:40:16.308826+00,,74,,false,,,,false
d3e68ba5-6afa-4e3b-b99c-981ce8a11e25,CLI-0508,Lucas,Raud,lucas.raud507@example.com,+372 51018759,1996-02-09,,,,Helsinki,EE,married,2,cdi,Employer 12,3113.00,1406.54,tenant,good,B,active,,2026-05-30 13:40:16.308826+00,2026-05-30 13:40:16.308826+00,,76,,false,,,,false
d3ff2edb-605a-48f3-a635-2733104d69b5,CLI-0531,Tiina,Koppel,tiina.koppel530@example.com,+372 51019610,1980-10-12,,,,Lyon,EE,single,1,student,Employer 24,4966.00,2312.62,hosted,mixed,C,active,,2026-05-30 13:40:16.308826+00,2026-05-30 13:40:16.308826+00,,50,,false,,,,false
d473a7ed-f282-4e33-ba51-e74dd9eb2ee2,CLI-0394,Sarah,Parn,sarah.parn393@example.com,+372 51014541,2001-10-08,,,,Tallinn,EE,married,3,cdi,Employer 25,3141.00,1308.22,hosted,good,B,active,,2026-05-30 13:40:16.08259+00,2026-05-30 13:40:16.08259+00,,65,,false,,,,false
d4ba58fc-ef5e-4daa-b443-c629454bb1c1,CLI-0391,Kevin,Mets,kevin.mets390@example.com,+372 51014430,2003-05-28,,,,Tartu,EE,married,3,cdi,Employer 6,4812.00,1854.99,hosted,good,A,active,,2026-05-30 13:40:16.08259+00,2026-05-30 13:40:16.08259+00,,80,,false,,,,false
d4c2a55b-d111-480d-8aad-b6abd37fceff,CLI-0477,Maria,Magi,maria.magi476@example.com,+372 51017612,1966-06-14,,,,Lyon,EE,single,3,freelance,Employer 28,4178.00,2393.60,tenant,good,B,active,,2026-05-30 13:40:16.08259+00,2026-05-30 13:40:16.08259+00,,68,,false,,,,false
d4c5a21a-a870-4eea-a864-6d78e5278ea2,CLI-0770,Antoine,Tamm,antoine.tamm769@example.com,+372 51028453,1976-07-08,,,,Paris,EE,single,2,cdd,Employer 35,5115.00,1965.25,tenant,incidents,D,active,,2026-05-30 13:40:16.308826+00,2026-05-30 13:40:16.308826+00,,23,,false,,,,false
d50fc1a8-2911-47d5-9ba3-c5ef5005b755,CLI-0043,Alex,Koppel,alex.koppel42@example.com,+372 51001554,1984-01-13,,,,Tartu,EE,married,2,cdd,Employer 14,4907.00,2064.66,owner,good,A,active,,2026-05-30 13:40:16.08259+00,2026-05-30 13:40:16.08259+00,,88,,false,,,,false
d514dc27-6d4b-4deb-9d43-01787e20dffe,CLI-0233,Yann,Vaino,yann.vaino232@example.com,+372 51008584,1967-06-23,,,,Lyon,FR,single,0,unemployed,Employer 35,1598.00,729.93,tenant,good,A,active,,2026-05-30 13:40:16.08259+00,2026-05-30 13:40:16.08259+00,,89,,false,,,,false
d530cd2d-cc7b-4b7f-b24d-3df7c6c3bc16,CLI-0606,Alex,Rebane,alex.rebane605@example.com,+372 51022385,1993-10-04,,,,Parnu,EE,married,0,freelance,Employer 1,1249.00,581.64,hosted,mixed,C,active,,2026-05-30 13:40:16.308826+00,2026-05-30 13:40:16.308826+00,,56,,false,,,,false
d5754276-a06f-4f88-91e4-1bcff7d30c33,CLI-0517,Eva,Dubois,eva.dubois516@example.com,+372 51019092,1985-05-05,,,,Bruxelles,EE,married,3,unemployed,Employer 5,1490.00,715.15,tenant,excellent,A,active,,2026-05-30 13:40:16.308826+00,2026-05-30 13:40:16.308826+00,,93,,false,,,,false
d591a2e0-e7ab-4b18-a039-9af8ad1cbc13,CLI-0891,Antoine,Susi,antoine.susi890@example.com,+372 51032930,1965-10-03,,,,Narva,FR,single,1,unemployed,Employer 9,1141.00,665.51,owner,incidents,C,active,,2026-05-30 13:40:16.308826+00,2026-05-30 13:40:16.308826+00,,55,,false,,,,false
d5b983df-6e60-496e-a9ca-57e63d35ab58,CLI-0741,Anna,Vaher,anna.vaher740@example.com,+372 51027380,1976-12-12,,,,Madrid,EE,single,0,unemployed,Employer 12,5096.00,2907.87,tenant,excellent,A,active,,2026-05-30 13:40:16.308826+00,2026-05-30 13:40:16.308826+00,,92,,false,,,,false
d5c6bfd1-d666-4686-8ace-596f6e3e343d,CLI-0320,Maxime,Lemoine,maxime.lemoine319@example.com,+372 51011803,1967-05-01,,,,Narva,FR,single,2,cdi,Employer 31,5141.00,2105.47,tenant,mixed,B,active,,2026-05-30 13:40:16.08259+00,2026-05-30 13:40:16.08259+00,,71,,false,,,,false
d5df83e8-1f51-4187-8df7-440f74ec1895,CLI-0849,Karl,Carre,karl.carre848@example.com,+372 51031376,1981-09-23,,,,Narva,EE,single,2,cdi,Employer 6,1695.00,755.96,hosted,incidents,C,active,,2026-05-30 13:40:16.308826+00,2026-05-30 13:40:16.308826+00,,53,,false,,,,false
d6894338-2786-403c-aa34-4d4567db6f09,CLI-0468,Kadri,Faure,kadri.faure467@example.com,+372 51017279,1975-08-24,,,,Paris,FR,single,3,cdi,Employer 8,3813.00,2127.84,owner,good,A,active,,2026-05-30 13:40:16.08259+00,2026-05-30 13:40:16.08259+00,,89,,false,,,,false
d6cbd861-626c-45ba-8ff6-7066b1205782,CLI-0409,Nathan,Tamm,nathan.tamm408@example.com,+372 51015096,1992-02-14,,,,Helsinki,EE,married,0,cdi,Employer 1,4704.00,2703.70,tenant,mixed,C,active,,2026-05-30 13:40:16.08259+00,2026-05-30 13:40:16.08259+00,,57,,false,,,,false
d6e7c875-4465-4b78-860a-5996b19fa15a,CLI-1105,Eva,Rebane,eva.rebane1104@example.com,+372 51040848,1992-09-26,,,,Parnu,EE,single,1,cdi,Employer 31,2341.00,987.50,tenant,incidents,D,active,,2026-05-30 13:40:16.416366+00,2026-05-30 13:40:16.416366+00,,38,,false,,,,false
d72672b1-88a7-40b4-af3a-6888d6b86360,CLI-0832,Jaan,Sepp,jaan.sepp831@example.com,+372 51030747,1992-03-23,,,,Parnu,FR,single,3,cdi,Employer 11,2922.00,1103.82,tenant,good,A,active,,2026-05-30 13:40:16.308826+00,2026-05-30 13:40:16.308826+00,,99,,false,,,,false
d7364e70-5b1a-44ea-a89b-2fce18ebb123,CLI-0817,Yann,Kallas,yann.kallas816@example.com,+372 51030192,1986-05-10,,,,Geneve,FR,single,3,cdi,Employer 12,3586.00,1330.49,tenant,excellent,A,active,,2026-05-30 13:40:16.308826+00,2026-05-30 13:40:16.308826+00,,97,,false,,,,false
d75b9299-2e6d-48c9-9d5a-879d0b63ff67,CLI-0567,Julien,Lepik,julien.lepik566@example.com,+372 51020942,1982-10-07,,,,Geneve,EE,single,0,cdd,Employer 35,4109.00,1491.57,tenant,good,A,active,,2026-05-30 13:40:16.308826+00,2026-05-30 13:40:16.308826+00,,94,,false,,,,false
d78d68f9-9d0d-41b6-8bbf-4ccb6fc997bd,CLI-0158,Mehdi,Vaino,mehdi.vaino157@example.com,+372 51005809,2004-02-18,,,,Bruxelles,FR,married,0,cdi,Employer 17,3092.00,1517.32,tenant,good,B,active,,2026-05-30 13:40:16.08259+00,2026-05-30 13:40:16.08259+00,,66,,false,,,,false
d83cccd7-5d75-40ba-a8a9-cb28ce32ac56,CLI-0014,Rasmus,Lemoine,rasmus.lemoine13@example.com,+372 51000481,1988-05-26,,,,Tartu,FR,single,2,cdi,Employer 28,3917.00,1911.59,tenant,good,A,active,,2026-05-30 13:40:16.08259+00,2026-05-30 13:40:16.08259+00,,94,,false,,,,false
d83fab20-5426-4413-8a1b-d906131b291e,CLI-0211,Clara,Dubois,clara.dubois210@example.com,+372 51007770,1968-02-10,,,,Narva,EE,married,2,cdi,Employer 40,2262.00,925.69,tenant,incidents,C,active,,2026-05-30 13:40:16.08259+00,2026-05-30 13:40:16.08259+00,,62,,false,,,,false
d877ea7e-6692-4f24-8d5d-db8bd9fa20c7,CLI-1057,Emma,Aas,emma.aas1056@example.com,+372 51039072,1994-04-10,,,,Tartu,EE,single,0,unemployed,Employer 40,1539.00,570.92,hosted,mixed,B,active,,2026-05-30 13:40:16.416366+00,2026-05-30 13:40:16.416366+00,,72,,false,,,,false
d8db44f9-b8ad-46da-a215-69f299e3a988,CLI-1134,Sarah,Kask,sarah.kask1133@example.com,+372 51041921,1969-08-13,,,,Helsinki,EE,married,1,cdi,Employer 7,2613.00,1132.39,tenant,incidents,D,active,,2026-05-30 13:40:16.416366+00,2026-05-30 13:40:16.416366+00,,23,,false,,,,false
d917f330-4524-462c-837d-28509b5dda53,CLI-0236,Kadri,Laine,kadri.laine235@example.com,+372 51008695,2000-01-04,,,,Madrid,EE,married,1,freelance,Employer 29,1156.00,417.24,tenant,incidents,C,active,,2026-05-30 13:40:16.08259+00,2026-05-30 13:40:16.08259+00,,62,,false,,,,false
d94e7cd0-4956-4a41-90d6-2116fcf9383a,CLI-0903,Manon,Org,manon.org902@example.com,+372 51033374,2002-08-16,,,,Geneve,EE,married,1,cdi,Employer 39,3907.00,2311.22,tenant,good,B,active,,2026-05-30 13:40:16.308826+00,2026-05-30 13:40:16.308826+00,,66,,false,,,,false
d96fe4c8-a774-4a2f-8722-7f879c7ab2e9,CLI-0108,Lucas,Ivanov,lucas.ivanov107@example.com,+372 51003959,1995-12-08,,,,Tallinn,EE,single,0,cdi,Employer 19,3518.00,1426.05,tenant,good,A,active,,2026-05-30 13:40:16.08259+00,2026-05-30 13:40:16.08259+00,,80,,false,,,,false
d98a5d59-83e6-4bb5-8094-e85b44d9729f,CLI-0482,Marko,Toom,marko.toom481@example.com,+372 51017797,1976-11-27,,,,Geneve,EE,single,3,cdi,Employer 33,1966.00,877.55,hosted,good,B,active,,2026-05-30 13:40:16.08259+00,2026-05-30 13:40:16.08259+00,,70,,false,,,,false
d9b82076-2a3c-41d8-9f27-7bf9434e103d,CLI-1103,Kevin,Raud,kevin.raud1102@example.com,+372 51040774,1971-09-09,,,,Parnu,EE,married,3,freelance,Employer 19,2946.00,1759.04,tenant,mixed,B,active,,2026-05-30 13:40:16.416366+00,2026-05-30 13:40:16.416366+00,,72,,false,,,,false
da4ce10b-4674-44e1-a522-51eecf29fea9,CLI-0404,Hugo,Carre,hugo.carre403@example.com,+372 51014911,1986-08-26,,,,Geneve,EE,married,3,student,Employer 4,3650.00,1891.89,tenant,excellent,A,active,,2026-05-30 13:40:16.08259+00,2026-05-30 13:40:16.08259+00,,89,,false,,,,false
da8fb707-1ae9-40d0-ba04-33722038fd06,CLI-0993,Julien,Saar,julien.saar992@example.com,+372 51036704,1982-01-21,,,,Tallinn,EE,married,0,unemployed,Employer 7,2980.00,1513.79,tenant,good,B,active,,2026-05-30 13:40:16.308826+00,2026-05-30 13:40:16.308826+00,,74,,false,,,,false
daa53167-0894-4e62-b06e-5908d16591f3,CLI-1128,Marie,Petit,marie.petit1127@example.com,+372 51041699,1973-12-11,,,,Paris,FR,single,0,cdd,Employer 40,4438.00,1563.17,tenant,good,A,active,,2026-05-30 13:40:16.416366+00,2026-05-30 13:40:16.416366+00,,99,,false,,,,false
daf1f13b-d397-401f-8b94-59200651e03f,CLI-1284,Maria,Faure,maria.faure1283@example.com,+372 51047471,1974-11-14,,,,Geneve,EE,single,1,cdd,Employer 13,2484.00,1332.71,tenant,good,B,active,,2026-05-30 13:40:16.416366+00,2026-05-30 13:40:16.416366+00,,66,,false,,,,false
daff05e0-84a3-4297-8d38-8d735b5829ea,CLI-1240,Tiina,Bernard,tiina.bernard1239@example.com,+372 51045843,1996-06-19,,,,Helsinki,FR,single,0,freelance,Employer 25,2685.00,1236.28,owner,good,A,active,,2026-05-30 13:40:16.416366+00,2026-05-30 13:40:16.416366+00,,87,,false,,,,false
db1f498f-32b5-4b61-8a6d-223bb96c61c3,CLI-0937,Maria,Tamm,maria.tamm936@example.com,+372 51034632,1992-12-20,,,,Madrid,EE,single,2,cdi,Employer 34,2121.00,1216.28,tenant,incidents,D,active,,2026-05-30 13:40:16.308826+00,2026-05-30 13:40:16.308826+00,,38,,false,,,,false
db9e82b2-afdb-4f45-b90a-c943b466e7e7,CLI-0372,Marie,Raud,marie.raud371@example.com,+372 51013727,1977-11-01,,,,Tartu,FR,single,0,retired,Employer 2,4758.00,2540.47,tenant,mixed,C,active,,2026-05-30 13:40:16.08259+00,2026-05-30 13:40:16.08259+00,,56,,false,,,,false
dbbdea75-3b8e-4eff-8e08-c71cd659b709,CLI-1251,Andres,Oja,andres.oja1250@example.com,+372 51046250,1995-11-13,,,,Lyon,EE,married,0,cdi,Employer 6,4588.00,2070.28,hosted,mixed,B,active,,2026-05-30 13:40:16.416366+00,2026-05-30 13:40:16.416366+00,,67,,false,,,,false
dbcdac8c-fae7-40e1-ad28-5d6b8db8ac3b,CLI-1141,Liis,Faure,liis.faure1140@example.com,+372 51042180,1996-04-11,,,,Tallinn,EE,married,2,cdd,Employer 39,3512.00,1253.84,owner,mixed,B,active,,2026-05-30 13:40:16.416366+00,2026-05-30 13:40:16.416366+00,,78,,false,,,,false
dbf99134-348e-4f8b-b8d9-11255d6d8cb3,CLI-0543,Tonu,Kallas,tonu.kallas542@example.com,+372 51020054,1995-01-01,,,,Madrid,EE,married,2,cdi,Employer 4,1856.00,695.68,owner,good,B,active,,2026-05-30 13:40:16.308826+00,2026-05-30 13:40:16.308826+00,,79,,false,,,,false
dc859b27-ef6f-4a66-b90b-7266eedee3d0,CLI-1346,Rasmus,Carre,rasmus.carre1345@example.com,+372 51049765,1982-11-02,,,,Lyon,EE,married,1,unemployed,Employer 23,4005.00,1491.16,owner,mixed,B,active,,2026-05-30 13:40:16.416366+00,2026-05-30 13:40:16.416366+00,,68,,false,,,,false
dc872d38-07bd-48c2-82fd-14d26c521c60,CLI-1054,Alex,Smirnov,alex.smirnov1053@example.com,+372 51038961,1983-09-21,,,,Paris,FR,single,3,cdi,Employer 4,4605.00,1790.64,tenant,good,A,active,,2026-05-30 13:40:16.416366+00,2026-05-30 13:40:16.416366+00,,82,,false,,,,false
dd041005-9340-48b2-9ce6-5e2a12dd39f9,CLI-1209,Andres,Magi,andres.magi1208@example.com,+372 51044696,1967-11-25,,,,Madrid,EE,married,2,cdi,Employer 16,1388.00,704.06,owner,good,A,active,,2026-05-30 13:40:16.416366+00,2026-05-30 13:40:16.416366+00,,90,,false,,,,false
dd1a1f56-90db-466c-9eda-baa69e52008a,CLI-0987,Karl,Lemoine,karl.lemoine986@example.com,+372 51036482,1980-02-04,,,,Geneve,EE,single,0,retired,Employer 5,1796.00,1071.69,hosted,good,B,active,,2026-05-30 13:40:16.308826+00,2026-05-30 13:40:16.308826+00,,67,,false,,,,false
dd6b1142-90ee-4449-86e6-28c802d41e07,CLI-0968,Rasmus,Lemoine,rasmus.lemoine967@example.com,+372 51035779,1978-11-09,,,,Tallinn,EE,married,0,cdi,Employer 5,2191.00,772.83,owner,incidents,D,active,,2026-05-30 13:40:16.308826+00,2026-05-30 13:40:16.308826+00,,20,,false,,,,false
dd78e1c2-cf76-4cdd-9c9a-21774a39f87b,CLI-1361,Piret,Lemoine,piret.lemoine1360@example.com,+372 51050320,1966-07-14,,,,Geneve,FR,single,3,student,Employer 10,4591.00,2433.76,tenant,excellent,A,active,,2026-05-30 13:40:16.416366+00,2026-05-30 13:40:16.416366+00,,87,,false,,,,false
dd799521-0ad1-4b99-be1c-d8868cd200ee,CLI-0871,Antoine,Garcia,antoine.garcia870@example.com,+372 51032190,1980-04-06,,,,Paris,FR,single,1,freelance,Employer 5,2638.00,956.95,tenant,good,A,active,,2026-05-30 13:40:16.308826+00,2026-05-30 13:40:16.308826+00,,89,,false,,,,false
dd9cfed7-0ef9-445b-9c31-c12fe1bf2869,CLI-0524,Jaan,Susi,jaan.susi523@example.com,+372 51019351,1992-01-18,,,,Helsinki,FR,married,3,freelance,Employer 10,3521.00,1935.32,hosted,excellent,A,active,,2026-05-30 13:40:16.308826+00,2026-05-30 13:40:16.308826+00,,82,,false,,,,false
ddbf44d2-94ec-4609-8865-39b7ce3aa506,CLI-1343,Yann,Parn,yann.parn1342@example.com,+372 51049654,1996-10-07,,,,Tartu,EE,single,1,unemployed,Employer 24,3868.00,1600.99,tenant,good,A,active,,2026-05-30 13:40:16.416366+00,2026-05-30 13:40:16.416366+00,,88,,false,,,,false
de16b11f-1549-41bb-9d57-9c5053f65e71,CLI-1228,Mart,Garcia,mart.garcia1227@example.com,+372 51045399,1995-07-23,,,,Tartu,EE,single,1,student,Employer 40,4060.00,2348.34,owner,incidents,D,active,,2026-05-30 13:40:16.416366+00,2026-05-30 13:40:16.416366+00,,28,,false,,,,false
de3121ac-8f8e-409d-8d94-8a62767e450c,CLI-0965,Liis,Martin,liis.martin964@example.com,+372 51035668,1986-04-18,,,,Geneve,FR,single,3,freelance,Employer 11,1741.00,885.41,owner,good,A,active,,2026-05-30 13:40:16.308826+00,2026-05-30 13:40:16.308826+00,,91,,false,,,,false
de586b7c-ee10-403b-b3ba-7250a2c31cb5,CLI-0807,Nathan,Smirnov,nathan.smirnov806@example.com,+372 51029822,1976-03-28,,,,Parnu,EE,single,2,retired,Employer 1,1245.00,542.82,hosted,mixed,C,active,,2026-05-30 13:40:16.308826+00,2026-05-30 13:40:16.308826+00,,53,,false,,,,false
de7ec331-ea06-4ea6-a625-805e57af618e,CLI-0280,Anna,Lemoine,anna.lemoine279@example.com,+372 51010323,1987-05-28,,,,Paris,FR,married,2,unemployed,Employer 33,4268.00,1896.65,owner,excellent,A,active,,2026-05-30 13:40:16.08259+00,2026-05-30 13:40:16.08259+00,,86,,false,,,,false
deb85663-0ce4-427c-aab2-798fa3151321,CLI-0483,Nathan,Tamm,nathan.tamm482@example.com,+372 51017834,1989-05-01,,,,Parnu,EE,single,0,cdd,Employer 18,4836.00,1844.48,hosted,incidents,D,active,,2026-05-30 13:40:16.08259+00,2026-05-30 13:40:16.08259+00,,40,,false,,,,false
df206c91-d360-49fc-a4bf-152197541c9a,CLI-1025,Clara,Sokk,clara.sokk1024@example.com,+372 51037888,1969-01-12,,,,Paris,FR,married,1,cdi,Employer 12,2285.00,1321.20,tenant,good,A,active,,2026-05-30 13:40:16.416366+00,2026-05-30 13:40:16.416366+00,,94,,false,,,,false
df5a8011-37d0-4de5-b55e-828eb9d91a7c,CLI-0040,Piret,Saar,piret.saar39@example.com,+372 51001443,2001-06-07,,,,Lyon,EE,single,3,student,Employer 8,4239.00,1945.55,owner,good,B,active,,2026-05-30 13:40:16.08259+00,2026-05-30 13:40:16.08259+00,,76,,false,,,,false
df675c1b-c420-4c39-a3e0-99865386969a,CLI-0104,Eva,Nguyen,eva.nguyen103@example.com,+372 51003811,1980-02-12,,,,Paris,EE,married,2,cdi,Employer 25,4471.00,2324.36,tenant,good,B,active,,2026-05-30 13:40:16.08259+00,2026-05-30 13:40:16.08259+00,,66,,false,,,,false
df87bc25-1a70-4cbf-a337-e464a84b35e6,CLI-0169,Marie,Petit,marie.petit168@example.com,+372 51006216,1973-05-08,,,,Geneve,FR,married,0,cdi,Employer 25,3356.00,1940.02,tenant,incidents,C,active,,2026-05-30 13:40:16.08259+00,2026-05-30 13:40:16.08259+00,,52,,false,,,,false
dff8ba2a-d3fd-4195-8b52-5310c8700825,CLI-0366,Romain,Magi,romain.magi365@example.com,+372 51013505,1982-07-28,,,,Madrid,EE,married,1,cdi,Employer 33,1205.00,586.98,hosted,incidents,D,active,,2026-05-30 13:40:16.08259+00,2026-05-30 13:40:16.08259+00,,23,,false,,,,false
dffc4e79-6f8c-4efd-b7c5-546e76353758,CLI-0836,Piret,Lemoine,piret.lemoine835@example.com,+372 51030895,1967-03-15,,,,Parnu,FR,married,3,student,Employer 25,5027.00,2370.87,tenant,mixed,B,active,,2026-05-30 13:40:16.308826+00,2026-05-30 13:40:16.308826+00,,79,,false,,,,false
e05771e1-0463-4692-9c41-eb1fc90f7bbc,CLI-1247,Thomas,Laine,thomas.laine1246@example.com,+372 51046102,1980-12-08,,,,Narva,EE,single,3,unemployed,Employer 13,2444.00,901.29,tenant,good,A,active,,2026-05-30 13:40:16.416366+00,2026-05-30 13:40:16.416366+00,,91,,false,,,,false
e06d356b-4ead-4c5c-a303-fa2e3c8e1762,CLI-0084,Marko,Aas,marko.aas83@example.com,+372 51003071,1989-06-17,,,,Geneve,FR,married,3,unemployed,Employer 4,2076.00,874.64,hosted,excellent,A,active,,2026-05-30 13:40:16.08259+00,2026-05-30 13:40:16.08259+00,,95,,false,,,,false
e078567c-82f4-430d-812b-428c2c55f101,CLI-0537,Lucas,Sepp,lucas.sepp536@example.com,+372 51019832,1970-10-12,,,,Geneve,FR,single,0,cdi,Employer 15,3468.00,1688.36,tenant,good,A,active,,2026-05-30 13:40:16.308826+00,2026-05-30 13:40:16.308826+00,,84,,false,,,,false
e0b0416f-ba6e-497b-9b5a-a53da1d7a8ca,CLI-0136,Nathan,Koppel,nathan.koppel135@example.com,+372 51004995,1978-11-22,,,,Tallinn,EE,single,3,cdi,Employer 31,1789.00,640.66,tenant,excellent,A,active,,2026-05-30 13:40:16.08259+00,2026-05-30 13:40:16.08259+00,,88,,false,,,,false
e0c9c103-788b-4985-ac14-ae9295079d47,CLI-0127,Jaan,Roussel,jaan.roussel126@example.com,+372 51004662,1972-03-10,,,,Tartu,FR,married,1,student,Employer 38,2985.00,1710.11,hosted,mixed,B,active,,2026-05-30 13:40:16.08259+00,2026-05-30 13:40:16.08259+00,,74,,false,,,,false
e0d69833-2bbd-4eae-8473-087c60ea15cd,CLI-0242,Lucas,Lille,lucas.lille241@example.com,+372 51008917,1973-03-04,,,,Lyon,FR,single,3,retired,Employer 7,4671.00,1993.52,hosted,incidents,C,active,,2026-05-30 13:40:16.08259+00,2026-05-30 13:40:16.08259+00,,59,,false,,,,false
e106383d-4407-4924-9d39-26392a98e3aa,CLI-0740,Manon,Raud,manon.raud739@example.com,+372 51027343,1991-01-08,,,,Paris,FR,single,0,cdd,Employer 33,3027.00,1221.15,tenant,mixed,C,active,,2026-05-30 13:40:16.308826+00,2026-05-30 13:40:16.308826+00,,47,,false,,,,false
e10825ca-0bab-4194-9f97-e637c6744c64,CLI-1036,Ines,Vaher,ines.vaher1035@example.com,+372 51038295,1965-04-18,,,,Parnu,EE,married,2,freelance,Employer 2,3438.00,1505.87,tenant,incidents,D,active,,2026-05-30 13:40:16.416366+00,2026-05-30 13:40:16.416366+00,,38,,false,,,,false
e1320437-00a2-43db-a425-d0ec26e58696,CLI-0751,Mehdi,Kask,mehdi.kask750@example.com,+372 51027750,1998-10-26,,,,Madrid,EE,married,1,cdi,Employer 1,1796.00,763.33,hosted,excellent,A,active,,2026-05-30 13:40:16.308826+00,2026-05-30 13:40:16.308826+00,,88,,false,,,,false
e15fb6b7-3c2e-4eb7-b5f8-b3e882678ed8,CLI-0911,Lea,Bernard,lea.bernard910@example.com,+372 51033670,1995-10-09,,,,Parnu,EE,married,0,cdd,Employer 28,5076.00,2346.98,tenant,incidents,D,active,,2026-05-30 13:40:16.308826+00,2026-05-30 13:40:16.308826+00,,41,,false,,,,false
e1694dcb-f4a8-44b4-84bd-5fb544115e38,CLI-0042,Alex,Sepp,alex.sepp41@example.com,+372 51001517,1997-05-10,,,,Tartu,FR,married,2,cdi,Employer 38,2445.00,1087.11,hosted,incidents,D,active,,2026-05-30 13:40:16.08259+00,2026-05-30 13:40:16.08259+00,,23,,false,,,,false
e1949d80-2b13-407d-9f0a-5762bcff3a35,CLI-0862,Thomas,Lemoine,thomas.lemoine861@example.com,+372 51031857,2003-12-07,,,,Bruxelles,EE,single,1,unemployed,Employer 19,2364.00,1056.83,tenant,incidents,D,active,,2026-05-30 13:40:16.308826+00,2026-05-30 13:40:16.308826+00,,21,,false,,,,false
e1bf9455-1b33-4d53-b78f-cbc4e13e9f4a,CLI-0706,Marie,Ivanov,marie.ivanov705@example.com,+372 51026085,1983-02-09,,,,Paris,EE,single,0,retired,Employer 31,2076.00,765.28,hosted,excellent,A,active,,2026-05-30 13:40:16.308826+00,2026-05-30 13:40:16.308826+00,,84,,false,,,,false
e20bfff7-ff6a-4904-ab5d-ceea1141fdc0,CLI-0999,Piret,Vaher,piret.vaher998@example.com,+372 51036926,1984-08-26,,,,Tartu,EE,married,3,cdi,Employer 29,1936.00,755.16,tenant,incidents,D,active,,2026-05-30 13:40:16.308826+00,2026-05-30 13:40:16.308826+00,,21,,false,,,,false
e231b371-f8f5-49e2-aa94-22c11acbf003,CLI-1353,Rasmus,Vaher,rasmus.vaher1352@example.com,+372 51050024,1995-03-11,,,,Tallinn,FR,married,3,unemployed,Employer 14,2456.00,1408.33,tenant,incidents,D,active,,2026-05-30 13:40:16.416366+00,2026-05-30 13:40:16.416366+00,,44,,false,,,,false
e2649192-1385-4c96-83e0-722bb8c7e4dc,CLI-0062,Piret,Ivanov,piret.ivanov61@example.com,+372 51002257,1990-09-10,,,,Geneve,EE,single,1,student,Employer 16,3527.00,1656.50,tenant,excellent,A,active,,2026-05-30 13:40:16.08259+00,2026-05-30 13:40:16.08259+00,,88,,false,,,,false
e2a25822-17f4-4c81-9a9d-2d5148d442f1,CLI-0140,Sarah,Org,sarah.org139@example.com,+372 51005143,1969-01-15,,,,Parnu,FR,single,1,cdi,Employer 5,5161.00,2417.96,owner,good,A,active,,2026-05-30 13:40:16.08259+00,2026-05-30 13:40:16.08259+00,,93,,false,,,,false
e2abd685-bb41-4ff5-a45d-6ad3ca747466,CLI-1250,Liis,Petit,liis.petit1249@example.com,+372 51046213,1968-05-20,,,,Paris,EE,married,3,retired,Employer 35,4969.00,2279.88,owner,good,B,active,,2026-05-30 13:40:16.416366+00,2026-05-30 13:40:16.416366+00,,72,,false,,,,false
e30d85d8-724f-4207-a02a-df61b588f80b,CLI-0072,Mehdi,Dubois,mehdi.dubois71@example.com,+372 51002627,2004-05-09,,,,Narva,EE,married,0,unemployed,Employer 14,4545.00,2259.14,tenant,incidents,C,active,,2026-05-30 13:40:16.08259+00,2026-05-30 13:40:16.08259+00,,53,,false,,,,false
e335ff80-3bd6-45c9-955c-04341c578d6c,CLI-0389,Emma,Laine,emma.laine388@example.com,+372 51014356,1987-06-25,,,,Lyon,FR,single,0,cdi,Employer 1,3864.00,1959.68,hosted,good,A,active,,2026-05-30 13:40:16.08259+00,2026-05-30 13:40:16.08259+00,,96,,false,,,,false
e338c75b-dae2-493e-af55-dc08cbb37162,CLI-1242,Dimitri,Roussel,dimitri.roussel1241@example.com,+372 51045917,1978-09-07,,,,Bruxelles,EE,single,3,cdd,Employer 6,4953.00,2306.81,tenant,excellent,A,active,,2026-05-30 13:40:16.416366+00,2026-05-30 13:40:16.416366+00,,85,,false,,,,false
e339fff5-9e7c-465e-88b0-438acbd1a56b,CLI-1276,Maxime,Oja,maxime.oja1275@example.com,+372 51047175,1989-09-09,,,,Geneve,EE,married,3,freelance,Employer 16,3957.00,1884.02,tenant,good,A,active,,2026-05-30 13:40:16.416366+00,2026-05-30 13:40:16.416366+00,,94,,false,,,,false
e36c172d-f916-464a-b8c7-39b5ce5f90c5,CLI-1325,Kristjan,Kask,kristjan.kask1324@example.com,+372 51048988,1969-11-13,,,,Tartu,FR,married,0,student,Employer 1,4997.00,2431.29,tenant,incidents,C,active,,2026-05-30 13:40:16.416366+00,2026-05-30 13:40:16.416366+00,,60,,false,,,,false
e38c06be-2619-4bc5-b4e4-89d80f064197,CLI-0771,Rasmus,Tamm,rasmus.tamm770@example.com,+372 51028490,1983-12-04,,,,Parnu,FR,single,2,retired,Employer 24,2702.00,1054.41,tenant,good,B,active,,2026-05-30 13:40:16.308826+00,2026-05-30 13:40:16.308826+00,,74,,false,,,,false
e3935d89-297a-4c91-a1a7-06ad8610335b,CLI-0070,Camille,Koppel,camille.koppel69@example.com,+372 51002553,1981-07-04,,,,Helsinki,EE,married,1,unemployed,Employer 12,2974.00,1276.80,tenant,mixed,B,active,,2026-05-30 13:40:16.08259+00,2026-05-30 13:40:16.08259+00,,79,,false,,,,false
e39a56f2-50a4-47b2-982c-a505704c7919,CLI-1197,Clara,Robert,clara.robert1196@example.com,+372 51044252,2000-11-07,,,,Lyon,EE,married,0,student,Employer 39,4854.00,2847.42,hosted,good,A,active,,2026-05-30 13:40:16.416366+00,2026-05-30 13:40:16.416366+00,,90,,false,,,,false
e3f15d28-42e1-453d-b9cb-1ff0b0555ac9,CLI-0258,Lucas,Dubois,lucas.dubois257@example.com,+372 51009509,2001-09-18,,,,Narva,EE,single,2,cdd,Employer 26,4817.00,1806.02,tenant,good,B,active,,2026-05-30 13:40:16.08259+00,2026-05-30 13:40:16.08259+00,,78,,false,,,,false
e53883f6-5758-413a-9202-041214917f46,CLI-1062,Dimitri,Smirnov,dimitri.smirnov1061@example.com,+372 51039257,1979-04-09,,,,Madrid,EE,single,2,cdi,Employer 2,3128.00,1866.78,tenant,good,A,active,,2026-05-30 13:40:16.416366+00,2026-05-30 13:40:16.416366+00,,83,,false,,,,false
e55b936d-7215-4264-90bb-1939811a6799,CLI-0295,Clara,Mets,clara.mets294@example.com,+372 51010878,1988-05-19,,,,Lyon,EE,single,0,unemployed,Employer 8,4613.00,2730.14,hosted,incidents,D,active,,2026-05-30 13:40:16.08259+00,2026-05-30 13:40:16.08259+00,,33,,false,,,,false
e65aca39-aa2d-456e-a1fe-22f386682198,CLI-0252,Laura,Kukk,laura.kukk251@example.com,+372 51009287,1980-03-22,,,,Madrid,EE,married,3,cdd,Employer 20,2119.00,863.00,tenant,excellent,A,active,,2026-05-30 13:40:16.08259+00,2026-05-30 13:40:16.08259+00,,89,,false,,,,false
e67ae615-33fb-48fe-b9f3-4fbfcdc7b106,CLI-0298,Maria,Tamm,maria.tamm297@example.com,+372 51010989,1970-10-07,,,,Tartu,FR,married,1,cdi,Employer 30,4218.00,2445.67,owner,good,B,active,,2026-05-30 13:40:16.08259+00,2026-05-30 13:40:16.08259+00,,77,,false,,,,false
e695e8cd-e455-4a38-ac5a-1ddd63486ecd,CLI-1023,Nathan,Sokk,nathan.sokk1022@example.com,+372 51037814,1980-08-23,,,,Narva,FR,single,2,retired,Employer 12,2491.00,1269.11,owner,good,A,active,,2026-05-30 13:40:16.416366+00,2026-05-30 13:40:16.416366+00,,94,,false,,,,false
e6980f46-ff7c-42cc-a1e7-c854cf136bc9,CLI-0497,Sarah,Parn,sarah.parn496@example.com,+372 51018352,1990-02-12,,,,Parnu,EE,married,1,retired,Employer 2,2423.00,975.42,tenant,good,A,active,,2026-05-30 13:40:16.08259+00,2026-05-30 13:40:16.08259+00,,99,,false,,,,false
e70bd303-df6b-4159-acc5-a197944542eb,CLI-0414,Nathan,Saar,nathan.saar413@example.com,+372 51015281,1991-10-01,,,,Paris,EE,single,2,cdi,Employer 37,2774.00,1357.94,tenant,good,A,active,,2026-05-30 13:40:16.08259+00,2026-05-30 13:40:16.08259+00,,81,,false,,,,false
e71b3375-e6e0-4884-9ad1-bcdbda5d21b4,CLI-1102,Manon,Toom,manon.toom1101@example.com,+372 51040737,1981-09-14,,,,Geneve,FR,single,2,unemployed,Employer 5,5140.00,2510.20,tenant,good,A,active,,2026-05-30 13:40:16.416366+00,2026-05-30 13:40:16.416366+00,,87,,false,,,,false
e75b292c-c8e5-430a-a778-b2ef1d738edc,CLI-0884,Mehdi,Ivanov,mehdi.ivanov883@example.com,+372 51032671,1972-05-03,,,,Tartu,EE,single,3,retired,Employer 20,3166.00,1705.44,hosted,mixed,C,active,,2026-05-30 13:40:16.308826+00,2026-05-30 13:40:16.308826+00,,46,,false,,,,false
e75b8450-c7ff-457a-8d48-d11220ad5624,CLI-0978,Lucas,Lemoine,lucas.lemoine977@example.com,+372 51036149,1990-10-07,,,,Bruxelles,EE,single,2,freelance,Employer 14,3547.00,1392.08,tenant,excellent,A,active,,2026-05-30 13:40:16.308826+00,2026-05-30 13:40:16.308826+00,,98,,false,,,,false
e7808c90-c94e-44dc-9738-377e7f17bc53,CLI-0529,Sophie,Lemoine,sophie.lemoine528@example.com,+372 51019536,1975-08-04,,,,Madrid,EE,single,1,unemployed,Employer 34,2885.00,1342.26,tenant,excellent,A,active,,2026-05-30 13:40:16.308826+00,2026-05-30 13:40:16.308826+00,,93,,false,,,,false
e789f74a-5bbf-4b9d-a5b6-b7be49d335df,CLI-0025,Nathan,Rebane,nathan.rebane24@example.com,+372 51000888,1972-02-22,,,,Tartu,EE,married,0,cdi,Employer 16,5171.00,2941.43,hosted,good,B,active,,2026-05-30 13:40:16.08259+00,2026-05-30 13:40:16.08259+00,,71,,false,,,,false
e7b08d3e-8a2b-495e-a0d3-5da6c96995ee,CLI-1169,Mehdi,Koppel,mehdi.koppel1168@example.com,+372 51043216,1999-03-03,,,,Lyon,FR,single,3,freelance,Employer 30,4596.00,2225.25,hosted,mixed,B,active,,2026-05-30 13:40:16.416366+00,2026-05-30 13:40:16.416366+00,,67,,false,,,,false
e7b15382-07a7-4cf9-8de4-5bfe614a70d4,CLI-0625,Antoine,Raud,antoine.raud624@example.com,+372 51023088,1990-09-26,,,,Lyon,EE,single,0,cdd,Employer 38,2694.00,1383.47,owner,good,B,active,,2026-05-30 13:40:16.308826+00,2026-05-30 13:40:16.308826+00,,71,,false,,,,false
e7ce9217-23fa-4e2c-b99e-bf9d4282be5b,CLI-0597,Antoine,Petit,antoine.petit596@example.com,+372 51022052,1999-11-04,,,,Geneve,EE,single,1,student,Employer 24,3080.00,1689.64,tenant,incidents,C,active,,2026-05-30 13:40:16.308826+00,2026-05-30 13:40:16.308826+00,,54,,false,,,,false
e7d7f8c9-ec1a-4d9b-bbd2-944ff9ee77ed,CLI-0503,Dimitri,Koppel,dimitri.koppel502@example.com,+372 51018574,1987-06-05,,,,Parnu,EE,single,0,freelance,Employer 14,3530.00,1785.37,owner,excellent,A,active,,2026-05-30 13:40:16.308826+00,2026-05-30 13:40:16.308826+00,,87,,false,,,,false
e7da8de8-e2c4-401b-b4db-22cb3b0306ee,CLI-0172,Liis,Laine,liis.laine171@example.com,+372 51006327,1998-08-13,,,,Parnu,EE,single,0,student,Employer 2,1791.00,1051.98,tenant,incidents,D,active,,2026-05-30 13:40:16.08259+00,2026-05-30 13:40:16.08259+00,,21,,false,,,,false
e7f69354-7bab-4174-82f7-a90a576b532c,CLI-0457,Nathan,Saar,nathan.saar456@example.com,+372 51016872,1998-07-26,,,,Bruxelles,EE,married,2,cdd,Employer 23,1751.00,634.36,tenant,good,A,active,,2026-05-30 13:40:16.08259+00,2026-05-30 13:40:16.08259+00,,84,,false,,,,false
e826bd77-7600-4ed8-80c3-fd169f1ab5a2,CLI-0665,Sophie,Magi,sophie.magi664@example.com,+372 51024568,1966-01-09,,,,Helsinki,EE,married,0,cdd,Employer 15,4857.00,1823.27,owner,good,B,active,,2026-05-30 13:40:16.308826+00,2026-05-30 13:40:16.308826+00,,69,,false,,,,false
e8289bb5-26df-487e-aebf-952cd3d66324,CLI-0938,Romain,Lemoine,romain.lemoine937@example.com,+372 51034669,1978-06-23,,,,Tallinn,FR,single,2,cdi,Employer 18,3047.00,1643.07,owner,mixed,C,active,,2026-05-30 13:40:16.308826+00,2026-05-30 13:40:16.308826+00,,62,,false,,,,false
e8320865-cfb1-4978-a216-0776e7392c89,CLI-1000,Sophie,Saar,sophie.saar999@example.com,+372 51036963,1969-05-09,,,,Geneve,EE,single,0,cdi,Employer 30,2592.00,1482.83,hosted,mixed,B,active,,2026-05-30 13:40:16.308826+00,2026-05-30 13:40:16.308826+00,,74,,false,,,,false
e8f4cf51-6ac3-4dae-b25a-59d2f082f30b,CLI-0387,Lucas,Muller,lucas.muller386@example.com,+372 51014282,1973-10-24,,,,Lyon,FR,married,1,retired,Employer 1,3817.00,2094.70,tenant,good,B,active,,2026-05-30 13:40:16.08259+00,2026-05-30 13:40:16.08259+00,,76,,false,,,,false
e90a370e-8ee0-4af1-b6ac-322d39e00566,CLI-0828,Karl,Dubois,karl.dubois827@example.com,+372 51030599,2001-08-01,,,,Paris,EE,single,2,cdi,Employer 18,2237.00,916.33,tenant,mixed,B,active,,2026-05-30 13:40:16.308826+00,2026-05-30 13:40:16.308826+00,,76,,false,,,,false
e92d1578-d2bc-4f0e-8064-6393ed66bc9c,CLI-0109,Mart,Tamm,mart.tamm108@example.com,+372 51003996,1970-11-27,,,,Madrid,EE,single,0,unemployed,Employer 24,3600.00,1312.96,tenant,good,A,active,,2026-05-30 13:40:16.08259+00,2026-05-30 13:40:16.08259+00,,98,,false,,,,false
e95cc61e-df05-4dce-9dd0-3a9c322930d8,CLI-0092,Emma,Laine,emma.laine91@example.com,+372 51003367,1975-06-09,,,,Tallinn,FR,single,0,student,Employer 13,4851.00,1701.58,owner,good,A,active,,2026-05-30 13:40:16.08259+00,2026-05-30 13:40:16.08259+00,,84,,false,,,,false
e96d4ec8-bafa-48b0-9972-f2a1f8605b9d,CLI-0511,Ines,Koppel,ines.koppel510@example.com,+372 51018870,1967-12-27,,,,Narva,FR,married,1,cdd,Employer 26,4242.00,2103.97,tenant,excellent,A,active,,2026-05-30 13:40:16.308826+00,2026-05-30 13:40:16.308826+00,,80,,false,,,,false
e992b588-627f-438b-9c37-f8692699c87b,CLI-0718,Emma,Oja,emma.oja717@example.com,+372 51026529,1975-02-12,,,,Lyon,EE,single,3,freelance,Employer 21,2154.00,989.68,tenant,good,B,active,,2026-05-30 13:40:16.308826+00,2026-05-30 13:40:16.308826+00,,73,,false,,,,false
e9957c75-07b2-4ec8-926f-c19a75780a5d,CLI-0650,Maxime,Lopez,maxime.lopez649@example.com,+372 51024013,1969-05-23,,,,Geneve,EE,single,1,freelance,Employer 3,3817.00,2119.69,tenant,incidents,D,active,,2026-05-30 13:40:16.308826+00,2026-05-30 13:40:16.308826+00,,29,,false,,,,false
ea564c1c-ee10-4cec-98b2-96d74d0c941d,CLI-0635,Yann,Rebane,yann.rebane634@example.com,+372 51023458,1991-10-25,,,,Madrid,EE,married,0,cdi,Employer 26,5048.00,2168.34,tenant,good,B,active,,2026-05-30 13:40:16.308826+00,2026-05-30 13:40:16.308826+00,,70,,false,,,,false
ea634e24-ba58-4787-b13a-7ef4d878d86a,CLI-0950,Sophie,Mets,sophie.mets949@example.com,+372 51035113,1990-09-25,,,,Parnu,EE,married,1,student,Employer 37,5084.00,2942.30,tenant,good,A,active,,2026-05-30 13:40:16.308826+00,2026-05-30 13:40:16.308826+00,,93,,false,,,,false
ea6747e1-83ce-49ee-a88a-c5140b52c8cd,CLI-0331,Nathan,Garcia,nathan.garcia330@example.com,+372 51012210,1997-12-16,,,,Helsinki,EE,single,0,freelance,Employer 22,5100.00,1821.40,tenant,excellent,A,active,,2026-05-30 13:40:16.08259+00,2026-05-30 13:40:16.08259+00,,89,,false,,,,false
eaa11b09-d386-4393-8055-faf0292bdc50,CLI-0189,Maxime,Muller,maxime.muller188@example.com,+372 51006956,1970-04-15,,,,Tallinn,EE,married,1,cdd,Employer 10,3470.00,1415.28,tenant,excellent,A,active,,2026-05-30 13:40:16.08259+00,2026-05-30 13:40:16.08259+00,,87,,false,,,,false
eac5aa5b-d1b1-4607-ab2c-d30c4d03476d,CLI-0715,Laura,Parn,laura.parn714@example.com,+372 51026418,1975-02-16,,,,Lyon,FR,married,0,cdd,Employer 34,1104.00,504.70,tenant,mixed,B,active,,2026-05-30 13:40:16.308826+00,2026-05-30 13:40:16.308826+00,,69,,false,,,,false
eacbea8c-f789-4257-b0fb-37389e77e030,CLI-0324,Emma,Susi,emma.susi323@example.com,+372 51011951,1975-05-08,,,,Narva,EE,married,2,unemployed,Employer 22,4634.00,2291.32,tenant,excellent,A,active,,2026-05-30 13:40:16.08259+00,2026-05-30 13:40:16.08259+00,,86,,false,,,,false
ead2506b-ad02-448f-af5a-6fd554998597,CLI-1001,Lucas,Oja,lucas.oja1000@example.com,+372 51037000,1967-10-17,,,,Narva,EE,married,2,cdi,Employer 40,1673.00,961.58,tenant,good,A,active,,2026-05-30 13:40:16.416366+00,2026-05-30 13:40:16.416366+00,,95,,false,,,,false
ead9cd04-4458-4da9-8462-2e0df2198670,CLI-0217,Piret,Laine,piret.laine216@example.com,+372 51007992,1979-05-11,,,,Tallinn,FR,single,2,freelance,Employer 2,5164.00,2207.32,tenant,good,A,active,,2026-05-30 13:40:16.08259+00,2026-05-30 13:40:16.08259+00,,81,,false,,,,false
eb733bd8-fe1b-4c3b-ab44-46c4cfde0c69,CLI-0997,Camille,Parn,camille.parn996@example.com,+372 51036852,1995-10-16,,,,Bruxelles,EE,single,0,cdi,Employer 25,2638.00,1076.64,hosted,good,B,active,,2026-05-30 13:40:16.308826+00,2026-05-30 13:40:16.308826+00,,73,,false,,,,false
eb82eb74-21b2-479d-847a-51cdc249d360,CLI-0918,Julien,Sepp,julien.sepp917@example.com,+372 51033929,1994-12-12,,,,Tartu,FR,single,3,cdi,Employer 23,4045.00,1711.48,owner,excellent,A,active,,2026-05-30 13:40:16.308826+00,2026-05-30 13:40:16.308826+00,,91,,false,,,,false
eb863dfa-3c5c-426a-936b-20d0536c5d37,CLI-0114,Camille,Petit,camille.petit113@example.com,+372 51004181,1969-11-23,,,,Lyon,FR,single,1,cdd,Employer 17,3797.00,1727.97,tenant,excellent,A,active,,2026-05-30 13:40:16.08259+00,2026-05-30 13:40:16.08259+00,,85,,false,,,,false
ebc35a3d-6d15-46fe-8e70-17a860640a4d,CLI-0296,Antoine,Ivanov,antoine.ivanov295@example.com,+372 51010915,1980-01-19,,,,Narva,EE,single,0,cdi,Employer 21,5172.00,2738.69,hosted,incidents,C,active,,2026-05-30 13:40:16.08259+00,2026-05-30 13:40:16.08259+00,,64,,false,,,,false
ec3660c9-4530-49ef-9419-54d4734b8b0d,CLI-0445,Kadri,Kallas,kadri.kallas444@example.com,+372 51016428,1980-01-27,,,,Tallinn,EE,single,2,cdi,Employer 8,4835.00,2408.70,hosted,incidents,D,active,,2026-05-30 13:40:16.08259+00,2026-05-30 13:40:16.08259+00,,23,,false,,,,false
ec87818c-fe35-4576-84b2-49ab349140f6,CLI-0910,Dimitri,Oja,dimitri.oja909@example.com,+372 51033633,1965-03-12,,,,Paris,EE,married,2,cdi,Employer 20,1617.00,625.81,tenant,good,B,active,,2026-05-30 13:40:16.308826+00,2026-05-30 13:40:16.308826+00,,69,,false,,,,false
eca8bcc4-1b36-475c-9598-f492ad9a0567,CLI-0412,Eva,Laine,eva.laine411@example.com,+372 51015207,1987-09-11,,,,Bruxelles,EE,married,2,cdd,Employer 3,1807.00,781.12,hosted,good,B,active,,2026-05-30 13:40:16.08259+00,2026-05-30 13:40:16.08259+00,,70,,false,,,,false
ecd0c1d7-0ec8-424d-8f88-0f1768d9b2f4,CLI-0260,Camille,Kask,camille.kask259@example.com,+372 51009583,1969-06-09,,,,Bruxelles,FR,single,2,cdd,Employer 13,4855.00,2391.39,tenant,good,B,active,,2026-05-30 13:40:16.08259+00,2026-05-30 13:40:16.08259+00,,69,,false,,,,false
ece5c152-1573-40cf-b54e-abf8b0cc1b7e,CLI-0465,Camille,Roussel,camille.roussel464@example.com,+372 51017168,1977-03-26,,,,Parnu,FR,single,3,cdd,Employer 21,4568.00,1997.33,tenant,good,A,active,,2026-05-30 13:40:16.08259+00,2026-05-30 13:40:16.08259+00,,93,,false,,,,false
ed10d36e-2e9f-4376-85dc-f5c2f3f6fd95,CLI-0052,Emma,Roussel,emma.roussel51@example.com,+372 51001887,1998-01-23,,,,Geneve,EE,married,0,cdi,Employer 39,3962.00,1605.85,hosted,excellent,A,active,,2026-05-30 13:40:16.08259+00,2026-05-30 13:40:16.08259+00,,92,,false,,,,false
ed36d844-0114-485a-923a-1f425f131cf8,CLI-0559,Marie,Rebane,marie.rebane558@example.com,+372 51020646,1965-08-03,,,,Madrid,EE,married,0,cdi,Employer 25,2093.00,1196.44,tenant,good,A,active,,2026-05-30 13:40:16.308826+00,2026-05-30 13:40:16.308826+00,,82,,false,,,,false
ed38f2a2-0a85-4509-a0c8-fea5d456503f,CLI-1367,Sarah,Robert,sarah.robert1366@example.com,+372 51050542,1997-03-04,,,,Bruxelles,EE,married,0,cdi,Employer 29,2625.00,1225.31,owner,mixed,B,active,,2026-05-30 13:40:16.416366+00,2026-05-30 13:40:16.416366+00,,73,,false,,,,false
ed49f3ca-1f49-47ea-861e-6ace879cb675,CLI-0920,Kristjan,Susi,kristjan.susi919@example.com,+372 51034003,1965-08-27,,,,Narva,EE,married,1,retired,Employer 5,2110.00,1114.28,tenant,good,B,active,,2026-05-30 13:40:16.308826+00,2026-05-30 13:40:16.308826+00,,68,,false,,,,false
ed760f71-a958-4a7a-a2dd-7b6cc858a3d1,CLI-0854,Thomas,Saar,thomas.saar853@example.com,+372 51031561,1968-11-24,,,,Paris,FR,married,2,cdd,Employer 1,4970.00,2086.29,tenant,good,A,active,,2026-05-30 13:40:16.308826+00,2026-05-30 13:40:16.308826+00,,90,,false,,,,false
ed78ec61-b6f0-4d49-9ce2-0062da1757a4,CLI-0795,Dimitri,Nguyen,dimitri.nguyen794@example.com,+372 51029378,1989-06-18,,,,Parnu,EE,married,0,unemployed,Employer 36,1574.00,583.74,hosted,incidents,C,active,,2026-05-30 13:40:16.308826+00,2026-05-30 13:40:16.308826+00,,59,,false,,,,false
ed7ce77a-4a8a-43d3-a40c-aeeecc127c57,CLI-1328,Camille,Toom,camille.toom1327@example.com,+372 51049099,1966-06-23,,,,Lyon,FR,married,0,freelance,Employer 6,3971.00,1657.25,tenant,excellent,A,active,,2026-05-30 13:40:16.416366+00,2026-05-30 13:40:16.416366+00,,86,,false,,,,false
ed81e691-e5be-496e-9cb4-6904e86beb1b,CLI-0443,Manon,Mets,manon.mets442@example.com,+372 51016354,2001-01-28,,,,Bruxelles,EE,single,2,retired,Employer 31,2187.00,988.49,hosted,good,A,active,,2026-05-30 13:40:16.08259+00,2026-05-30 13:40:16.08259+00,,80,,false,,,,false
ede3fdc2-c41b-49e8-b2cc-846d00c603a9,CLI-1326,Dimitri,Kallas,dimitri.kallas1325@example.com,+372 51049025,1992-02-05,,,,Madrid,EE,single,0,cdd,Employer 24,3116.00,1571.38,hosted,good,A,active,,2026-05-30 13:40:16.416366+00,2026-05-30 13:40:16.416366+00,,81,,false,,,,false
ee758f1b-e53f-48fc-81f3-243913dfad2c,CLI-1355,Manon,Ivanov,manon.ivanov1354@example.com,+372 51050098,2002-04-06,,,,Parnu,EE,single,0,student,Employer 3,3524.00,2095.65,hosted,excellent,A,active,,2026-05-30 13:40:16.416366+00,2026-05-30 13:40:16.416366+00,,92,,false,,,,false
ee951d02-1978-401c-b08b-ff23bed052ee,CLI-1348,Anna,Petit,anna.petit1347@example.com,+372 51049839,1979-06-16,,,,Bruxelles,FR,single,2,cdi,Employer 25,2225.00,999.34,tenant,excellent,A,active,,2026-05-30 13:40:16.416366+00,2026-05-30 13:40:16.416366+00,,85,,false,,,,false
eeb2261f-10ad-4770-b88e-ce0ea97d7a42,CLI-0143,Andres,Sokk,andres.sokk142@example.com,+372 51005254,1969-06-15,,,,Geneve,EE,single,3,cdi,Employer 33,1860.00,787.27,tenant,incidents,D,active,,2026-05-30 13:40:16.08259+00,2026-05-30 13:40:16.08259+00,,32,,false,,,,false
eec39815-8da9-4e9d-a6cb-6f6d4d160eab,CLI-0820,Eva,Bernard,eva.bernard819@example.com,+372 51030303,1987-01-20,,,,Narva,EE,single,0,unemployed,Employer 18,1490.00,708.91,tenant,good,A,active,,2026-05-30 13:40:16.308826+00,2026-05-30 13:40:16.308826+00,,90,,false,,,,false
eed72f4f-b980-4277-9b0a-b4bc5b6235d5,CLI-0554,Marko,Kask,marko.kask553@example.com,+372 51020461,1995-07-11,,,,Tartu,EE,married,2,cdi,Employer 12,1992.00,1179.64,tenant,good,A,active,,2026-05-30 13:40:16.308826+00,2026-05-30 13:40:16.308826+00,,84,,false,,,,false
eeea551e-7f50-45e7-a3c6-37a250ce9c33,CLI-0906,Maxime,Aas,maxime.aas905@example.com,+372 51033485,1967-10-08,,,,Parnu,FR,married,1,cdd,Employer 37,3147.00,1440.86,tenant,incidents,C,active,,2026-05-30 13:40:16.308826+00,2026-05-30 13:40:16.308826+00,,51,,false,,,,false
ef1e5231-5b14-4568-8389-5218789c38e4,CLI-0357,Manon,Toom,manon.toom356@example.com,+372 51013172,1976-10-01,,,,Bruxelles,FR,single,1,student,Employer 27,1264.00,732.16,tenant,incidents,C,active,,2026-05-30 13:40:16.08259+00,2026-05-30 13:40:16.08259+00,,52,,false,,,,false
ef558691-1a4b-482e-b563-b396d6cf1ef7,CLI-0842,Clara,Rebane,clara.rebane841@example.com,+372 51031117,1980-09-10,,,,Madrid,FR,married,2,cdi,Employer 21,3806.00,1890.61,owner,excellent,A,active,,2026-05-30 13:40:16.308826+00,2026-05-30 13:40:16.308826+00,,90,,false,,,,false
ef634a99-d75f-48c7-88d0-236941381f99,CLI-0896,Eva,Koppel,eva.koppel895@example.com,+372 51033115,1978-09-14,,,,Tartu,EE,single,2,student,Employer 26,4005.00,1877.35,hosted,incidents,C,active,,2026-05-30 13:40:16.308826+00,2026-05-30 13:40:16.308826+00,,48,,false,,,,false
ef675527-5b61-47ea-a274-d3340b535346,CLI-0775,Mart,Mets,mart.mets774@example.com,+372 51028638,1999-08-19,,,,Bruxelles,FR,single,0,cdd,Employer 15,4679.00,2068.99,hosted,incidents,D,active,,2026-05-30 13:40:16.308826+00,2026-05-30 13:40:16.308826+00,,28,,false,,,,false
ef68e32e-fe2c-421c-bde8-1e8954e8ce20,CLI-0748,Maria,Ivanov,maria.ivanov747@example.com,+372 51027639,1976-06-23,,,,Bruxelles,EE,single,3,retired,Employer 34,4881.00,2246.03,owner,mixed,B,active,,2026-05-30 13:40:16.308826+00,2026-05-30 13:40:16.308826+00,,69,,false,,,,false
ef7360f2-4621-45fa-8794-ef23909859e9,CLI-0144,Kevin,Roussel,kevin.roussel143@example.com,+372 51005291,1988-10-01,,,,Narva,EE,single,2,cdi,Employer 8,4172.00,2114.54,tenant,excellent,A,active,,2026-05-30 13:40:16.08259+00,2026-05-30 13:40:16.08259+00,,87,,false,,,,false
efaa6ad9-1a3e-49d7-be04-1a165264efea,CLI-1052,Kristjan,Dubois,kristjan.dubois1051@example.com,+372 51038887,1984-11-26,,,,Madrid,FR,married,2,student,Employer 37,2322.00,891.48,tenant,incidents,D,active,,2026-05-30 13:40:16.416366+00,2026-05-30 13:40:16.416366+00,,32,,false,,,,false
efe4621e-5bf3-441f-b756-993abb76dca9,CLI-0317,Pauline,Kukk,pauline.kukk316@example.com,+372 51011692,1995-09-06,,,,Helsinki,EE,married,1,cdi,Employer 18,4442.00,1723.47,owner,excellent,A,active,,2026-05-30 13:40:16.08259+00,2026-05-30 13:40:16.08259+00,,82,,false,,,,false
eff4dc49-fd4e-4034-af1e-5d2c5f533f7a,CLI-0396,Tonu,Toom,tonu.toom395@example.com,+372 51014615,1984-04-05,,,,Lyon,EE,single,2,cdi,Employer 4,1893.00,913.47,owner,incidents,C,active,,2026-05-30 13:40:16.08259+00,2026-05-30 13:40:16.08259+00,,63,,false,,,,false
f00f2741-38bb-45a5-8b31-40f8904cafc5,CLI-1008,Kadri,Muller,kadri.muller1007@example.com,+372 51037259,1972-01-20,,,,Tallinn,EE,married,0,retired,Employer 11,3562.00,1703.42,hosted,good,A,active,,2026-05-30 13:40:16.416366+00,2026-05-30 13:40:16.416366+00,,82,,false,,,,false
f02c9edc-7c67-4421-b477-e49cee925adf,CLI-0107,Jaan,Sokk,jaan.sokk106@example.com,+372 51003922,1965-07-25,,,,Parnu,EE,married,1,freelance,Employer 17,2376.00,1310.50,owner,good,B,active,,2026-05-30 13:40:16.08259+00,2026-05-30 13:40:16.08259+00,,68,,false,,,,false
f077a645-db0f-4e5c-a29e-ccafe8ec8111,CLI-0996,Eva,Lepik,eva.lepik995@example.com,+372 51036815,1996-12-20,,,,Paris,FR,married,1,freelance,Employer 29,3845.00,1545.69,hosted,excellent,A,active,,2026-05-30 13:40:16.308826+00,2026-05-30 13:40:16.308826+00,,92,,false,,,,false
f112c690-a6d8-4e88-9a5a-0713bfdef655,CLI-0731,Marko,Oja,marko.oja730@example.com,+372 51027010,1975-02-12,,,,Lyon,EE,single,1,student,Employer 34,3683.00,1804.47,owner,mixed,B,active,,2026-05-30 13:40:16.308826+00,2026-05-30 13:40:16.308826+00,,77,,false,,,,false
f11deea9-4183-4fa0-9982-0f636610d488,CLI-0779,Chloe,Lepik,chloe.lepik778@example.com,+372 51028786,1995-02-22,,,,Parnu,FR,married,3,student,Employer 6,4805.00,1988.52,owner,good,A,active,,2026-05-30 13:40:16.308826+00,2026-05-30 13:40:16.308826+00,,83,,false,,,,false
f14a9f58-2b40-4e8b-9f64-ed9291bb7c7d,CLI-0725,Lea,Susi,lea.susi724@example.com,+372 51026788,1973-02-08,,,,Bruxelles,FR,single,3,cdd,Employer 28,1376.00,607.72,tenant,good,A,active,,2026-05-30 13:40:16.308826+00,2026-05-30 13:40:16.308826+00,,88,,false,,,,false
f14d9b00-79c2-4842-bdec-505115b8c760,CLI-0931,Alex,Roussel,alex.roussel930@example.com,+372 51034410,1975-04-14,,,,Bruxelles,EE,single,2,student,Employer 13,4796.00,2130.92,tenant,mixed,B,active,,2026-05-30 13:40:16.308826+00,2026-05-30 13:40:16.308826+00,,65,,false,,,,false
f156dac7-3214-493c-b463-51a5f965be3c,CLI-1357,Nathan,Bernard,nathan.bernard1356@example.com,+372 51050172,2004-06-03,,,,Tartu,FR,married,2,cdd,Employer 29,3311.00,1827.48,hosted,good,B,active,,2026-05-30 13:40:16.416366+00,2026-05-30 13:40:16.416366+00,,69,,false,,,,false
f198e4be-ec01-4089-8746-cdb617a4cf4a,CLI-0124,Sarah,Lepik,sarah.lepik123@example.com,+372 51004551,1972-01-13,,,,Narva,EE,married,3,retired,Employer 10,1309.00,604.75,tenant,excellent,A,active,,2026-05-30 13:40:16.08259+00,2026-05-30 13:40:16.08259+00,,96,,false,,,,false
f218c26b-f711-4e54-8537-37a22df40560,CLI-0815,Maxime,Muller,maxime.muller814@example.com,+372 51030118,1995-02-27,,,,Geneve,EE,single,1,student,Employer 26,5068.00,2478.27,owner,mixed,B,active,,2026-05-30 13:40:16.308826+00,2026-05-30 13:40:16.308826+00,,65,,false,,,,false
f237ebbe-9409-4401-81cb-8590b5225277,CLI-1115,Ines,Parn,ines.parn1114@example.com,+372 51041218,1980-03-19,,,,Parnu,EE,single,0,freelance,Employer 19,3206.00,1756.98,tenant,incidents,C,active,,2026-05-30 13:40:16.416366+00,2026-05-30 13:40:16.416366+00,,53,,false,,,,false
f29aff10-c34c-4c05-9f78-0ecbdc3e9eca,CLI-0633,Ines,Org,ines.org632@example.com,+372 51023384,1995-06-14,,,,Madrid,EE,single,0,cdi,Employer 5,4618.00,2237.70,tenant,good,A,active,,2026-05-30 13:40:16.308826+00,2026-05-30 13:40:16.308826+00,,95,,false,,,,false
f2efea7b-05e2-4fb1-927a-d6254fe7f0db,CLI-1302,Andres,Ivanov,andres.ivanov1301@example.com,+372 51048137,1990-10-27,,,,Narva,EE,single,2,cdi,Employer 18,4717.00,2614.88,owner,incidents,D,active,,2026-05-30 13:40:16.416366+00,2026-05-30 13:40:16.416366+00,,44,,false,,,,false
f34e7f32-ea86-4959-90bd-09dc67ed19e5,CLI-0065,Liis,Tamm,liis.tamm64@example.com,+372 51002368,1995-04-11,,,,Geneve,EE,single,3,cdd,Employer 9,3935.00,2278.99,owner,mixed,C,active,,2026-05-30 13:40:16.08259+00,2026-05-30 13:40:16.08259+00,,50,,false,,,,false
f38f4626-a609-4151-9fd1-4c40efb8b59c,CLI-0464,Alex,Ivanov,alex.ivanov463@example.com,+372 51017131,1998-01-10,,,,Paris,EE,single,3,freelance,Employer 5,2155.00,1107.96,owner,mixed,B,active,,2026-05-30 13:40:16.08259+00,2026-05-30 13:40:16.08259+00,,76,,false,,,,false
f3ee6c69-e622-45c8-8064-199814b7fd75,CLI-1021,Lea,Bernard,lea.bernard1020@example.com,+372 51037740,1994-12-18,,,,Narva,FR,single,0,cdi,Employer 13,1494.00,605.35,tenant,mixed,B,active,,2026-05-30 13:40:16.416366+00,2026-05-30 13:40:16.416366+00,,69,,false,,,,false
f41eeb80-82dd-495a-9dac-a365ec4fc39a,CLI-0618,Laura,Lepik,laura.lepik617@example.com,+372 51022829,1996-06-05,,,,Lyon,EE,married,1,cdd,Employer 6,4951.00,2541.63,tenant,mixed,C,active,,2026-05-30 13:40:16.308826+00,2026-05-30 13:40:16.308826+00,,57,,false,,,,false
f421966a-e762-4461-a3b5-1fdf6570f6ea,CLI-0696,Sophie,Toom,sophie.toom695@example.com,+372 51025715,2003-01-08,,,,Tartu,EE,married,3,cdd,Employer 25,1608.00,607.05,owner,excellent,A,active,,2026-05-30 13:40:16.308826+00,2026-05-30 13:40:16.308826+00,,93,,false,,,,false
f434d09d-14d4-4321-a5d5-7f189046002f,CLI-0033,Eva,Toom,eva.toom32@example.com,+372 51001184,1985-04-08,,,,Bruxelles,EE,married,1,cdd,Employer 3,3529.00,1307.37,hosted,good,B,active,,2026-05-30 13:40:16.08259+00,2026-05-30 13:40:16.08259+00,,68,,false,,,,false
f4399f24-a371-4b58-a237-fd68329d89e9,CLI-0547,Mehdi,Aas,mehdi.aas546@example.com,+372 51020202,2002-12-05,,,,Lyon,EE,single,1,cdi,Employer 17,2245.00,975.27,tenant,excellent,A,active,,2026-05-30 13:40:16.308826+00,2026-05-30 13:40:16.308826+00,,84,,false,,,,false
f47e8512-45a7-4d2b-8b75-f9148d0ebe0f,CLI-0254,Anna,Garcia,anna.garcia253@example.com,+372 51009361,1989-04-26,,,,Paris,EE,married,3,cdi,Employer 37,4683.00,2606.61,hosted,good,A,active,,2026-05-30 13:40:16.08259+00,2026-05-30 13:40:16.08259+00,,97,,false,,,,false
f49c7283-6ce0-4499-af37-cd3cad00dd56,CLI-1132,Camille,Kangro,camille.kangro1131@example.com,+372 51041847,2003-05-12,,,,Paris,EE,single,3,cdd,Employer 8,3198.00,1141.11,tenant,good,B,active,,2026-05-30 13:40:16.416366+00,2026-05-30 13:40:16.416366+00,,68,,false,,,,false
f4a28dc7-bd61-44dd-918c-adacee223d1c,CLI-0469,Kevin,Toom,kevin.toom468@example.com,+372 51017316,1978-09-14,,,,Bruxelles,FR,married,2,cdi,Employer 36,5146.00,1993.02,tenant,excellent,A,active,,2026-05-30 13:40:16.08259+00,2026-05-30 13:40:16.08259+00,,91,,false,,,,false
f4b12a49-e071-4be1-a761-ad63dbf6817a,CLI-1154,Anna,Saar,anna.saar1153@example.com,+372 51042661,1975-10-02,,,,Narva,FR,married,3,cdi,Employer 18,2697.00,1456.13,tenant,incidents,C,active,,2026-05-30 13:40:16.416366+00,2026-05-30 13:40:16.416366+00,,58,,false,,,,false
f514d80b-6651-4421-ba0e-c9f46aeebc66,CLI-0271,Sophie,Kangro,sophie.kangro270@example.com,+372 51009990,1992-10-11,,,,Madrid,EE,married,3,cdi,Employer 28,1467.00,650.33,tenant,mixed,B,active,,2026-05-30 13:40:16.08259+00,2026-05-30 13:40:16.08259+00,,72,,false,,,,false
f519d5ee-3f7f-49b9-9de9-75bcfc1861a1,CLI-0341,Kristjan,Koppel,kristjan.koppel340@example.com,+372 51012580,1979-08-25,,,,Geneve,FR,married,0,freelance,Employer 33,4505.00,1722.89,hosted,excellent,A,active,,2026-05-30 13:40:16.08259+00,2026-05-30 13:40:16.08259+00,,95,,false,,,,false
f54ae7ed-4b33-4118-a558-83ce093257e2,CLI-0073,Antoine,Robert,antoine.robert72@example.com,+372 51002664,1993-05-18,,,,Madrid,EE,married,0,cdi,Employer 11,3313.00,1815.24,tenant,mixed,B,active,,2026-05-30 13:40:16.08259+00,2026-05-30 13:40:16.08259+00,,73,,false,,,,false
f555bc0f-b068-4825-8465-979dd84abb66,CLI-0802,Liis,Robert,liis.robert801@example.com,+372 51029637,1987-07-12,,,,Tallinn,EE,single,0,unemployed,Employer 24,3556.00,1293.62,hosted,incidents,C,active,,2026-05-30 13:40:16.308826+00,2026-05-30 13:40:16.308826+00,,49,,false,,,,false
f55e1df7-3709-4795-974d-863c8399bb79,CLI-0594,Thomas,Tamm,thomas.tamm593@example.com,+372 51021941,1997-09-25,,,,Tartu,FR,married,0,cdi,Employer 12,2435.00,1313.73,hosted,good,B,active,,2026-05-30 13:40:16.308826+00,2026-05-30 13:40:16.308826+00,,79,,false,,,,false
f57a03c0-4e44-4ccd-88c3-6e227f1e75f5,CLI-0598,Ines,Sepp,ines.sepp597@example.com,+372 51022089,1998-10-14,,,,Narva,EE,single,0,cdi,Employer 7,2363.00,1363.73,hosted,excellent,A,active,,2026-05-30 13:40:16.308826+00,2026-05-30 13:40:16.308826+00,,83,,false,,,,false
f5c4f8eb-4881-4bc9-8316-9ef57daa2f68,CLI-0788,Pauline,Kangro,pauline.kangro787@example.com,+372 51029119,1983-12-09,,,,Madrid,EE,single,0,student,Employer 10,2892.00,1508.95,owner,good,B,active,,2026-05-30 13:40:16.308826+00,2026-05-30 13:40:16.308826+00,,67,,false,,,,false
f5fbfb13-b376-4959-9698-3f31d13ea182,CLI-1069,Lea,Robert,lea.robert1068@example.com,+372 51039516,1983-09-18,,,,Madrid,EE,married,1,student,Employer 4,2536.00,1403.94,hosted,good,A,active,,2026-05-30 13:40:16.416366+00,2026-05-30 13:40:16.416366+00,,85,,false,,,,false
f5fe4034-1125-4a99-8517-ef45f7f464a3,CLI-0017,Yann,Sepp,yann.sepp16@example.com,+372 51000592,1968-02-17,,,,Tallinn,EE,single,1,cdi,Employer 25,1281.00,516.44,owner,incidents,C,active,,2026-05-30 13:40:16.08259+00,2026-05-30 13:40:16.08259+00,,57,,false,,,,false
f61b1a5d-3883-4abf-9a72-ae04264e7c83,CLI-0786,Marko,Saar,marko.saar785@example.com,+372 51029045,1990-12-14,,,,Narva,EE,single,0,cdi,Employer 32,1465.00,630.46,owner,mixed,C,active,,2026-05-30 13:40:16.308826+00,2026-05-30 13:40:16.308826+00,,58,,false,,,,false
f62a9ae8-207a-4444-9f55-927ef5f2241d,CLI-0542,Sarah,Kask,sarah.kask541@example.com,+372 51020017,1987-12-24,,,,Geneve,EE,married,1,freelance,Employer 34,3735.00,1572.60,tenant,good,A,active,,2026-05-30 13:40:16.308826+00,2026-05-30 13:40:16.308826+00,,95,,false,,,,false
f69b235f-298d-4781-93b2-1c88073ae117,CLI-0679,Kristjan,Sepp,kristjan.sepp678@example.com,+372 51025086,1988-04-18,,,,Tartu,EE,married,3,unemployed,Employer 23,2017.00,929.18,tenant,incidents,C,active,,2026-05-30 13:40:16.308826+00,2026-05-30 13:40:16.308826+00,,53,,false,,,,false
f69b6f2f-c6b2-4b3d-bed0-4a79bf64d9e1,CLI-0487,Ines,Roussel,ines.roussel486@example.com,+372 51017982,1973-01-16,,,,Narva,EE,single,2,cdd,Employer 10,2127.00,1197.58,hosted,good,A,active,,2026-05-30 13:40:16.08259+00,2026-05-30 13:40:16.08259+00,,84,,false,,,,false
f6bfb1f1-f0f5-40b6-83b1-c13266b7ef7f,CLI-1163,Marko,Kangro,marko.kangro1162@example.com,+372 51042994,1990-10-16,,,,Madrid,FR,married,1,cdd,Employer 34,4317.00,2220.70,owner,good,A,active,,2026-05-30 13:40:16.416366+00,2026-05-30 13:40:16.416366+00,,92,,false,,,,false
f7159a28-5cb9-4619-b57e-eb9d368a7383,CLI-0790,Ines,Vaher,ines.vaher789@example.com,+372 51029193,1972-04-05,,,,Paris,EE,married,0,freelance,Employer 2,1162.00,500.37,owner,excellent,A,active,,2026-05-30 13:40:16.308826+00,2026-05-30 13:40:16.308826+00,,92,,false,,,,false
f76de6a9-1c96-4f21-9bcc-17952d733d9b,CLI-0496,Thomas,Tamm,thomas.tamm495@example.com,+372 51018315,2001-08-01,,,,Parnu,EE,single,2,unemployed,Employer 16,2911.00,1692.70,tenant,good,A,active,,2026-05-30 13:40:16.08259+00,2026-05-30 13:40:16.08259+00,,95,,false,,,,false
f7bff10a-4664-4d99-a5e6-85717df27820,CLI-1306,Kevin,Saar,kevin.saar1305@example.com,+372 51048285,1997-02-14,,,,Narva,EE,single,2,unemployed,Employer 3,2869.00,1077.31,owner,mixed,C,active,,2026-05-30 13:40:16.416366+00,2026-05-30 13:40:16.416366+00,,49,,false,,,,false
f7c0863f-309c-4001-bf2c-e145238d59b2,CLI-0926,Lea,Rebane,lea.rebane925@example.com,+372 51034225,1971-01-03,,,,Paris,FR,single,3,unemployed,Employer 23,1967.00,812.45,hosted,good,A,active,,2026-05-30 13:40:16.308826+00,2026-05-30 13:40:16.308826+00,,90,,false,,,,false
f7e24663-b4d1-4ba0-ab28-a7dd78a47599,CLI-0326,Dimitri,Kask,dimitri.kask325@example.com,+372 51012025,1999-06-18,,,,Lyon,EE,married,3,unemployed,Employer 39,2249.00,1261.00,hosted,mixed,B,active,,2026-05-30 13:40:16.08259+00,2026-05-30 13:40:16.08259+00,,73,,false,,,,false
f7f851ad-5d69-49fb-8004-ed9d0b3be90c,CLI-0596,Karl,Kallas,karl.kallas595@example.com,+372 51022015,2000-05-18,,,,Lyon,EE,single,0,unemployed,Employer 7,2031.00,909.81,tenant,excellent,A,active,,2026-05-30 13:40:16.308826+00,2026-05-30 13:40:16.308826+00,,83,,false,,,,false
f86e8ea1-9ee4-46c3-bdaf-e7b8e6a05e3f,CLI-0727,Chloe,Lopez,chloe.lopez726@example.com,+372 51026862,1976-04-06,,,,Geneve,EE,single,3,unemployed,Employer 4,4733.00,2195.62,owner,good,A,active,,2026-05-30 13:40:16.308826+00,2026-05-30 13:40:16.308826+00,,99,,false,,,,false
f88d650f-24d9-410f-a7a1-1cdcbfe89143,CLI-0797,Camille,Magi,camille.magi796@example.com,+372 51029452,1980-05-04,,,,Parnu,FR,single,3,student,Employer 19,2403.00,889.55,hosted,good,B,active,,2026-05-30 13:40:16.308826+00,2026-05-30 13:40:16.308826+00,,71,,false,,,,false
f892a8a8-55cc-40e0-bb9c-397cd6bed1da,CLI-0514,Anna,Roussel,anna.roussel513@example.com,+372 51018981,2000-11-18,,,,Narva,EE,married,3,retired,Employer 16,3561.00,1772.38,tenant,mixed,C,active,,2026-05-30 13:40:16.308826+00,2026-05-30 13:40:16.308826+00,,54,,false,,,,false
f8ad38ed-7ea1-4b5a-9e22-aefcb1012bee,CLI-1319,Yann,Lemoine,yann.lemoine1318@example.com,+372 51048766,1975-12-12,,,,Tartu,EE,single,1,cdi,Employer 23,1278.00,585.64,tenant,incidents,D,active,,2026-05-30 13:40:16.416366+00,2026-05-30 13:40:16.416366+00,,42,,false,,,,false
f908e6ae-fe7d-4233-beae-035a0286910b,CLI-1339,Kevin,Susi,kevin.susi1338@example.com,+372 51049506,1979-11-05,,,,Geneve,FR,married,0,retired,Employer 33,1893.00,670.04,tenant,excellent,A,active,,2026-05-30 13:40:16.416366+00,2026-05-30 13:40:16.416366+00,,80,,false,,,,false
f91910b4-6847-4dfc-864c-f293997b1bc9,CLI-1220,Pauline,Petit,pauline.petit1219@example.com,+372 51045103,1989-03-26,,,,Lyon,EE,married,2,unemployed,Employer 38,4918.00,2852.25,owner,good,A,active,,2026-05-30 13:40:16.416366+00,2026-05-30 13:40:16.416366+00,,89,,false,,,,false
f91fe4cb-4ef6-46fc-aa46-21a9e68d7b33,CLI-0600,Hugo,Rebane,hugo.rebane599@example.com,+372 51022163,1983-07-13,,,,Lyon,EE,married,3,student,Employer 11,3907.00,1546.70,tenant,incidents,D,active,,2026-05-30 13:40:16.308826+00,2026-05-30 13:40:16.308826+00,,20,,false,,,,false
f93ad892-7726-498b-9d5c-2978fcefc8f4,CLI-0569,Mehdi,Petit,mehdi.petit568@example.com,+372 51021016,1981-09-05,,,,Tallinn,EE,single,1,retired,Employer 13,4425.00,2302.24,tenant,mixed,B,active,,2026-05-30 13:40:16.308826+00,2026-05-30 13:40:16.308826+00,,73,,false,,,,false
f9496119-d02d-4479-91c1-ca1007f6202d,CLI-0050,Lucas,Aas,lucas.aas49@example.com,+372 51001813,1983-03-19,,,,Paris,EE,married,1,freelance,Employer 5,4563.00,2415.99,tenant,good,A,active,,2026-05-30 13:40:16.08259+00,2026-05-30 13:40:16.08259+00,,96,,false,,,,false
f954b41b-e5cb-4090-a013-23b0c131c5e1,CLI-0141,Romain,Tamm,romain.tamm140@example.com,+372 51005180,1979-10-19,,,,Narva,EE,single,2,cdi,Employer 28,2296.00,1062.79,tenant,good,B,active,,2026-05-30 13:40:16.08259+00,2026-05-30 13:40:16.08259+00,,79,,false,,,,false
f9eeffd6-b25f-4b15-8172-5ac0177f392a,CLI-0460,Yann,Mets,yann.mets459@example.com,+372 51016983,1968-05-05,,,,Bruxelles,EE,single,0,cdi,Employer 29,1901.00,672.39,tenant,good,B,active,,2026-05-30 13:40:16.08259+00,2026-05-30 13:40:16.08259+00,,78,,false,,,,false
fa0f4449-c30c-4e4e-824c-992850904330,CLI-0721,Ines,Smirnov,ines.smirnov720@example.com,+372 51026640,1990-03-18,,,,Bruxelles,EE,single,2,cdd,Employer 30,1861.00,997.48,hosted,excellent,A,active,,2026-05-30 13:40:16.308826+00,2026-05-30 13:40:16.308826+00,,81,,false,,,,false
fab9493c-998c-4726-bca7-d5e684e9542f,CLI-1157,Ines,Robert,ines.robert1156@example.com,+372 51042772,1997-08-19,,,,Geneve,FR,single,1,unemployed,Employer 21,2698.00,1256.34,owner,good,A,active,,2026-05-30 13:40:16.416366+00,2026-05-30 13:40:16.416366+00,,94,,false,,,,false
fac115a4-4844-4056-8742-acdb5bc2de19,CLI-0835,Camille,Lepik,camille.lepik834@example.com,+372 51030858,2001-11-15,,,,Helsinki,EE,single,1,freelance,Employer 13,5160.00,2773.36,owner,good,B,active,,2026-05-30 13:40:16.308826+00,2026-05-30 13:40:16.308826+00,,65,,false,,,,false
fac5756f-7be7-4995-b78e-11404879606c,CLI-1045,Kadri,Kukk,kadri.kukk1044@example.com,+372 51038628,1992-01-20,,,,Parnu,FR,married,2,retired,Employer 19,3625.00,1849.56,hosted,incidents,C,active,,2026-05-30 13:40:16.416366+00,2026-05-30 13:40:16.416366+00,,45,,false,,,,false
fafd742d-209d-4bc3-a39d-cc06c4c4e82e,CLI-0182,Sophie,Petit,sophie.petit181@example.com,+372 51006697,1991-01-23,,,,Lyon,FR,single,0,cdi,Employer 15,2821.00,1467.63,owner,incidents,D,active,,2026-05-30 13:40:16.08259+00,2026-05-30 13:40:16.08259+00,,23,,false,,,,false
fb177768-ced6-48c8-a691-5b30f33a89b3,CLI-0374,Clara,Sepp,clara.sepp373@example.com,+372 51013801,1995-03-26,,,,Parnu,EE,single,0,cdi,Employer 6,3962.00,2232.49,tenant,excellent,A,active,,2026-05-30 13:40:16.08259+00,2026-05-30 13:40:16.08259+00,,87,,false,,,,false
fb685cc0-af84-4137-9fe8-1a7236199838,CLI-0553,Hugo,Kangro,hugo.kangro552@example.com,+372 51020424,1965-01-05,,,,Helsinki,EE,single,1,student,Employer 8,2214.00,1250.24,hosted,good,A,active,,2026-05-30 13:40:16.308826+00,2026-05-30 13:40:16.308826+00,,93,,false,,,,false
fb7e6408-ddcb-4f38-a24f-49394f849e69,CLI-1202,Kevin,Kallas,kevin.kallas1201@example.com,+372 51044437,1967-11-22,,,,Tartu,EE,married,1,cdi,Employer 1,4252.00,1545.56,hosted,excellent,A,active,,2026-05-30 13:40:16.416366+00,2026-05-30 13:40:16.416366+00,,87,,false,,,,false
fbabbcb2-de53-4bc7-9f95-9571fe8a4a8b,CLI-0867,Romain,Ivanov,romain.ivanov866@example.com,+372 51032042,1995-07-02,,,,Tallinn,EE,single,2,retired,Employer 13,4680.00,1891.14,hosted,excellent,A,active,,2026-05-30 13:40:16.308826+00,2026-05-30 13:40:16.308826+00,,94,,false,,,,false
fbb91157-4fc4-4f32-96f1-d5faa04c9b1e,CLI-1070,Mehdi,Bernard,mehdi.bernard1069@example.com,+372 51039553,1996-09-03,,,,Geneve,FR,married,2,cdi,Employer 3,4494.00,2592.45,owner,incidents,D,active,,2026-05-30 13:40:16.416366+00,2026-05-30 13:40:16.416366+00,,39,,false,,,,false
fbba27f0-daa5-4658-a1d6-63e0750c292f,CLI-0110,Thomas,Rebane,thomas.rebane109@example.com,+372 51004033,1970-05-08,,,,Geneve,FR,married,0,cdi,Employer 25,3914.00,1958.83,owner,excellent,A,active,,2026-05-30 13:40:16.08259+00,2026-05-30 13:40:16.08259+00,,84,,false,,,,false
fbf7d2ee-3d2c-4d11-9aab-c486cb8a43ed,CLI-0666,Antoine,Magi,antoine.magi665@example.com,+372 51024605,1988-05-24,,,,Madrid,FR,single,1,unemployed,Employer 17,2011.00,706.74,hosted,excellent,A,active,,2026-05-30 13:40:16.308826+00,2026-05-30 13:40:16.308826+00,,93,,false,,,,false
fc01623d-2d8c-4262-8848-0dc30a7517ea,CLI-0809,Sarah,Nguyen,sarah.nguyen808@example.com,+372 51029896,1976-05-11,,,,Geneve,EE,single,2,cdi,Employer 6,2705.00,1293.21,hosted,good,A,active,,2026-05-30 13:40:16.308826+00,2026-05-30 13:40:16.308826+00,,81,,false,,,,false
fc11c6fd-cb67-41ed-81e5-745624068d87,CLI-0868,Andres,Toom,andres.toom867@example.com,+372 51032079,1965-03-01,,,,Lyon,EE,married,2,freelance,Employer 22,2915.00,1697.36,tenant,excellent,A,active,,2026-05-30 13:40:16.308826+00,2026-05-30 13:40:16.308826+00,,80,,false,,,,false
fc6d53d8-ddd6-467a-a928-3c5abd2a5932,CLI-0463,Emma,Susi,emma.susi462@example.com,+372 51017094,2002-10-25,,,,Narva,EE,married,0,freelance,Employer 8,2951.00,1039.48,tenant,good,B,active,,2026-05-30 13:40:16.08259+00,2026-05-30 13:40:16.08259+00,,77,,false,,,,false
fc920a11-2a69-41ec-9e2c-7e8e632e2a03,CLI-0505,Marie,Carre,marie.carre504@example.com,+372 51018648,1995-01-17,,,,Tallinn,EE,married,0,student,Employer 35,2860.00,1649.31,hosted,good,A,active,,2026-05-30 13:40:16.308826+00,2026-05-30 13:40:16.308826+00,,93,,false,,,,false
fcb153f6-d1bd-4943-9975-b1822cfc99ce,CLI-0494,Mart,Toom,mart.toom493@example.com,+372 51018241,1969-06-03,,,,Narva,FR,married,1,freelance,Employer 40,2748.00,1180.88,owner,incidents,C,active,,2026-05-30 13:40:16.08259+00,2026-05-30 13:40:16.08259+00,,46,,false,,,,false
fccd4d23-0403-49ab-bfed-f12c844324b4,CLI-0023,Antoine,Susi,antoine.susi22@example.com,+372 51000814,1978-01-15,,,,Geneve,EE,single,2,cdi,Employer 7,1950.00,975.84,tenant,good,B,active,,2026-05-30 13:40:16.08259+00,2026-05-30 13:40:16.08259+00,,66,,false,,,,false
fd3b39ac-563e-4126-978c-51348e4e8a92,CLI-1144,Karl,Smirnov,karl.smirnov1143@example.com,+372 51042291,2001-01-09,,,,Helsinki,FR,married,3,cdd,Employer 10,2156.00,1248.04,tenant,mixed,C,active,,2026-05-30 13:40:16.416366+00,2026-05-30 13:40:16.416366+00,,55,,false,,,,false
fd3b4c75-5c35-454f-86c2-50a478cda485,CLI-0648,Lea,Lepik,lea.lepik647@example.com,+372 51023939,1984-02-24,,,,Geneve,EE,single,1,cdi,Employer 16,4570.00,2375.51,hosted,mixed,C,active,,2026-05-30 13:40:16.308826+00,2026-05-30 13:40:16.308826+00,,56,,false,,,,false
fdb3dbba-eb8e-4c3b-ba23-580a0b7a0d0a,CLI-0949,Pauline,Dubois,pauline.dubois948@example.com,+372 51035076,1985-11-20,,,,Tallinn,EE,single,2,retired,Employer 27,1541.00,697.01,tenant,good,A,active,,2026-05-30 13:40:16.308826+00,2026-05-30 13:40:16.308826+00,,81,,false,,,,false
fdcd08e2-b9f3-4148-a60a-fdbe3edff763,CLI-0294,Kadri,Saar,kadri.saar293@example.com,+372 51010841,1993-07-17,,,,Lyon,FR,single,3,freelance,Employer 39,3467.00,1608.60,hosted,excellent,A,active,,2026-05-30 13:40:16.08259+00,2026-05-30 13:40:16.08259+00,,95,,false,,,,false
fde547d9-a88a-43a5-9c33-d8f7f883fcd1,CLI-1004,Lucas,Kangro,lucas.kangro1003@example.com,+372 51037111,1975-11-04,,,,Tallinn,EE,single,2,retired,Employer 13,1387.00,637.56,hosted,good,A,active,,2026-05-30 13:40:16.416366+00,2026-05-30 13:40:16.416366+00,,89,,false,,,,false
fdfc1d49-80fc-4aee-b8f4-ba5dd217db79,CLI-1313,Marko,Laine,marko.laine1312@example.com,+372 51048544,1970-07-27,,,,Parnu,EE,married,1,cdi,Employer 37,2705.00,1011.80,owner,good,B,active,,2026-05-30 13:40:16.416366+00,2026-05-30 13:40:16.416366+00,,77,,false,,,,false
fe17475d-196a-4ee2-95c0-777c100f7761,CLI-0834,Anna,Laine,anna.laine833@example.com,+372 51030821,1989-11-03,,,,Lyon,FR,married,2,cdi,Employer 23,3447.00,1435.98,tenant,mixed,B,active,,2026-05-30 13:40:16.308826+00,2026-05-30 13:40:16.308826+00,,73,,false,,,,false
fe4243bf-4ea5-4c91-930c-265dc710ff7f,CLI-0048,Maxime,Garcia,maxime.garcia47@example.com,+372 51001739,1966-12-12,,,,Madrid,EE,single,0,cdi,Employer 26,2043.00,858.98,tenant,mixed,C,active,,2026-05-30 13:40:16.08259+00,2026-05-30 13:40:16.08259+00,,64,,false,,,,false
fe858389-1d98-4948-b62b-723b87de959f,CLI-1277,Hugo,Kangro,hugo.kangro1276@example.com,+372 51047212,1991-05-17,,,,Bruxelles,EE,single,2,cdi,Employer 39,3241.00,1884.44,tenant,good,A,active,,2026-05-30 13:40:16.416366+00,2026-05-30 13:40:16.416366+00,,85,,false,,,,false
fe9f3b73-d294-46bb-baff-1ace47ada34c,CLI-1293,Nathan,Muller,nathan.muller1292@example.com,+372 51047804,1970-10-09,,,,Narva,EE,single,0,cdi,Employer 19,3512.00,1878.85,tenant,mixed,C,active,,2026-05-30 13:40:16.416366+00,2026-05-30 13:40:16.416366+00,,59,,false,,,,false
fecd89e9-071a-4d98-b635-afc3ea20641e,CLI-0734,Rasmus,Parn,rasmus.parn733@example.com,+372 51027121,2003-01-19,,,,Tallinn,EE,single,3,student,Employer 26,4271.00,2063.69,tenant,good,B,active,,2026-05-30 13:40:16.308826+00,2026-05-30 13:40:16.308826+00,,69,,false,,,,false
ff2a29a6-a030-4a02-9620-dd1f180511ee,CLI-0745,Kristjan,Kask,kristjan.kask744@example.com,+372 51027528,1996-04-04,,,,Bruxelles,FR,married,1,freelance,Employer 21,2182.00,1010.44,tenant,good,A,active,,2026-05-30 13:40:16.308826+00,2026-05-30 13:40:16.308826+00,,99,,false,,,,false
ff3aea59-22e7-4d05-b5d2-75e76ddbff0c,CLI-0275,Rasmus,Lepik,rasmus.lepik274@example.com,+372 51010138,1986-03-24,,,,Lyon,FR,married,0,cdi,Employer 18,2478.00,1031.19,owner,excellent,A,active,,2026-05-30 13:40:16.08259+00,2026-05-30 13:40:16.08259+00,,83,,false,,,,false
ff7c4c46-90c2-4fb0-bde7-abbc9031af44,CLI-1213,Kevin,Parn,kevin.parn1212@example.com,+372 51044844,1982-12-05,,,,Paris,EE,single,0,cdi,Employer 18,2388.00,928.04,hosted,incidents,D,active,,2026-05-30 13:40:16.416366+00,2026-05-30 13:40:16.416366+00,,25,,false,,,,false
ff8d32db-7d84-43eb-80eb-574be7b657e8,CLI-0720,Julien,Kask,julien.kask719@example.com,+372 51026603,1990-07-11,,,,Geneve,EE,married,2,cdi,Employer 34,3091.00,1361.54,tenant,good,A,active,,2026-05-30 13:40:16.308826+00,2026-05-30 13:40:16.308826+00,,90,,false,,,,false
ffb6a632-1242-48f4-a18a-ebf88a81dcf4,CLI-0702,Thomas,Lemoine,thomas.lemoine701@example.com,+372 51025937,1985-07-01,,,,Lyon,EE,married,3,cdd,Employer 34,3983.00,1917.46,tenant,excellent,A,active,,2026-05-30 13:40:16.308826+00,2026-05-30 13:40:16.308826+00,,82,,false,,,,false
ffbc2da7-c77a-49b1-a880-2fb09f327768,CLI-0672,Piret,Parn,piret.parn671@example.com,+372 51024827,1995-09-10,,,,Helsinki,EE,married,0,cdi,Employer 37,4920.00,2459.41,owner,mixed,B,active,,2026-05-30 13:40:16.308826+00,2026-05-30 13:40:16.308826+00,,69,,false,,,,false
