id,reference,client_id,product_id,principal_amount,annual_rate,duration_months,monthly_payment,total_interest,total_repayable,application_fee,purpose,risk_category,status,start_date,end_date,disbursed_at,created_at,updated_at,closed_at,closure_reason,write_off_amount,dunning_level,next_action_date
0031f40f-556a-45bc-8ba0-bda5246446cc,LN-1446,fafd742d-209d-4bc3-a39d-cc06c4c4e82e,89d1c7f8-46de-419f-b2ec-dc69213d45ca,311.95,12.50,24,14.76,42.20,354.15,3.12,medical,D,paid_off,2024-03-20,2026-03-20,2024-03-20,2026-05-30 13:40:16.880606+00,2026-05-30 13:40:16.880606+00,,,0.00,0,
003ff9f1-d720-4636-b010-f62de2766c61,LN-0879,27f2d7bd-6c79-4567-99a4-c5ea9722c282,0c6925f4-7d92-41a9-b358-1d126fb41279,972.95,12.50,24,46.03,131.69,1104.64,9.73,auto,B,active,2025-08-30,2027-08-30,2025-08-30,2026-05-30 13:40:16.751319+00,2026-05-30 13:40:16.751319+00,,,0.00,0,
005391a3-f982-44c4-9bf6-43f1863319dd,LN-1896,3dd6e7f2-0096-46d8-a34d-ad840bcc847c,89d1c7f8-46de-419f-b2ec-dc69213d45ca,394.34,12.50,24,18.66,53.36,447.70,3.94,emergency,D,paid_off,2024-05-07,2026-05-07,2024-05-07,2026-05-30 13:40:16.990875+00,2026-05-30 13:40:16.990875+00,,,0.00,0,
006434e0-f875-44cf-94f2-7a2da42237c6,LN-0690,c56be4b0-d5ef-4593-a994-ce1f2494bac7,41340b75-3fa9-4cbd-bee5-5d10bb757dbb,1477.42,12.50,24,69.89,199.99,1677.41,14.77,consolidation,D,active,2026-03-30,2028-03-30,2026-03-30,2026-05-30 13:40:16.751319+00,2026-05-30 13:40:16.751319+00,,,0.00,0,
008db777-37f6-4be4-891b-932fdd14a357,LN-1028,60ae27f7-57b6-4bf1-9b9b-049d6b1ff565,866a2b0d-da4d-403f-9343-390a810648e5,848.50,12.50,24,40.14,114.83,963.33,8.49,auto,B,active,2026-03-30,2028-03-30,2026-03-30,2026-05-30 13:40:16.880606+00,2026-05-30 13:40:16.880606+00,,,0.00,0,
00b6dcb3-9ef2-46d0-947b-b329d770adf4,LN-0256,a195ab2a-799c-4a80-a80b-93689b12a38c,89d1c7f8-46de-419f-b2ec-dc69213d45ca,751.06,12.50,24,35.53,101.68,852.74,7.51,emergency,B,active,2026-03-02,2028-03-02,2026-03-02,2026-05-30 13:40:16.593247+00,2026-05-30 13:40:16.593247+00,,,0.00,0,
00be9a39-49d6-4e17-bd88-5303eb986ded,LN-1315,3d48100b-4767-4914-9f60-636a73fa922a,0c6925f4-7d92-41a9-b358-1d126fb41279,392.81,12.50,24,18.58,53.18,445.99,3.93,equipment,D,active,2025-05-30,2027-05-30,2025-05-30,2026-05-30 13:40:16.880606+00,2026-05-30 13:40:16.880606+00,,,0.00,0,
00c12fc0-f579-4689-8a2f-b3e31a18403b,LN-0751,e1320437-00a2-43db-a425-d0ec26e58696,0c6925f4-7d92-41a9-b358-1d126fb41279,474.73,12.50,24,22.46,64.25,538.98,4.75,homeImprovement,A,active,2025-10-30,2027-10-30,2025-10-30,2026-05-30 13:40:16.751319+00,2026-05-30 13:40:16.751319+00,,,0.00,0,
00c83be2-952d-42d4-b2e7-d1ae9e83a29d,LN-0611,3e67a3b5-33f6-4d8b-bde2-29d5537e9015,89d1c7f8-46de-419f-b2ec-dc69213d45ca,291.98,12.50,24,13.81,39.54,331.52,2.92,emergency,B,active,2025-11-30,2027-11-30,2025-11-30,2026-05-30 13:40:16.751319+00,2026-05-30 13:40:16.751319+00,,,0.00,0,
00cb2070-36cb-417c-aadf-aff1c51fdc99,LN-0411,7ba6bff8-cb43-48fe-bf7a-45b53b6ae817,89d1c7f8-46de-419f-b2ec-dc69213d45ca,260.05,12.50,24,12.30,35.22,295.27,2.60,travel,A,active,2025-05-30,2027-05-30,2025-05-30,2026-05-30 13:40:16.593247+00,2026-05-30 13:40:16.593247+00,,,0.00,0,
00f64443-9e75-4168-a977-1f81a20cf335,LN-0326,f7e24663-b4d1-4ba0-ab28-a7dd78a47599,0c6925f4-7d92-41a9-b358-1d126fb41279,294.18,12.50,24,13.92,39.81,333.99,2.94,emergency,B,active,2026-03-02,2028-03-02,2026-03-02,2026-05-30 13:40:16.593247+00,2026-05-30 13:40:16.593247+00,,,0.00,0,
00ffdeda-ebf5-49d0-91b9-de471f00d7ed,LN-0619,10f72f81-10b1-40ca-9ee6-1cd310f94dd8,89d1c7f8-46de-419f-b2ec-dc69213d45ca,584.13,12.50,24,27.63,79.07,663.20,5.84,consolidation,B,active,2026-03-02,2028-03-02,2026-03-02,2026-05-30 13:40:16.751319+00,2026-05-30 13:40:16.751319+00,,,0.00,0,
01123250-8707-41a1-a640-012250163d27,LN-1391,0e28d2eb-e58c-448d-b52f-774310511b19,89d1c7f8-46de-419f-b2ec-dc69213d45ca,61.57,12.50,24,2.91,8.35,69.92,0.62,equipment,A,paid_off,2024-03-22,2026-03-22,2024-03-22,2026-05-30 13:40:16.880606+00,2026-05-30 13:40:16.880606+00,,,0.00,0,
011e4919-5256-4e98-9be5-1face1225c88,LN-1551,0dad12da-3717-48b0-8274-45babd95e1ab,89d1c7f8-46de-419f-b2ec-dc69213d45ca,382.27,12.50,24,18.08,51.77,434.04,3.82,equipment,C,paid_off,2024-03-10,2026-03-10,2024-03-10,2026-05-30 13:40:16.990875+00,2026-05-30 13:40:16.990875+00,,,0.00,0,
018be930-ba4f-480e-adcc-f716475dbb56,LN-1091,56cb9dea-89c8-4e04-822f-d16b94f364bb,0c6925f4-7d92-41a9-b358-1d126fb41279,318.45,12.50,24,15.07,43.08,361.53,3.18,homeImprovement,A,active,2025-12-30,2027-12-30,2025-12-30,2026-05-30 13:40:16.880606+00,2026-05-30 13:40:16.880606+00,,,0.00,0,
01b56c2e-1039-4131-b12b-54fbf200069e,LN-0467,7914fa3f-6256-4cc3-910e-5082d7d931fd,0c6925f4-7d92-41a9-b358-1d126fb41279,349.81,12.50,24,16.55,47.36,397.17,3.50,emergency,C,active,2025-10-30,2027-10-30,2025-10-30,2026-05-30 13:40:16.593247+00,2026-05-30 13:40:16.593247+00,,,0.00,1,2026-06-30
01d1ac29-99a2-4811-a940-3378bb93922d,LN-1744,242a57bf-df01-49cd-ac5b-988397565b73,866a2b0d-da4d-403f-9343-390a810648e5,1203.36,12.50,24,56.93,162.89,1366.25,12.03,equipment,D,paid_off,2024-11-19,2026-11-19,2024-11-19,2026-05-30 13:40:16.990875+00,2026-05-30 13:40:16.990875+00,,,0.00,0,
01d1fa70-9b4a-45ff-9fe1-0f3fc3b2f9f7,LN-0166,4a7984f4-7bcd-48c7-a27f-ffda91d884a8,0c6925f4-7d92-41a9-b358-1d126fb41279,223.06,12.50,24,10.55,30.21,253.27,2.23,consolidation,A,active,2025-03-02,2027-03-02,2025-03-02,2026-05-30 13:40:16.593247+00,2026-05-30 13:40:16.593247+00,,,0.00,1,2026-06-30
01d3377f-bd49-4fe4-a3ae-496616229ec7,LN-1311,1aa61240-e6ce-40b8-9ecc-0ee3d66c40f7,89d1c7f8-46de-419f-b2ec-dc69213d45ca,327.24,12.50,24,15.48,44.30,371.54,3.27,emergency,B,active,2025-11-30,2027-11-30,2025-11-30,2026-05-30 13:40:16.880606+00,2026-05-30 13:40:16.880606+00,,,0.00,1,2026-06-30
01f38139-ba25-40b1-80a2-980245df73e9,LN-0958,49649063-4a35-4dbe-8897-eae15980453e,41340b75-3fa9-4cbd-bee5-5d10bb757dbb,1377.76,12.50,24,65.18,186.51,1564.27,13.78,equipment,B,defaulted,2025-01-30,2027-01-30,2025-01-30,2026-05-30 13:40:16.751319+00,2026-05-30 13:40:16.751319+00,2026-01-30,written_off,900.78,4,
02337962-4b72-4efd-bcde-2f964448439c,LN-0521,8e9cab19-b3ce-46f1-bad4-dfe8758bdd9d,89d1c7f8-46de-419f-b2ec-dc69213d45ca,709.76,12.50,24,33.58,96.06,805.82,7.10,consolidation,C,active,2025-05-30,2027-05-30,2025-05-30,2026-05-30 13:40:16.751319+00,2026-05-30 13:40:16.751319+00,,,0.00,0,
02c191b8-5144-48c9-8023-c2f94235e6f4,LN-1579,d96fe4c8-a774-4a2f-8722-7f879c7ab2e9,89d1c7f8-46de-419f-b2ec-dc69213d45ca,342.61,12.50,24,16.21,46.40,389.01,3.43,homeImprovement,A,paid_off,2024-11-14,2026-11-14,2024-11-14,2026-05-30 13:40:16.990875+00,2026-05-30 13:40:16.990875+00,,,0.00,0,
02e84f8a-9593-44df-8da2-e4769deff1e6,LN-0086,ad157de2-0484-4425-beb9-2cae95c7a12e,89d1c7f8-46de-419f-b2ec-dc69213d45ca,1077.82,12.50,24,50.99,145.91,1223.73,10.78,emergency,D,defaulted,2025-07-30,2027-07-30,2025-07-30,2026-05-30 13:40:16.593247+00,2026-05-30 13:40:16.593247+00,2025-08-30,written_off,957.28,4,
031d27e2-aa53-4d07-badd-753280a2fa6c,LN-1768,0e28d2eb-e58c-448d-b52f-774310511b19,89d1c7f8-46de-419f-b2ec-dc69213d45ca,302.19,12.50,24,14.30,40.90,343.09,3.02,equipment,A,paid_off,2024-08-15,2026-08-15,2024-08-15,2026-05-30 13:40:16.990875+00,2026-05-30 13:40:16.990875+00,,,0.00,0,
03309949-e324-4c95-959c-5156411b2f72,LN-1652,ed81e691-e5be-496e-9cb4-6904e86beb1b,89d1c7f8-46de-419f-b2ec-dc69213d45ca,745.70,12.50,24,35.28,100.93,846.63,7.46,event,A,paid_off,2024-12-08,2026-12-08,2024-12-08,2026-05-30 13:40:16.990875+00,2026-05-30 13:40:16.990875+00,,,0.00,0,
033e27f5-6c54-43e4-8885-48eeef2b4d78,LN-1173,a5a0c8f5-858c-4d09-8c78-4ff193182723,89d1c7f8-46de-419f-b2ec-dc69213d45ca,989.66,12.50,24,46.82,133.95,1123.61,9.90,auto,C,defaulted,2025-12-30,2027-12-30,2025-12-30,2026-05-30 13:40:16.880606+00,2026-05-30 13:40:16.880606+00,2026-01-30,written_off,989.66,4,
03628184-b38d-499b-9b17-14f57f1cc93d,LN-1360,0592ffa3-711f-432a-a0a7-d46a80617134,89d1c7f8-46de-419f-b2ec-dc69213d45ca,728.80,12.50,24,34.48,98.64,827.44,7.29,consolidation,B,active,2025-04-30,2027-04-30,2025-04-30,2026-05-30 13:40:16.880606+00,2026-05-30 13:40:16.880606+00,,,0.00,0,
036ee50c-8640-47e8-ab42-8f9231705f49,LN-1850,3a0a0505-940e-4311-b43f-643a55633b08,89d1c7f8-46de-419f-b2ec-dc69213d45ca,393.81,12.50,24,18.63,53.31,447.12,3.94,consolidation,D,paid_off,2024-03-08,2026-03-08,2024-03-08,2026-05-30 13:40:16.990875+00,2026-05-30 13:40:16.990875+00,,,0.00,0,
0372e86f-1593-453f-b072-b87dd28718bc,LN-0428,ac3943b1-dd07-4b65-ad83-a8474d280acf,0c6925f4-7d92-41a9-b358-1d126fb41279,668.72,12.50,24,31.64,90.53,759.25,6.69,equipment,A,defaulted,2025-08-30,2027-08-30,2025-08-30,2026-05-30 13:40:16.593247+00,2026-05-30 13:40:16.593247+00,2025-09-30,written_off,619.12,4,
037b5753-1b76-4575-9ba9-36b4306ab1b1,LN-0057,4d7d9b4a-0c62-4fc0-8f71-64e8f079e376,866a2b0d-da4d-403f-9343-390a810648e5,677.22,12.50,24,32.04,91.67,768.89,6.77,medical,D,active,2025-03-30,2027-03-30,2025-03-30,2026-05-30 13:40:16.593247+00,2026-05-30 13:40:16.593247+00,,,0.00,0,
037d9264-e6f7-46d5-806f-e21851a6dc6b,LN-0120,a4493635-23d5-459c-bfcf-d8c179a0a611,89d1c7f8-46de-419f-b2ec-dc69213d45ca,629.33,12.50,24,29.77,85.20,714.53,6.29,emergency,A,active,2025-04-30,2027-04-30,2025-04-30,2026-05-30 13:40:16.593247+00,2026-05-30 13:40:16.593247+00,,,0.00,1,2026-06-30
03aded66-1690-4576-8b91-3e274df1fb32,LN-0236,d917f330-4524-462c-837d-28509b5dda53,0c6925f4-7d92-41a9-b358-1d126fb41279,374.23,12.50,24,17.70,50.65,424.88,3.74,event,C,active,2025-07-30,2027-07-30,2025-07-30,2026-05-30 13:40:16.593247+00,2026-05-30 13:40:16.593247+00,,,0.00,0,
03d90a1e-59bd-496e-9337-202848a12a84,LN-1719,eb82eb74-21b2-479d-847a-51cdc249d360,0c6925f4-7d92-41a9-b358-1d126fb41279,272.39,12.50,24,12.89,36.85,309.24,2.72,travel,A,paid_off,2024-01-16,2026-01-16,2024-01-16,2026-05-30 13:40:16.990875+00,2026-05-30 13:40:16.990875+00,,,0.00,0,
045022d8-f426-423a-8467-589dce49474d,LN-1261,b1bc0694-23f3-45f6-be50-5dee4f81f5fd,0c6925f4-7d92-41a9-b358-1d126fb41279,462.88,12.50,24,21.90,62.67,525.55,4.63,auto,A,active,2025-05-30,2027-05-30,2025-05-30,2026-05-30 13:40:16.880606+00,2026-05-30 13:40:16.880606+00,,,0.00,0,
045e36ba-78af-4c32-9de8-e1d2b1d73057,LN-0947,76cf2008-0964-43e0-ba4c-728dad54c839,0c6925f4-7d92-41a9-b358-1d126fb41279,458.58,12.50,24,21.69,62.09,520.67,4.59,event,A,active,2025-06-30,2027-06-30,2025-06-30,2026-05-30 13:40:16.751319+00,2026-05-30 13:40:16.751319+00,,,0.00,0,
0475d93a-046c-4970-b6a9-5f1fb25f3dd2,LN-1432,2476239e-e3b8-489b-8ba8-793d480dbf83,866a2b0d-da4d-403f-9343-390a810648e5,897.71,12.50,24,42.47,121.54,1019.25,8.98,consolidation,B,paid_off,2024-02-25,2026-02-25,2024-02-25,2026-05-30 13:40:16.880606+00,2026-05-30 13:40:16.880606+00,,,0.00,0,
04982a62-f8d5-4854-a293-642d6fde0350,LN-0783,14df4876-c25f-4c07-adec-c66b921d8cc4,41340b75-3fa9-4cbd-bee5-5d10bb757dbb,681.31,12.50,24,32.23,92.22,773.53,6.81,equipment,B,active,2025-08-30,2027-08-30,2025-08-30,2026-05-30 13:40:16.751319+00,2026-05-30 13:40:16.751319+00,,,0.00,0,
04af8eb3-ed79-4d50-bf8f-d3ec585749c6,LN-0812,98a59836-fa35-479c-ae3e-92bb08fb97a7,89d1c7f8-46de-419f-b2ec-dc69213d45ca,708.90,12.50,24,33.54,95.97,804.87,7.09,consolidation,C,active,2025-11-30,2027-11-30,2025-11-30,2026-05-30 13:40:16.751319+00,2026-05-30 13:40:16.751319+00,,,0.00,0,
052e2327-2ddf-48ff-a488-e378ae6eb46a,LN-1528,76bd36fd-681b-44ce-be41-14d6d63e4899,89d1c7f8-46de-419f-b2ec-dc69213d45ca,419.54,12.50,24,19.85,56.82,476.36,4.20,emergency,A,paid_off,2024-02-04,2026-02-04,2024-02-04,2026-05-30 13:40:16.990875+00,2026-05-30 13:40:16.990875+00,,,0.00,0,
055d5660-5492-486d-897b-ca132e094b8f,LN-1674,2237c828-17e2-4587-9a72-f810d51c89bc,0c6925f4-7d92-41a9-b358-1d126fb41279,328.87,12.50,24,15.56,44.54,373.41,3.29,consolidation,A,paid_off,2024-12-07,2026-12-07,2024-12-07,2026-05-30 13:40:16.990875+00,2026-05-30 13:40:16.990875+00,,,0.00,0,
0564895f-6ece-41b2-be3a-eb9348605f15,LN-1926,f519d5ee-3f7f-49b9-9de9-75bcfc1861a1,41340b75-3fa9-4cbd-bee5-5d10bb757dbb,667.60,12.50,24,31.58,90.38,757.98,6.68,auto,A,paid_off,2024-01-22,2026-01-22,2024-01-22,2026-05-30 13:40:16.990875+00,2026-05-30 13:40:16.990875+00,,,0.00,0,
058a1fc0-ab39-4620-9c9d-ae95d22659d3,LN-0667,2fc468c2-6835-419a-af41-81c339d1b67b,0c6925f4-7d92-41a9-b358-1d126fb41279,488.00,12.50,24,23.09,66.08,554.08,4.88,homeImprovement,A,active,2025-09-30,2027-09-30,2025-09-30,2026-05-30 13:40:16.751319+00,2026-05-30 13:40:16.751319+00,,,0.00,1,2026-06-30
0597b385-b84a-49fb-a241-1121b9a1dfec,LN-0211,d83fab20-5426-4413-8a1b-d906131b291e,0c6925f4-7d92-41a9-b358-1d126fb41279,384.30,12.50,24,18.18,52.06,436.36,3.84,consolidation,C,active,2025-04-30,2027-04-30,2025-04-30,2026-05-30 13:40:16.593247+00,2026-05-30 13:40:16.593247+00,,,0.00,0,
059b6994-f428-4d65-a8a6-fc6155fac06c,LN-1387,9514db57-38c2-46f6-a5ff-cbea53d552b5,866a2b0d-da4d-403f-9343-390a810648e5,825.09,12.50,24,39.03,111.70,936.79,8.25,auto,A,paid_off,2024-12-13,2026-12-13,2024-12-13,2026-05-30 13:40:16.880606+00,2026-05-30 13:40:16.880606+00,,,0.00,0,
05a7b650-7228-43d2-86a9-990863c597bb,LN-0058,1912e30a-9c51-4f8b-9208-9e52189c485b,89d1c7f8-46de-419f-b2ec-dc69213d45ca,297.41,12.50,24,14.07,40.24,337.65,2.97,emergency,B,active,2025-09-30,2027-09-30,2025-09-30,2026-05-30 13:40:16.593247+00,2026-05-30 13:40:16.593247+00,,,0.00,0,
05bb386c-9694-4699-9f3f-90618ac11d3d,LN-0909,c30d713a-560a-419e-82df-65c6902934c5,0c6925f4-7d92-41a9-b358-1d126fb41279,868.63,12.50,24,41.09,117.62,986.25,8.69,homeImprovement,B,active,2026-03-02,2028-03-02,2026-03-02,2026-05-30 13:40:16.751319+00,2026-05-30 13:40:16.751319+00,,,0.00,0,
05d5d9a1-b665-47f3-9b64-1b22e2c0cd68,LN-1977,5a3600d8-2539-460a-9ad6-2659c9c99425,89d1c7f8-46de-419f-b2ec-dc69213d45ca,70.17,12.50,24,3.32,9.50,79.67,0.70,emergency,A,paid_off,2024-12-13,2026-12-13,2024-12-13,2026-05-30 13:40:16.990875+00,2026-05-30 13:40:16.990875+00,,,0.00,0,
060e14f4-46ee-45a7-a1f4-41b9ef8f9381,LN-0472,6e20e038-1f92-4cb8-a71e-966e4034bcab,0c6925f4-7d92-41a9-b358-1d126fb41279,405.77,12.50,24,19.20,54.92,460.69,4.06,travel,A,active,2025-12-30,2027-12-30,2025-12-30,2026-05-30 13:40:16.593247+00,2026-05-30 13:40:16.593247+00,,,0.00,0,
062cf3fb-a9e7-4929-a6b9-bcda2bb98db6,LN-0113,6d5ddd52-b63a-465f-8cc4-aa8b67cc21b6,89d1c7f8-46de-419f-b2ec-dc69213d45ca,561.58,12.50,24,26.57,76.01,637.59,5.62,travel,A,active,2025-12-30,2027-12-30,2025-12-30,2026-05-30 13:40:16.593247+00,2026-05-30 13:40:16.593247+00,,,0.00,0,
0654f6d9-fad0-481d-906c-b327281b0705,LN-1845,939956bb-8d6e-4e7a-bff6-8d4384e19764,89d1c7f8-46de-419f-b2ec-dc69213d45ca,167.58,12.50,24,7.93,22.68,190.26,1.68,event,A,paid_off,2024-08-03,2026-08-03,2024-08-03,2026-05-30 13:40:16.990875+00,2026-05-30 13:40:16.990875+00,,,0.00,0,
065ab589-6ef3-4060-bbd7-621849bb1d78,LN-0302,62009c0c-fdbb-4e6f-83b4-55ac33d22894,89d1c7f8-46de-419f-b2ec-dc69213d45ca,758.75,12.50,24,35.89,102.73,861.48,7.59,homeImprovement,A,active,2025-09-30,2027-09-30,2025-09-30,2026-05-30 13:40:16.593247+00,2026-05-30 13:40:16.593247+00,,,0.00,0,
066eef93-e515-455e-ad5a-fea4d3676786,LN-1946,1af3be2b-b7e6-46cf-bea0-cc179da0e065,866a2b0d-da4d-403f-9343-390a810648e5,986.13,12.50,24,46.65,133.50,1119.63,9.86,auto,A,paid_off,2024-04-25,2026-04-25,2024-04-25,2026-05-30 13:40:16.990875+00,2026-05-30 13:40:16.990875+00,,,0.00,0,
069f2e20-348b-4d13-adee-8b65e382e9bb,LN-0303,3024448d-8277-4d34-a17d-87082e777bed,0c6925f4-7d92-41a9-b358-1d126fb41279,237.34,12.50,24,11.23,32.16,269.50,2.37,travel,C,active,2025-08-30,2027-08-30,2025-08-30,2026-05-30 13:40:16.593247+00,2026-05-30 13:40:16.593247+00,,,0.00,0,
069f6fa7-bfc7-4e16-a6f9-a7e65c5219d6,LN-1410,7c8f0bd6-031b-4935-b6cb-268ac3b967fd,0c6925f4-7d92-41a9-b358-1d126fb41279,125.12,12.50,24,5.92,16.95,142.07,1.25,event,B,paid_off,2024-08-24,2026-08-24,2024-08-24,2026-05-30 13:40:16.880606+00,2026-05-30 13:40:16.880606+00,,,0.00,0,
06aa7349-5fe3-459c-b76c-275ea1b884be,LN-0449,8563a7bf-7695-4c46-ac9d-1770aed0f7c1,89d1c7f8-46de-419f-b2ec-dc69213d45ca,69.73,12.50,24,3.30,9.44,79.17,0.70,consolidation,A,active,2026-01-30,2028-01-30,2026-01-30,2026-05-30 13:40:16.593247+00,2026-05-30 13:40:16.593247+00,,,0.00,0,
06b5ea6f-3e58-4e09-b225-2cea8360280f,LN-0520,0cd313c2-6195-4e09-b781-a85b7e14b2a5,0c6925f4-7d92-41a9-b358-1d126fb41279,334.66,12.50,24,15.83,45.34,380.00,3.35,equipment,C,active,2026-03-02,2028-03-02,2026-03-02,2026-05-30 13:40:16.751319+00,2026-05-30 13:40:16.751319+00,,,0.00,0,
06ccd2e1-3958-4dd5-8299-c15bc112f5c5,LN-0758,bb1f47e9-1cc6-4f25-b12b-4cc16de4c22a,41340b75-3fa9-4cbd-bee5-5d10bb757dbb,1529.85,12.50,24,72.37,207.12,1736.97,15.30,consolidation,A,active,2026-03-02,2028-03-02,2026-03-02,2026-05-30 13:40:16.751319+00,2026-05-30 13:40:16.751319+00,,,0.00,3,2026-06-30
06f85538-c090-4970-9582-750b1958c66a,LN-0128,06e7a9fe-7a7e-43bc-94ac-5b423a5a018d,0c6925f4-7d92-41a9-b358-1d126fb41279,116.48,12.50,24,5.51,15.74,132.22,1.16,equipment,C,active,2025-06-30,2027-06-30,2025-06-30,2026-05-30 13:40:16.593247+00,2026-05-30 13:40:16.593247+00,,,0.00,0,
06fa76ee-be4f-4933-aeb1-a647cefa6b95,LN-1538,a8163ca4-4c4b-4074-921c-51105d6120af,89d1c7f8-46de-419f-b2ec-dc69213d45ca,119.69,12.50,24,5.66,16.20,135.89,1.20,medical,C,paid_off,2024-07-16,2026-07-16,2024-07-16,2026-05-30 13:40:16.990875+00,2026-05-30 13:40:16.990875+00,,,0.00,0,
0769561c-b04b-4268-bce8-f90e67374603,LN-0683,cc3f06e9-6fc3-49a0-a6b8-cc86ca5b640e,866a2b0d-da4d-403f-9343-390a810648e5,645.56,12.50,24,30.54,87.40,732.96,6.46,medical,B,active,2026-03-30,2028-03-30,2026-03-30,2026-05-30 13:40:16.751319+00,2026-05-30 13:40:16.751319+00,,,0.00,0,
077315a8-ef1a-403c-b255-08d8dde147db,LN-1109,a2b6f8bb-bb1e-4219-be67-6af430a7ed1b,0c6925f4-7d92-41a9-b358-1d126fb41279,429.60,12.50,24,20.32,58.16,487.76,4.30,homeImprovement,D,active,2025-03-30,2027-03-30,2025-03-30,2026-05-30 13:40:16.880606+00,2026-05-30 13:40:16.880606+00,,,0.00,0,
0779a679-f45d-47eb-8888-79cdf342ce3e,LN-1859,f69b235f-298d-4781-93b2-1c88073ae117,89d1c7f8-46de-419f-b2ec-dc69213d45ca,210.54,12.50,24,9.96,28.46,239.00,2.11,auto,C,paid_off,2024-07-25,2026-07-25,2024-07-25,2026-05-30 13:40:16.990875+00,2026-05-30 13:40:16.990875+00,,,0.00,0,
07c4b4a4-2d40-4f97-9430-a52f6319d5d5,LN-0038,3122ae01-94f6-45f9-b320-574d43c58049,0c6925f4-7d92-41a9-b358-1d126fb41279,229.54,12.50,24,10.86,31.05,260.59,2.30,event,D,active,2025-10-30,2027-10-30,2025-10-30,2026-05-30 13:40:16.593247+00,2026-05-30 13:40:16.593247+00,,,0.00,0,
07daaad1-3b9d-42e1-82a2-6d63e78e1bd9,LN-1137,b21bab78-03b0-4b5f-87a5-3838db8ac938,89d1c7f8-46de-419f-b2ec-dc69213d45ca,542.45,12.50,24,25.66,73.46,615.91,5.42,emergency,B,active,2025-06-30,2027-06-30,2025-06-30,2026-05-30 13:40:16.880606+00,2026-05-30 13:40:16.880606+00,,,0.00,0,
07e3386b-e46c-4451-9e71-cedf495b5ece,LN-1206,d3096702-dc70-4da7-94f3-6369d23c814d,0c6925f4-7d92-41a9-b358-1d126fb41279,386.83,12.50,24,18.30,52.37,439.20,3.87,homeImprovement,B,active,2025-07-30,2027-07-30,2025-07-30,2026-05-30 13:40:16.880606+00,2026-05-30 13:40:16.880606+00,,,0.00,0,
07f1cb0d-7db4-451c-9daa-8f112638c9f6,LN-0377,465e551a-df5c-4fea-b2ea-99f21ec1983a,89d1c7f8-46de-419f-b2ec-dc69213d45ca,174.67,12.50,24,8.26,23.68,198.35,1.75,equipment,C,active,2025-06-30,2027-06-30,2025-06-30,2026-05-30 13:40:16.593247+00,2026-05-30 13:40:16.593247+00,,,0.00,0,
08099ae8-3cdc-4a8b-8d4e-6529b8ae096e,LN-1797,d3ff2edb-605a-48f3-a635-2733104d69b5,0c6925f4-7d92-41a9-b358-1d126fb41279,545.48,12.50,24,25.81,73.81,619.29,5.45,consolidation,C,paid_off,2024-06-01,2026-06-01,2024-06-01,2026-05-30 13:40:16.990875+00,2026-05-30 13:40:16.990875+00,,,0.00,0,
080aceb2-3e77-4102-8549-526e6b65026c,LN-0365,a7f41ee1-5b6f-4fd2-b67e-bbb9127f7932,0c6925f4-7d92-41a9-b358-1d126fb41279,169.14,12.50,24,8.00,22.89,192.03,1.69,consolidation,A,active,2025-04-30,2027-04-30,2025-04-30,2026-05-30 13:40:16.593247+00,2026-05-30 13:40:16.593247+00,,,0.00,0,
080ad721-0380-4174-b187-3e01ba1a79b6,LN-0959,578e55d8-78c1-4c8c-8c4d-e38c6e633c36,866a2b0d-da4d-403f-9343-390a810648e5,898.55,12.50,24,42.51,121.63,1020.18,8.99,consolidation,B,active,2025-10-30,2027-10-30,2025-10-30,2026-05-30 13:40:16.751319+00,2026-05-30 13:40:16.751319+00,,,0.00,0,
08383f31-6156-4488-b2b6-40cac3e87c51,LN-0514,f892a8a8-55cc-40e0-bb9c-397cd6bed1da,0c6925f4-7d92-41a9-b358-1d126fb41279,1009.23,12.50,24,47.74,136.62,1145.85,10.09,consolidation,C,active,2026-01-30,2028-01-30,2026-01-30,2026-05-30 13:40:16.751319+00,2026-05-30 13:40:16.751319+00,,,0.00,0,
0845b0f5-e39f-4523-b31a-cfe9ecb8e906,LN-1363,6bcca9af-426e-480b-bc5f-3b3b8437a8f3,89d1c7f8-46de-419f-b2ec-dc69213d45ca,802.07,12.50,24,37.94,108.60,910.67,8.02,travel,A,active,2025-10-30,2027-10-30,2025-10-30,2026-05-30 13:40:16.880606+00,2026-05-30 13:40:16.880606+00,,,0.00,0,
084bc5b5-6641-4553-a989-12dbafd1d73c,LN-0216,1df3ee08-b1c5-4a7c-898e-5a02b9bf3f1a,89d1c7f8-46de-419f-b2ec-dc69213d45ca,738.08,12.50,24,34.92,99.92,838.00,7.38,auto,A,active,2025-04-30,2027-04-30,2025-04-30,2026-05-30 13:40:16.593247+00,2026-05-30 13:40:16.593247+00,,,0.00,0,
089bc820-ec92-4ade-9107-4d2b3e1180ff,LN-1525,c19fc042-8a26-494d-8cc2-bae9372b2f13,41340b75-3fa9-4cbd-bee5-5d10bb757dbb,807.17,12.50,24,38.19,109.26,916.43,8.07,homeImprovement,A,paid_off,2024-02-10,2026-02-10,2024-02-10,2026-05-30 13:40:16.990875+00,2026-05-30 13:40:16.990875+00,,,0.00,0,
08aa0060-206c-4455-9552-eba462e1bae3,LN-0957,7f3adfeb-6c20-4bb8-90ea-53588a7e566d,866a2b0d-da4d-403f-9343-390a810648e5,906.16,12.50,24,42.87,122.64,1028.80,9.06,emergency,A,active,2025-06-30,2027-06-30,2025-06-30,2026-05-30 13:40:16.751319+00,2026-05-30 13:40:16.751319+00,,,0.00,0,
08f4ad8e-5484-4043-aad1-fb7d96c894c3,LN-1748,0f758a30-a703-40c1-bef7-d9268517253c,0c6925f4-7d92-41a9-b358-1d126fb41279,569.52,12.50,24,26.94,77.09,646.61,5.70,homeImprovement,A,paid_off,2024-10-20,2026-10-20,2024-10-20,2026-05-30 13:40:16.990875+00,2026-05-30 13:40:16.990875+00,,,0.00,0,
08fca576-d2a1-4873-aace-5a9ba64a6386,LN-1209,dd041005-9340-48b2-9ce6-5e2a12dd39f9,0c6925f4-7d92-41a9-b358-1d126fb41279,345.77,12.50,24,16.36,46.78,392.55,3.46,homeImprovement,A,active,2025-11-30,2027-11-30,2025-11-30,2026-05-30 13:40:16.880606+00,2026-05-30 13:40:16.880606+00,,,0.00,0,
09210e47-f3ca-4db0-8b77-d290f5c7cf92,LN-0916,a96e1089-0169-4247-944c-dff45e5a79ba,89d1c7f8-46de-419f-b2ec-dc69213d45ca,91.02,12.50,24,4.31,12.30,103.32,0.91,homeImprovement,A,active,2025-05-30,2027-05-30,2025-05-30,2026-05-30 13:40:16.751319+00,2026-05-30 13:40:16.751319+00,,,0.00,0,
09264a4c-1582-4d12-a545-eb4c4b15acb6,LN-0215,7930035f-9b8f-44be-9d80-6b3dded7394b,89d1c7f8-46de-419f-b2ec-dc69213d45ca,69.98,12.50,24,3.31,9.48,79.46,0.70,equipment,A,active,2025-11-30,2027-11-30,2025-11-30,2026-05-30 13:40:16.593247+00,2026-05-30 13:40:16.593247+00,,,0.00,0,
092b0729-2a98-4a59-92cd-10563f46aa8e,LN-1413,369cdb0d-a76b-455c-aecd-bd18d9fce3e1,89d1c7f8-46de-419f-b2ec-dc69213d45ca,872.16,12.50,24,41.26,118.02,990.18,8.72,consolidation,B,paid_off,2024-06-06,2026-06-06,2024-06-06,2026-05-30 13:40:16.880606+00,2026-05-30 13:40:16.880606+00,,,0.00,0,
0958f48f-87a9-41ab-a0fb-38c93d2b0cee,LN-1814,49ff1a5c-82ba-468f-bbcb-b2af349a6d6c,0c6925f4-7d92-41a9-b358-1d126fb41279,98.52,12.50,24,4.66,13.35,111.87,0.99,medical,A,paid_off,2024-09-13,2026-09-13,2024-09-13,2026-05-30 13:40:16.990875+00,2026-05-30 13:40:16.990875+00,,,0.00,0,
098a8014-ff36-4ee7-80ad-2f1d8ba9f81b,LN-1073,059fd1cc-ff6d-4edf-9efe-c2e26703cae4,41340b75-3fa9-4cbd-bee5-5d10bb757dbb,1115.81,12.50,24,52.79,151.01,1266.82,11.16,consolidation,B,active,2025-09-30,2027-09-30,2025-09-30,2026-05-30 13:40:16.880606+00,2026-05-30 13:40:16.880606+00,,,0.00,0,
09c9d1e3-ffb5-4105-900f-0329271bbca7,LN-0224,3eb4d95a-e877-41b8-a1bb-ef1ff91fb810,0c6925f4-7d92-41a9-b358-1d126fb41279,699.72,12.50,24,33.10,94.74,794.46,7.00,consolidation,B,active,2026-01-30,2028-01-30,2026-01-30,2026-05-30 13:40:16.593247+00,2026-05-30 13:40:16.593247+00,,,0.00,0,
09e26b05-d4fe-44aa-869e-63a75414ab6f,LN-1213,ff7c4c46-90c2-4fb0-bde7-abbc9031af44,0c6925f4-7d92-41a9-b358-1d126fb41279,413.25,12.50,24,19.55,55.95,469.20,4.13,event,D,active,2026-03-02,2028-03-02,2026-03-02,2026-05-30 13:40:16.880606+00,2026-05-30 13:40:16.880606+00,,,0.00,0,
0a0ab1e0-62b7-41cd-84e7-9fdf6ce15a68,LN-0913,bb69c3d0-49e5-45ee-aa8c-c0c76da4234d,0c6925f4-7d92-41a9-b358-1d126fb41279,121.33,12.50,24,5.74,16.45,137.78,1.21,emergency,C,active,2025-03-30,2027-03-30,2025-03-30,2026-05-30 13:40:16.751319+00,2026-05-30 13:40:16.751319+00,,,0.00,0,
0a23aefa-95a1-459e-a581-42afa7d13839,LN-1227,903a61d7-dd96-4013-9600-6bde9d888b0a,89d1c7f8-46de-419f-b2ec-dc69213d45ca,400.05,12.50,24,18.93,54.12,454.17,4.00,event,B,active,2026-03-30,2028-03-30,2026-03-30,2026-05-30 13:40:16.880606+00,2026-05-30 13:40:16.880606+00,,,0.00,0,
0a745507-20ff-4e58-bffb-72b913daa4dc,LN-1690,0aef1584-58d1-4261-a6ab-8566e8c5c1e0,41340b75-3fa9-4cbd-bee5-5d10bb757dbb,748.92,12.50,24,35.43,101.38,850.30,7.49,event,C,paid_off,2024-11-16,2026-11-16,2024-11-16,2026-05-30 13:40:16.990875+00,2026-05-30 13:40:16.990875+00,,,0.00,0,
0a7a59f3-2906-4955-b5e6-5fe86c27efb4,LN-1976,80619d0d-48f1-4d4b-a4e2-d34137050259,89d1c7f8-46de-419f-b2ec-dc69213d45ca,392.14,12.50,24,18.55,53.10,445.24,3.92,homeImprovement,A,paid_off,2024-02-03,2026-02-03,2024-02-03,2026-05-30 13:40:16.990875+00,2026-05-30 13:40:16.990875+00,,,0.00,0,
0a7c1843-50ed-4dc7-ad59-cd6cae4d5575,LN-1345,c9fdd57f-4de0-4cfc-ba42-691e73282163,41340b75-3fa9-4cbd-bee5-5d10bb757dbb,877.92,12.50,24,41.53,118.86,996.78,8.78,equipment,A,active,2025-12-30,2027-12-30,2025-12-30,2026-05-30 13:40:16.880606+00,2026-05-30 13:40:16.880606+00,,,0.00,0,
0aab08a9-7046-4391-af18-f0258df0ace4,LN-1117,bf87aa0e-b97c-4898-97d6-993c2676ae5a,0c6925f4-7d92-41a9-b358-1d126fb41279,641.23,12.50,24,30.33,86.80,728.03,6.41,emergency,A,active,2025-09-30,2027-09-30,2025-09-30,2026-05-30 13:40:16.880606+00,2026-05-30 13:40:16.880606+00,,,0.00,0,
0ab59f8a-2bf6-4373-97f7-91a7783d1f1c,LN-1544,8a5ce8dd-c1eb-4750-927f-e25f822f4a36,0c6925f4-7d92-41a9-b358-1d126fb41279,399.99,12.50,24,18.92,54.17,454.16,4.00,auto,A,paid_off,2024-09-06,2026-09-06,2024-09-06,2026-05-30 13:40:16.990875+00,2026-05-30 13:40:16.990875+00,,,0.00,0,
0ac4405b-ba10-475a-9dc2-894359b888fc,LN-0773,1fec7b07-ae7d-4663-a39c-70082ba10cbb,0c6925f4-7d92-41a9-b358-1d126fb41279,459.25,12.50,24,21.73,62.16,521.41,4.59,homeImprovement,C,active,2025-03-30,2027-03-30,2025-03-30,2026-05-30 13:40:16.751319+00,2026-05-30 13:40:16.751319+00,,,0.00,0,
0ae3fb54-99b1-45de-bb9a-922f7ccd3b2c,LN-0590,676764c8-8d11-4584-b0e0-cf98686c77aa,41340b75-3fa9-4cbd-bee5-5d10bb757dbb,835.05,12.50,24,39.50,113.07,948.12,8.35,equipment,A,active,2025-11-30,2027-11-30,2025-11-30,2026-05-30 13:40:16.751319+00,2026-05-30 13:40:16.751319+00,,,0.00,0,
0aeedcff-9ff9-4fa6-9045-1eb63805a869,LN-1259,a7dfe22b-63fa-426d-be63-a4ae69a4909b,0c6925f4-7d92-41a9-b358-1d126fb41279,495.82,12.50,24,23.46,67.11,562.93,4.96,auto,C,active,2026-01-30,2028-01-30,2026-01-30,2026-05-30 13:40:16.880606+00,2026-05-30 13:40:16.880606+00,,,0.00,0,
0b0d9004-01f8-492e-88f3-9980d06d12ee,LN-1343,ddbf44d2-94ec-4609-8865-39b7ce3aa506,0c6925f4-7d92-41a9-b358-1d126fb41279,96.45,12.50,24,4.56,13.08,109.53,0.96,emergency,A,active,2025-05-30,2027-05-30,2025-05-30,2026-05-30 13:40:16.880606+00,2026-05-30 13:40:16.880606+00,,,0.00,0,
0b1f5b96-e1ce-461c-9e39-e20fed9fe511,LN-1121,c4c933ec-a389-48d0-af9b-e0b4ee1a82e1,0c6925f4-7d92-41a9-b358-1d126fb41279,499.80,12.50,24,23.64,67.67,567.47,5.00,travel,A,active,2025-07-30,2027-07-30,2025-07-30,2026-05-30 13:40:16.880606+00,2026-05-30 13:40:16.880606+00,,,0.00,1,2026-06-30
0b210ae6-c9ef-4a62-bbc9-56eb314bb568,LN-0189,eaa11b09-d386-4393-8055-faf0292bdc50,89d1c7f8-46de-419f-b2ec-dc69213d45ca,104.81,12.50,24,4.96,14.17,118.98,1.05,consolidation,A,active,2025-09-30,2027-09-30,2025-09-30,2026-05-30 13:40:16.593247+00,2026-05-30 13:40:16.593247+00,,,0.00,0,
0b553d15-3ff1-4082-a937-5ab82773b451,LN-0227,973affca-1a60-4f3a-9255-5425d42cae91,0c6925f4-7d92-41a9-b358-1d126fb41279,569.42,12.50,24,26.94,77.05,646.47,5.69,homeImprovement,A,active,2025-12-30,2027-12-30,2025-12-30,2026-05-30 13:40:16.593247+00,2026-05-30 13:40:16.593247+00,,,0.00,0,
0b826f22-a042-4527-ab4a-efca917eb595,LN-1979,d514dc27-6d4b-4deb-9d43-01787e20dffe,0c6925f4-7d92-41a9-b358-1d126fb41279,455.17,12.50,24,21.53,61.63,516.80,4.55,event,A,paid_off,2024-02-07,2026-02-07,2024-02-07,2026-05-30 13:40:16.990875+00,2026-05-30 13:40:16.990875+00,,,0.00,0,
0ba5970e-010d-40e8-9d66-0da6bea73109,LN-1170,06b9bfcb-7f01-4f3e-9acf-9dcca4e1b1e9,89d1c7f8-46de-419f-b2ec-dc69213d45ca,201.33,12.50,24,9.52,27.28,228.61,2.01,consolidation,A,active,2025-05-30,2027-05-30,2025-05-30,2026-05-30 13:40:16.880606+00,2026-05-30 13:40:16.880606+00,,,0.00,0,
0c24c160-df28-44d3-bade-302da24346da,LN-0400,a59aead8-5924-4d49-9d5e-e38fbdfe0d9b,41340b75-3fa9-4cbd-bee5-5d10bb757dbb,2396.72,12.50,24,113.38,324.44,2721.16,23.97,consolidation,D,active,2025-04-30,2027-04-30,2025-04-30,2026-05-30 13:40:16.593247+00,2026-05-30 13:40:16.593247+00,,,0.00,0,
0c284e79-b10f-47c6-b2b7-dde3bae2a56f,LN-0250,c7f18f6c-08e3-4c9f-bdfb-d9610e10ba8c,89d1c7f8-46de-419f-b2ec-dc69213d45ca,140.56,12.50,24,6.65,19.04,159.60,1.41,homeImprovement,A,active,2025-03-30,2027-03-30,2025-03-30,2026-05-30 13:40:16.593247+00,2026-05-30 13:40:16.593247+00,,,0.00,0,
0c4af405-3591-4859-91bb-6496a5d08984,LN-1974,23c1d436-ba72-4767-8ea1-10b692b998da,89d1c7f8-46de-419f-b2ec-dc69213d45ca,435.71,12.50,24,20.61,58.98,494.69,4.36,medical,A,paid_off,2024-01-01,2026-01-01,2024-01-01,2026-05-30 13:40:16.990875+00,2026-05-30 13:40:16.990875+00,,,0.00,0,
0c652fd2-434e-4d28-b5f5-5c5b49194d30,LN-0973,89360fb0-82c8-48dc-9613-849749c2ce79,0c6925f4-7d92-41a9-b358-1d126fb41279,543.72,12.50,24,25.72,73.59,617.31,5.44,event,B,active,2026-03-30,2028-03-30,2026-03-30,2026-05-30 13:40:16.751319+00,2026-05-30 13:40:16.751319+00,,,0.00,0,
0c8b8680-6618-42ff-b911-de95a6f800e8,LN-0770,d4c5a21a-a870-4eea-a864-6d78e5278ea2,0c6925f4-7d92-41a9-b358-1d126fb41279,264.51,12.50,24,12.51,35.82,300.33,2.65,equipment,D,active,2025-07-30,2027-07-30,2025-07-30,2026-05-30 13:40:16.751319+00,2026-05-30 13:40:16.751319+00,,,0.00,1,2026-06-30
0ca273b5-8ea9-440b-9e2d-139966a75fe6,LN-1390,afa339f6-7fd1-4639-a861-1ef09a1149b2,866a2b0d-da4d-403f-9343-390a810648e5,928.87,12.50,24,43.94,125.76,1054.63,9.29,emergency,D,paid_off,2024-01-10,2026-01-10,2024-01-10,2026-05-30 13:40:16.880606+00,2026-05-30 13:40:16.880606+00,,,0.00,0,
0cc17d2e-0cd4-4700-b34c-add3c7ba8a8e,LN-0150,ae5628eb-bcb7-4444-a7ad-dddddf5cc6ac,0c6925f4-7d92-41a9-b358-1d126fb41279,248.87,12.50,24,11.77,33.69,282.56,2.49,equipment,A,active,2025-10-30,2027-10-30,2025-10-30,2026-05-30 13:40:16.593247+00,2026-05-30 13:40:16.593247+00,,,0.00,0,
0d31728a-a09d-4cc1-8c05-d9ca6785060c,LN-0468,d6894338-2786-403c-aa34-4d4567db6f09,89d1c7f8-46de-419f-b2ec-dc69213d45ca,522.05,12.50,24,24.70,70.66,592.71,5.22,emergency,A,active,2026-01-30,2028-01-30,2026-01-30,2026-05-30 13:40:16.593247+00,2026-05-30 13:40:16.593247+00,,,0.00,0,
0d655361-b21c-48df-82b3-8fe92c743081,LN-0946,3e9db8a0-d7e3-417c-9ace-a9e8d9119489,0c6925f4-7d92-41a9-b358-1d126fb41279,595.81,12.50,24,28.19,80.67,676.48,5.96,consolidation,C,active,2025-06-30,2027-06-30,2025-06-30,2026-05-30 13:40:16.751319+00,2026-05-30 13:40:16.751319+00,,,0.00,0,
0d7af8bc-2b28-4381-813f-c0a202e3de25,LN-0515,75377db3-70d0-4bca-9b6c-2cd2dd23ae76,0c6925f4-7d92-41a9-b358-1d126fb41279,307.26,12.50,24,14.54,41.58,348.84,3.07,medical,C,active,2025-03-02,2027-03-02,2025-03-02,2026-05-30 13:40:16.751319+00,2026-05-30 13:40:16.751319+00,,,0.00,2,2026-06-30
0d801558-8a37-4104-9f20-cf8b2639867b,LN-0291,78501718-cc12-43ca-9bf5-64fefb7195cb,0c6925f4-7d92-41a9-b358-1d126fb41279,817.82,12.50,24,38.69,110.69,928.51,8.18,medical,A,active,2026-04-30,2028-04-30,2026-04-30,2026-05-30 13:40:16.593247+00,2026-05-30 13:40:16.593247+00,,,0.00,0,
0d88acea-786a-45d4-ae65-6f4f6845e5df,LN-1519,1b84fb58-9672-4b31-9164-73b0ee86f891,89d1c7f8-46de-419f-b2ec-dc69213d45ca,106.97,12.50,24,5.06,14.48,121.45,1.07,equipment,B,paid_off,2024-03-14,2026-03-14,2024-03-14,2026-05-30 13:40:16.990875+00,2026-05-30 13:40:16.990875+00,,,0.00,0,
0d94a98a-52fb-4a2e-9db0-264a030815e1,LN-0997,eb733bd8-fe1b-4c3b-ab44-46c4cfde0c69,866a2b0d-da4d-403f-9343-390a810648e5,745.23,12.50,24,35.25,100.89,846.12,7.45,homeImprovement,B,active,2025-07-30,2027-07-30,2025-07-30,2026-05-30 13:40:16.751319+00,2026-05-30 13:40:16.751319+00,,,0.00,0,
0dc49ccb-7bda-4713-8c48-c238cb480326,LN-1664,3d48100b-4767-4914-9f60-636a73fa922a,89d1c7f8-46de-419f-b2ec-dc69213d45ca,494.40,12.50,24,23.39,66.93,561.33,4.94,emergency,D,paid_off,2024-12-25,2026-12-25,2024-12-25,2026-05-30 13:40:16.990875+00,2026-05-30 13:40:16.990875+00,,,0.00,0,
0e10518f-1aef-4847-a90c-915ec7093e8d,LN-0804,6f23ea35-c0cb-4005-a49e-2a8d9b4a720c,89d1c7f8-46de-419f-b2ec-dc69213d45ca,666.49,12.50,24,31.53,90.26,756.75,6.66,auto,B,active,2026-01-30,2028-01-30,2026-01-30,2026-05-30 13:40:16.751319+00,2026-05-30 13:40:16.751319+00,,,0.00,0,
0e74c92c-904d-488b-8f29-a8a1dfb241d1,LN-0912,7649440c-c936-4e1e-93d9-463dd58bfbd0,89d1c7f8-46de-419f-b2ec-dc69213d45ca,291.93,12.50,24,13.81,39.54,331.47,2.92,event,A,active,2026-01-30,2028-01-30,2026-01-30,2026-05-30 13:40:16.751319+00,2026-05-30 13:40:16.751319+00,,,0.00,0,
0e78c521-671e-4eb5-97ff-443e92f888c3,LN-0135,59660b29-22af-44bc-b02a-5b245cb3facf,866a2b0d-da4d-403f-9343-390a810648e5,884.85,12.50,24,41.86,119.79,1004.64,8.85,equipment,A,active,2025-04-30,2027-04-30,2025-04-30,2026-05-30 13:40:16.593247+00,2026-05-30 13:40:16.593247+00,,,0.00,0,
0e920127-8be4-41c6-b662-17e53368790b,LN-1160,16a58f2a-629f-4b60-aab2-b73d68cb0ce8,89d1c7f8-46de-419f-b2ec-dc69213d45ca,317.22,12.50,24,15.01,42.92,360.14,3.17,emergency,C,active,2025-05-30,2027-05-30,2025-05-30,2026-05-30 13:40:16.880606+00,2026-05-30 13:40:16.880606+00,,,0.00,0,
0ef32d32-dec3-4ad3-ba26-26ed204d635b,LN-0208,6bf960da-edc4-4d45-80d6-ff3bd8aa7c13,89d1c7f8-46de-419f-b2ec-dc69213d45ca,695.43,12.50,24,32.90,94.15,789.58,6.95,medical,C,active,2025-05-30,2027-05-30,2025-05-30,2026-05-30 13:40:16.593247+00,2026-05-30 13:40:16.593247+00,,,0.00,0,
0ef85e88-c21f-4ad7-98d3-e3a7304c8371,LN-1378,c1d70535-aad2-4047-9959-b0ea4fe3557f,0c6925f4-7d92-41a9-b358-1d126fb41279,279.66,12.50,24,13.23,37.89,317.55,2.80,emergency,D,paid_off,2024-06-15,2026-06-15,2024-06-15,2026-05-30 13:40:16.880606+00,2026-05-30 13:40:16.880606+00,,,0.00,0,
0f0074fa-e0ec-47bd-ad6e-a453048fcdb3,LN-1848,3b7c04ec-3263-4e97-a752-cc9c381cf536,0c6925f4-7d92-41a9-b358-1d126fb41279,317.37,12.50,24,15.01,43.00,360.37,3.17,equipment,C,paid_off,2024-01-12,2026-01-12,2024-01-12,2026-05-30 13:40:16.990875+00,2026-05-30 13:40:16.990875+00,,,0.00,0,
0f3c1f0e-ea7a-4e89-b05a-25a743168f7a,LN-1030,4248087d-b036-4d57-8d76-31b25382f1cf,0c6925f4-7d92-41a9-b358-1d126fb41279,207.26,12.50,24,9.80,28.08,235.34,2.07,medical,A,active,2025-06-30,2027-06-30,2025-06-30,2026-05-30 13:40:16.880606+00,2026-05-30 13:40:16.880606+00,,,0.00,0,
0f44a072-8c7a-4542-bb6e-ee733aaa2eef,LN-0510,62f205a1-bebf-4b24-a81e-70bc4d1b16ec,89d1c7f8-46de-419f-b2ec-dc69213d45ca,673.21,12.50,24,31.85,91.10,764.31,6.73,travel,A,active,2026-03-30,2028-03-30,2026-03-30,2026-05-30 13:40:16.751319+00,2026-05-30 13:40:16.751319+00,,,0.00,0,
0f4ffd09-a19d-4506-964f-e7526e9ae9bb,LN-1987,c5587ddb-3ae4-4c7a-872c-e35fca4b4096,866a2b0d-da4d-403f-9343-390a810648e5,545.66,12.50,24,25.81,73.86,619.52,5.46,travel,C,paid_off,2024-06-05,2026-06-05,2024-06-05,2026-05-30 13:40:16.990875+00,2026-05-30 13:40:16.990875+00,,,0.00,0,
0f5cc165-14d4-46a8-80d7-947cea35a88c,LN-1144,fd3b39ac-563e-4126-978c-51348e4e8a92,89d1c7f8-46de-419f-b2ec-dc69213d45ca,863.72,12.50,24,40.86,116.92,980.64,8.64,travel,C,active,2026-04-30,2028-04-30,2026-04-30,2026-05-30 13:40:16.880606+00,2026-05-30 13:40:16.880606+00,,,0.00,0,
0f687713-881c-4065-9b73-1bbec9cfc4a2,LN-0017,f5fe4034-1125-4a99-8517-ef45f7f464a3,0c6925f4-7d92-41a9-b358-1d126fb41279,243.38,12.50,24,11.51,32.99,276.37,2.43,consolidation,C,active,2025-12-30,2027-12-30,2025-12-30,2026-05-30 13:40:16.593247+00,2026-05-30 13:40:16.593247+00,,,0.00,0,
0f7b933c-df0b-44da-a80a-1a42a7c5a791,LN-0719,a8775887-4b0a-43e6-a5fc-ffa7b953e148,0c6925f4-7d92-41a9-b358-1d126fb41279,542.07,12.50,24,25.64,73.39,615.46,5.42,medical,A,active,2025-10-30,2027-10-30,2025-10-30,2026-05-30 13:40:16.751319+00,2026-05-30 13:40:16.751319+00,,,0.00,0,
0fc504ff-499f-47e5-bc2a-619bbded2ebc,LN-0494,fcb153f6-d1bd-4943-9975-b1822cfc99ce,0c6925f4-7d92-41a9-b358-1d126fb41279,408.91,12.50,24,19.34,55.35,464.26,4.09,equipment,C,active,2026-01-30,2028-01-30,2026-01-30,2026-05-30 13:40:16.593247+00,2026-05-30 13:40:16.593247+00,,,0.00,0,
1040ffcd-119f-4764-b646-778af11b369e,LN-0295,e55b936d-7215-4264-90bb-1939811a6799,0c6925f4-7d92-41a9-b358-1d126fb41279,185.46,12.50,24,8.77,25.12,210.58,1.85,equipment,D,active,2025-06-30,2027-06-30,2025-06-30,2026-05-30 13:40:16.593247+00,2026-05-30 13:40:16.593247+00,,,0.00,3,2026-06-30
1057f832-590c-4475-9630-4fddde0eafca,LN-0859,04bb9c87-c64f-4315-856d-9a1b33701f32,0c6925f4-7d92-41a9-b358-1d126fb41279,738.04,12.50,24,34.91,99.93,837.97,7.38,emergency,A,active,2025-06-30,2027-06-30,2025-06-30,2026-05-30 13:40:16.751319+00,2026-05-30 13:40:16.751319+00,,,0.00,0,
107ee43f-d701-400a-a468-6c888fe140b6,LN-0633,f29aff10-c34c-4c05-9f78-0ecbdc3e9eca,866a2b0d-da4d-403f-9343-390a810648e5,1717.11,12.50,24,81.23,232.47,1949.58,17.17,emergency,A,active,2025-11-30,2027-11-30,2025-11-30,2026-05-30 13:40:16.751319+00,2026-05-30 13:40:16.751319+00,,,0.00,0,
10cd1b0d-fd4e-408a-8c92-d178318d7557,LN-0044,617449ac-aab6-40a4-84ba-81da9588dbb4,866a2b0d-da4d-403f-9343-390a810648e5,723.56,12.50,24,34.23,97.94,821.50,7.24,homeImprovement,B,active,2026-03-02,2028-03-02,2026-03-02,2026-05-30 13:40:16.593247+00,2026-05-30 13:40:16.593247+00,,,0.00,0,
10f4686f-fabc-4763-8fff-7a05d5eaf69d,LN-0750,1ec5e7a8-80e3-41cd-a450-8fdb8afde404,0c6925f4-7d92-41a9-b358-1d126fb41279,853.57,12.50,24,40.38,115.55,969.12,8.54,emergency,A,active,2025-06-30,2027-06-30,2025-06-30,2026-05-30 13:40:16.751319+00,2026-05-30 13:40:16.751319+00,,,0.00,0,
10f96b65-ab8a-4ad5-94e6-72ca8568ad49,LN-0409,d6cbd861-626c-45ba-8ff6-7066b1205782,0c6925f4-7d92-41a9-b358-1d126fb41279,201.54,12.50,24,9.53,27.29,228.83,2.02,auto,C,active,2025-06-30,2027-06-30,2025-06-30,2026-05-30 13:40:16.593247+00,2026-05-30 13:40:16.593247+00,,,0.00,0,
110944e4-1696-4bfa-9f92-87863b925308,LN-0107,f02c9edc-7c67-4421-b477-e49cee925adf,41340b75-3fa9-4cbd-bee5-5d10bb757dbb,1117.45,12.50,24,52.86,151.32,1268.77,11.17,event,B,active,2025-09-30,2027-09-30,2025-09-30,2026-05-30 13:40:16.593247+00,2026-05-30 13:40:16.593247+00,,,0.00,1,2026-06-30
113a8f75-f105-477f-af4f-de36c4326211,LN-1602,c860bf0b-6daf-42ec-9126-cef9d64e3daf,89d1c7f8-46de-419f-b2ec-dc69213d45ca,389.01,12.50,24,18.40,52.65,441.66,3.89,medical,B,paid_off,2024-05-10,2026-05-10,2024-05-10,2026-05-30 13:40:16.990875+00,2026-05-30 13:40:16.990875+00,,,0.00,0,
1144baf0-abf3-4443-9370-aa734e58aa67,LN-1024,a6a25237-01ec-4374-a9b3-1753326aa9a6,89d1c7f8-46de-419f-b2ec-dc69213d45ca,486.34,12.50,24,23.01,65.85,552.19,4.86,emergency,A,active,2025-12-30,2027-12-30,2025-12-30,2026-05-30 13:40:16.880606+00,2026-05-30 13:40:16.880606+00,,,0.00,0,
116dea00-4a74-4dc1-86b7-9f802ebcea33,LN-0897,80321f89-51c8-43cd-ac8f-d58c5eec257d,89d1c7f8-46de-419f-b2ec-dc69213d45ca,502.22,12.50,24,23.76,67.99,570.21,5.02,medical,B,active,2026-01-30,2028-01-30,2026-01-30,2026-05-30 13:40:16.751319+00,2026-05-30 13:40:16.751319+00,,,0.00,1,2026-06-30
118d89e9-3d5a-4077-83ce-9bbed5b5d366,LN-1778,25d9922b-5e90-4b8e-8191-5038005154ab,0c6925f4-7d92-41a9-b358-1d126fb41279,367.09,12.50,24,17.37,49.67,416.76,3.67,consolidation,A,paid_off,2024-08-22,2026-08-22,2024-08-22,2026-05-30 13:40:16.990875+00,2026-05-30 13:40:16.990875+00,,,0.00,0,
11972bc6-28af-4656-bf0a-b550bc24dd26,LN-0202,ce65137c-3028-4e8e-90c5-ae1ad9706947,0c6925f4-7d92-41a9-b358-1d126fb41279,700.90,12.50,24,33.16,94.88,795.78,7.01,emergency,A,active,2025-10-30,2027-10-30,2025-10-30,2026-05-30 13:40:16.593247+00,2026-05-30 13:40:16.593247+00,,,0.00,0,
11e2228e-e08c-458c-aa89-caab42c99e81,LN-1322,21615cbc-794d-450e-87cf-7d82d39658c5,0c6925f4-7d92-41a9-b358-1d126fb41279,862.88,12.50,24,40.82,116.84,979.72,8.63,consolidation,A,active,2026-03-02,2028-03-02,2026-03-02,2026-05-30 13:40:16.880606+00,2026-05-30 13:40:16.880606+00,,,0.00,0,
124506a8-c582-46c0-9366-7e02effc3d7c,LN-1756,ed36d844-0114-485a-923a-1f425f131cf8,0c6925f4-7d92-41a9-b358-1d126fb41279,69.94,12.50,24,3.31,9.47,79.41,0.70,emergency,A,paid_off,2024-09-22,2026-09-22,2024-09-22,2026-05-30 13:40:16.990875+00,2026-05-30 13:40:16.990875+00,,,0.00,0,
12489da2-2042-4575-a05f-2913965d3c95,LN-0702,ffb6a632-1242-48f4-a18a-ebf88a81dcf4,0c6925f4-7d92-41a9-b358-1d126fb41279,328.30,12.50,24,15.53,44.47,372.77,3.28,consolidation,A,active,2025-03-02,2027-03-02,2025-03-02,2026-05-30 13:40:16.751319+00,2026-05-30 13:40:16.751319+00,,,0.00,1,2026-06-30
126b75c6-0c56-4d11-920a-c7e37bf22dec,LN-0821,2237c828-17e2-4587-9a72-f810d51c89bc,0c6925f4-7d92-41a9-b358-1d126fb41279,710.46,12.50,24,33.61,96.19,806.65,7.10,emergency,A,active,2025-04-30,2027-04-30,2025-04-30,2026-05-30 13:40:16.751319+00,2026-05-30 13:40:16.751319+00,,,0.00,0,
1297ea0b-986d-474a-b306-550f20053313,LN-0269,99e7ab6f-6a41-48cf-8fe2-a5c3fd7402b8,0c6925f4-7d92-41a9-b358-1d126fb41279,355.76,12.50,24,16.83,48.16,403.92,3.56,emergency,B,active,2025-05-30,2027-05-30,2025-05-30,2026-05-30 13:40:16.593247+00,2026-05-30 13:40:16.593247+00,,,0.00,1,2026-06-30
129c29d1-a799-44d0-9528-6772b71e8849,LN-1217,8bda4973-3d17-454f-aec4-4d7baf8df747,0c6925f4-7d92-41a9-b358-1d126fb41279,350.09,12.50,24,16.56,47.42,397.51,3.50,emergency,A,active,2025-12-30,2027-12-30,2025-12-30,2026-05-30 13:40:16.880606+00,2026-05-30 13:40:16.880606+00,,,0.00,0,
12c27f7f-d292-4473-943a-251abe9a82d1,LN-0393,261a9881-e87a-47a1-a3a6-77d3d478ff2b,0c6925f4-7d92-41a9-b358-1d126fb41279,1078.50,12.50,24,51.02,146.02,1224.52,10.79,consolidation,A,active,2025-11-30,2027-11-30,2025-11-30,2026-05-30 13:40:16.593247+00,2026-05-30 13:40:16.593247+00,,,0.00,1,2026-06-30
12c81cf3-0fcc-428b-a7b8-a0177ca674c0,LN-1229,aa14f299-2902-4814-8e91-ec5b647e8b4a,89d1c7f8-46de-419f-b2ec-dc69213d45ca,476.41,12.50,24,22.54,64.49,540.90,4.76,homeImprovement,A,active,2025-09-30,2027-09-30,2025-09-30,2026-05-30 13:40:16.880606+00,2026-05-30 13:40:16.880606+00,,,0.00,3,2026-06-30
12deaa5c-05eb-494e-83e5-145e2f7ef9c2,LN-0858,2162884d-cb80-485a-b925-5349549d9267,89d1c7f8-46de-419f-b2ec-dc69213d45ca,223.62,12.50,24,10.58,30.27,253.89,2.24,travel,B,active,2025-10-30,2027-10-30,2025-10-30,2026-05-30 13:40:16.751319+00,2026-05-30 13:40:16.751319+00,,,0.00,1,2026-06-30
12f0b052-0e9e-4f45-8e91-0407a0cc9237,LN-1942,58f67017-2f4c-4e50-b68f-e7f02485b85a,0c6925f4-7d92-41a9-b358-1d126fb41279,68.72,12.50,24,3.25,9.32,78.04,0.69,auto,A,paid_off,2024-07-08,2026-07-08,2024-07-08,2026-05-30 13:40:16.990875+00,2026-05-30 13:40:16.990875+00,,,0.00,0,
130619b0-2808-49f1-9d97-4124e2ab1d1a,LN-0209,528718e0-58a4-4af4-a3e8-658c091774f6,0c6925f4-7d92-41a9-b358-1d126fb41279,559.47,12.50,24,26.47,75.71,635.18,5.59,emergency,A,defaulted,2025-03-02,2027-03-02,2025-03-02,2026-05-30 13:40:16.593247+00,2026-05-30 13:40:16.593247+00,2026-04-30,written_off,388.18,4,
130e5082-a699-4086-9e63-e345f775a2ae,LN-1066,55e21473-4279-4657-9cf7-3baf98e510bd,89d1c7f8-46de-419f-b2ec-dc69213d45ca,1859.25,12.50,24,87.96,251.69,2110.94,18.59,homeImprovement,C,active,2026-03-30,2028-03-30,2026-03-30,2026-05-30 13:40:16.880606+00,2026-05-30 13:40:16.880606+00,,,0.00,0,
1336be2d-0159-4f72-8374-f4e75e35a8d2,LN-0820,eec39815-8da9-4e9d-a6cb-6f6d4d160eab,89d1c7f8-46de-419f-b2ec-dc69213d45ca,142.02,12.50,24,6.72,19.23,161.25,1.42,equipment,A,defaulted,2025-03-02,2027-03-02,2025-03-02,2026-05-30 13:40:16.751319+00,2026-05-30 13:40:16.751319+00,2025-10-30,written_off,98.53,4,
13386580-3965-424d-9b13-3faed367f09c,LN-1515,a51dd516-f1cd-4b42-bb45-bda3a6e9643a,89d1c7f8-46de-419f-b2ec-dc69213d45ca,1402.99,12.50,24,66.37,189.91,1592.90,14.03,emergency,A,paid_off,2024-08-22,2026-08-22,2024-08-22,2026-05-30 13:40:16.990875+00,2026-05-30 13:40:16.990875+00,,,0.00,0,
13a319f9-76b2-40ca-bc9b-25d02a295ddb,LN-1236,8d27bf8a-9a0e-4a0c-a43d-dff357b80388,0c6925f4-7d92-41a9-b358-1d126fb41279,114.05,12.50,24,5.40,15.42,129.47,1.14,consolidation,B,active,2025-08-30,2027-08-30,2025-08-30,2026-05-30 13:40:16.880606+00,2026-05-30 13:40:16.880606+00,,,0.00,1,2026-06-30
13d29e09-ade4-408b-8653-9ebc0479a74b,LN-1706,91fe79ff-820e-48bc-9c05-13582c5d4e1d,89d1c7f8-46de-419f-b2ec-dc69213d45ca,554.00,12.50,24,26.21,74.96,628.96,5.54,homeImprovement,A,paid_off,2024-07-07,2026-07-07,2024-07-07,2026-05-30 13:40:16.990875+00,2026-05-30 13:40:16.990875+00,,,0.00,0,
13d73c2e-6a66-4e44-b79b-9885036784ec,LN-0133,0fdd44f8-53c8-40c8-bb13-6c7bdf3bd469,0c6925f4-7d92-41a9-b358-1d126fb41279,640.45,12.50,24,30.30,86.70,727.15,6.40,consolidation,A,active,2025-03-30,2027-03-30,2025-03-30,2026-05-30 13:40:16.593247+00,2026-05-30 13:40:16.593247+00,,,0.00,2,2026-06-30
13dd9223-aaa6-4086-b72a-4b74839064fa,LN-1780,b21bab78-03b0-4b5f-87a5-3838db8ac938,89d1c7f8-46de-419f-b2ec-dc69213d45ca,491.14,12.50,24,23.23,66.50,557.64,4.91,auto,B,paid_off,2024-12-19,2026-12-19,2024-12-19,2026-05-30 13:40:16.990875+00,2026-05-30 13:40:16.990875+00,,,0.00,0,
13f5f0d4-bbaa-4a28-be50-c7287a65eb48,LN-1167,a41a63a9-8825-45d3-9c61-07dec6f9b387,0c6925f4-7d92-41a9-b358-1d126fb41279,449.95,12.50,24,21.29,60.86,510.81,4.50,consolidation,B,active,2025-03-30,2027-03-30,2025-03-30,2026-05-30 13:40:16.880606+00,2026-05-30 13:40:16.880606+00,,,0.00,0,
13f961ab-4a64-4c68-b7ee-971cd8b1f70e,LN-1550,dbbdea75-3b8e-4eff-8e08-c71cd659b709,0c6925f4-7d92-41a9-b358-1d126fb41279,499.85,12.50,24,23.65,67.63,567.48,5.00,travel,B,paid_off,2024-03-15,2026-03-15,2024-03-15,2026-05-30 13:40:16.990875+00,2026-05-30 13:40:16.990875+00,,,0.00,0,
1401cea6-bfe6-4881-88e7-96d18ce74a1f,LN-1088,1798434d-7a44-4bbc-a141-49430a92ed6b,89d1c7f8-46de-419f-b2ec-dc69213d45ca,315.54,12.50,24,14.93,42.73,358.27,3.16,homeImprovement,A,active,2026-01-30,2028-01-30,2026-01-30,2026-05-30 13:40:16.880606+00,2026-05-30 13:40:16.880606+00,,,0.00,0,
14150dad-677a-4674-ad84-fb2d5951ccaf,LN-1393,4ca7f4fe-0a64-41e5-b387-55fb5a076605,0c6925f4-7d92-41a9-b358-1d126fb41279,1437.72,12.50,24,68.01,194.65,1632.37,14.38,homeImprovement,D,paid_off,2024-05-06,2026-05-06,2024-05-06,2026-05-30 13:40:16.880606+00,2026-05-30 13:40:16.880606+00,,,0.00,0,
142442a5-5105-4b76-b97d-6b4625196491,LN-0482,d98a5d59-83e6-4bb5-8094-e85b44d9729f,866a2b0d-da4d-403f-9343-390a810648e5,763.83,12.50,24,36.13,103.43,867.26,7.64,equipment,B,active,2025-11-30,2027-11-30,2025-11-30,2026-05-30 13:40:16.593247+00,2026-05-30 13:40:16.593247+00,,,0.00,0,
1454f694-d944-4072-ac97-72cdce3d199d,LN-1326,ede3fdc2-c41b-49e8-b2cc-846d00c603a9,89d1c7f8-46de-419f-b2ec-dc69213d45ca,152.92,12.50,24,7.23,20.70,173.62,1.53,consolidation,A,active,2025-12-30,2027-12-30,2025-12-30,2026-05-30 13:40:16.880606+00,2026-05-30 13:40:16.880606+00,,,0.00,0,
14580244-61ad-4ecf-a56b-6b7a79ade75b,LN-0390,ba12dfdb-d6d2-48da-b667-2a00ba04039d,0c6925f4-7d92-41a9-b358-1d126fb41279,1101.75,12.50,24,52.12,149.17,1250.92,11.02,event,B,active,2025-10-30,2027-10-30,2025-10-30,2026-05-30 13:40:16.593247+00,2026-05-30 13:40:16.593247+00,,,0.00,0,
146a5a20-97e8-4edc-9a72-2ada683653dc,LN-1523,5030815c-0c8a-4a0e-b4af-4ebb1d46267e,89d1c7f8-46de-419f-b2ec-dc69213d45ca,217.52,12.50,24,10.29,29.46,246.98,2.18,homeImprovement,B,paid_off,2024-06-12,2026-06-12,2024-06-12,2026-05-30 13:40:16.990875+00,2026-05-30 13:40:16.990875+00,,,0.00,0,
148567c0-6e84-4e06-a078-60e03fc09bdc,LN-0298,e67ae615-33fb-48fe-b9f3-4fbfcdc7b106,89d1c7f8-46de-419f-b2ec-dc69213d45ca,161.41,12.50,24,7.64,21.83,183.24,1.61,homeImprovement,B,active,2025-06-30,2027-06-30,2025-06-30,2026-05-30 13:40:16.593247+00,2026-05-30 13:40:16.593247+00,,,0.00,0,
149a25f9-cc99-45d9-ae82-ad1111bae9f0,LN-1820,084053c1-f304-4eac-b0e7-6ed776555d11,89d1c7f8-46de-419f-b2ec-dc69213d45ca,301.34,12.50,24,14.26,40.81,342.15,3.01,event,B,paid_off,2024-06-20,2026-06-20,2024-06-20,2026-05-30 13:40:16.990875+00,2026-05-30 13:40:16.990875+00,,,0.00,0,
14b78518-d9bb-4ee4-9516-ecf1dfab00ac,LN-0988,68a116fa-cf65-4ee6-ac75-f131f8580b84,89d1c7f8-46de-419f-b2ec-dc69213d45ca,493.79,12.50,24,23.36,66.81,560.60,4.94,homeImprovement,C,active,2025-06-30,2027-06-30,2025-06-30,2026-05-30 13:40:16.751319+00,2026-05-30 13:40:16.751319+00,,,0.00,0,
150b4d54-7b6f-4757-8ace-0488353b3112,LN-1962,f00f2741-38bb-45a5-8b31-40f8904cafc5,41340b75-3fa9-4cbd-bee5-5d10bb757dbb,662.79,12.50,24,31.35,89.70,752.49,6.63,medical,A,paid_off,2024-02-03,2026-02-03,2024-02-03,2026-05-30 13:40:16.990875+00,2026-05-30 13:40:16.990875+00,,,0.00,0,
150ec1f3-a79d-4e43-b5a4-544f8caf5d9e,LN-0512,5f394f8b-6d5f-4be0-82f3-021333b51d0b,89d1c7f8-46de-419f-b2ec-dc69213d45ca,130.54,12.50,24,6.18,17.66,148.20,1.31,consolidation,A,active,2025-07-30,2027-07-30,2025-07-30,2026-05-30 13:40:16.751319+00,2026-05-30 13:40:16.751319+00,,,0.00,0,
151b512c-96e2-4e22-bce3-a73adfd74cb4,LN-0420,d3b02504-5e21-47fa-9eea-4ee5752229cb,0c6925f4-7d92-41a9-b358-1d126fb41279,207.68,12.50,24,9.82,28.12,235.80,2.08,travel,A,active,2026-03-30,2028-03-30,2026-03-30,2026-05-30 13:40:16.593247+00,2026-05-30 13:40:16.593247+00,,,0.00,0,
154e6e15-fa3d-46e4-90f7-8d2925e8e39a,LN-0163,71fe3c6f-a95f-43a8-90d4-64095def128d,0c6925f4-7d92-41a9-b358-1d126fb41279,594.00,12.50,24,28.10,80.44,674.44,5.94,consolidation,B,active,2025-09-30,2027-09-30,2025-09-30,2026-05-30 13:40:16.593247+00,2026-05-30 13:40:16.593247+00,,,0.00,0,
156c5216-24b7-4979-998a-2eea6471a4bd,LN-1555,b13710c5-3562-44b0-9f2d-78e78d5e7314,89d1c7f8-46de-419f-b2ec-dc69213d45ca,1451.70,12.50,24,68.68,196.51,1648.21,14.52,event,B,paid_off,2024-07-04,2026-07-04,2024-07-04,2026-05-30 13:40:16.990875+00,2026-05-30 13:40:16.990875+00,,,0.00,0,
1570c38d-a0fb-465a-91ad-41d35cde82e0,LN-1250,e2abd685-bb41-4ff5-a45d-6ad3ca747466,89d1c7f8-46de-419f-b2ec-dc69213d45ca,675.38,12.50,24,31.95,91.46,766.84,6.75,consolidation,B,active,2026-04-30,2028-04-30,2026-04-30,2026-05-30 13:40:16.880606+00,2026-05-30 13:40:16.880606+00,,,0.00,0,
157119a4-4bcb-4b1b-9e18-4554e5b09246,LN-1804,57603a29-c80b-4a33-8c72-2847a51cb1d8,89d1c7f8-46de-419f-b2ec-dc69213d45ca,77.82,12.50,24,3.68,10.54,88.36,0.78,consolidation,A,paid_off,2024-12-24,2026-12-24,2024-12-24,2026-05-30 13:40:16.990875+00,2026-05-30 13:40:16.990875+00,,,0.00,0,
157d485d-edd3-4621-86d8-454e1a0a1af5,LN-1313,fdfc1d49-80fc-4aee-b8f4-ba5dd217db79,0c6925f4-7d92-41a9-b358-1d126fb41279,674.77,12.50,24,31.92,91.36,766.13,6.75,event,B,active,2026-04-30,2028-04-30,2026-04-30,2026-05-30 13:40:16.880606+00,2026-05-30 13:40:16.880606+00,,,0.00,0,
157d70a3-f4b0-4f51-a400-455cac2ffe2a,LN-0983,bb964c18-0796-47c7-abd4-dec3c203a006,0c6925f4-7d92-41a9-b358-1d126fb41279,277.57,12.50,24,13.13,37.57,315.14,2.78,equipment,A,active,2025-03-30,2027-03-30,2025-03-30,2026-05-30 13:40:16.751319+00,2026-05-30 13:40:16.751319+00,,,0.00,0,
1593f943-4d2a-4b60-8a3c-2dab92fada24,LN-0090,bd079342-fb5d-4807-a146-39416179b507,0c6925f4-7d92-41a9-b358-1d126fb41279,412.25,12.50,24,19.50,55.83,468.08,4.12,consolidation,A,active,2025-09-30,2027-09-30,2025-09-30,2026-05-30 13:40:16.593247+00,2026-05-30 13:40:16.593247+00,,,0.00,0,
15a5778b-baff-4ae4-bef8-908508c6a8e3,LN-0715,eac5aa5b-d1b1-4607-ab2c-d30c4d03476d,0c6925f4-7d92-41a9-b358-1d126fb41279,401.69,12.50,24,19.00,54.39,456.08,4.02,emergency,B,active,2025-05-30,2027-05-30,2025-05-30,2026-05-30 13:40:16.751319+00,2026-05-30 13:40:16.751319+00,,,0.00,0,
15ebb5ea-a05e-4efc-b85d-cc2bbfdd1d75,LN-0555,78691666-682e-4a03-8b64-2ba6b135d6ae,89d1c7f8-46de-419f-b2ec-dc69213d45ca,183.01,12.50,24,8.66,24.78,207.79,1.83,consolidation,A,active,2025-12-30,2027-12-30,2025-12-30,2026-05-30 13:40:16.751319+00,2026-05-30 13:40:16.751319+00,,,0.00,0,
15ee2516-719f-4265-8b11-c000758b4736,LN-1406,7ba6bff8-cb43-48fe-bf7a-45b53b6ae817,0c6925f4-7d92-41a9-b358-1d126fb41279,347.20,12.50,24,16.43,47.00,394.20,3.47,emergency,A,paid_off,2024-07-19,2026-07-19,2024-07-19,2026-05-30 13:40:16.880606+00,2026-05-30 13:40:16.880606+00,,,0.00,0,
1645bcda-d111-46c1-9542-ef9b00a144b1,LN-0907,12a83725-ed66-43d9-ab24-68515d06d59d,0c6925f4-7d92-41a9-b358-1d126fb41279,547.71,12.50,24,25.91,74.15,621.86,5.48,homeImprovement,A,active,2025-05-30,2027-05-30,2025-05-30,2026-05-30 13:40:16.751319+00,2026-05-30 13:40:16.751319+00,,,0.00,1,2026-06-30
165927dc-055d-4337-ad35-a70b415de279,LN-0125,6e219662-aed2-4f75-91e3-4b697bdc5ab4,41340b75-3fa9-4cbd-bee5-5d10bb757dbb,779.29,12.50,24,36.87,105.50,884.79,7.79,consolidation,A,active,2026-04-30,2028-04-30,2026-04-30,2026-05-30 13:40:16.593247+00,2026-05-30 13:40:16.593247+00,,,0.00,0,
168263ff-b183-4d91-8435-eaec5e9e9f64,LN-1040,b85a7e77-ca77-405b-b5fc-b20fe1f70d7e,89d1c7f8-46de-419f-b2ec-dc69213d45ca,70.36,12.50,24,3.33,9.52,79.88,0.70,equipment,A,active,2025-06-30,2027-06-30,2025-06-30,2026-05-30 13:40:16.880606+00,2026-05-30 13:40:16.880606+00,,,0.00,1,2026-06-30
16ccc7fe-8458-41c2-bee0-5212424dfadc,LN-0363,45bc2acf-febd-44dc-a7e9-ef8513adb390,866a2b0d-da4d-403f-9343-390a810648e5,1370.73,12.50,24,64.85,185.54,1556.27,13.71,consolidation,A,defaulted,2025-06-30,2027-06-30,2025-06-30,2026-05-30 13:40:16.593247+00,2026-05-30 13:40:16.593247+00,2026-04-30,written_off,1165.26,4,
16f75c9f-36d2-4872-afd7-8f8db2f50cc6,LN-1823,98e91105-ecf4-497b-b39f-c8bd9efc7d8e,89d1c7f8-46de-419f-b2ec-dc69213d45ca,328.10,12.50,24,15.52,44.44,372.54,3.28,auto,A,paid_off,2024-09-04,2026-09-04,2024-09-04,2026-05-30 13:40:16.990875+00,2026-05-30 13:40:16.990875+00,,,0.00,0,
17285c3b-b171-4ff9-855e-e6be5e2ab9b7,LN-0123,8dda3e0c-83db-4518-afd3-94b5ef1fbc22,89d1c7f8-46de-419f-b2ec-dc69213d45ca,370.07,12.50,24,17.51,50.08,420.15,3.70,homeImprovement,A,active,2025-07-30,2027-07-30,2025-07-30,2026-05-30 13:40:16.593247+00,2026-05-30 13:40:16.593247+00,,,0.00,0,
1746ffce-fc77-4392-b44d-a7aa4b5acc6c,LN-1125,625f00bb-7004-4bff-8b64-8764d352a0d8,89d1c7f8-46de-419f-b2ec-dc69213d45ca,244.93,12.50,24,11.59,33.14,278.07,2.45,auto,A,active,2025-03-30,2027-03-30,2025-03-30,2026-05-30 13:40:16.880606+00,2026-05-30 13:40:16.880606+00,,,0.00,0,
176e1aa9-1314-4ec6-9e06-144eee5102d2,LN-1671,c99e35e4-63c1-4052-a227-cd1ec9d69a76,41340b75-3fa9-4cbd-bee5-5d10bb757dbb,842.65,12.50,24,39.86,114.06,956.71,8.43,event,A,paid_off,2024-06-23,2026-06-23,2024-06-23,2026-05-30 13:40:16.990875+00,2026-05-30 13:40:16.990875+00,,,0.00,0,
1775188e-d8fd-4aeb-b68b-311d222187ab,LN-0500,a3d8aee8-8d61-46c7-82cd-b30eaf143115,41340b75-3fa9-4cbd-bee5-5d10bb757dbb,644.85,12.50,24,30.51,87.29,732.14,6.45,consolidation,A,active,2025-05-30,2027-05-30,2025-05-30,2026-05-30 13:40:16.593247+00,2026-05-30 13:40:16.593247+00,,,0.00,0,
178e2c17-74f3-4b89-900a-73e021964127,LN-0421,29c31a22-468b-4b9c-8650-fb728e550b8d,89d1c7f8-46de-419f-b2ec-dc69213d45ca,288.33,12.50,24,13.64,38.99,327.32,2.88,consolidation,D,active,2026-01-30,2028-01-30,2026-01-30,2026-05-30 13:40:16.593247+00,2026-05-30 13:40:16.593247+00,,,0.00,0,
179098fb-7584-4a1a-8bcb-625771ca784d,LN-1453,2051b0dc-02e6-41a4-b363-c2b0835c43dd,0c6925f4-7d92-41a9-b358-1d126fb41279,210.34,12.50,24,9.95,28.45,238.79,2.10,travel,A,paid_off,2024-03-26,2026-03-26,2024-03-26,2026-05-30 13:40:16.880606+00,2026-05-30 13:40:16.880606+00,,,0.00,0,
17f21b0b-3125-47d0-b1af-dc875fa1cf27,LN-0625,e7b15382-07a7-4cf9-8de4-5bfe614a70d4,0c6925f4-7d92-41a9-b358-1d126fb41279,474.30,12.50,24,22.44,64.20,538.50,4.74,emergency,B,active,2025-01-30,2027-01-30,2025-01-30,2026-05-30 13:40:16.751319+00,2026-05-30 13:40:16.751319+00,,,0.00,1,2026-06-30
180d6c21-a8ba-44f1-81bc-9dbb9fc31527,LN-1283,a22d1c05-7253-4330-804a-b9ee3381bd02,89d1c7f8-46de-419f-b2ec-dc69213d45ca,194.48,12.50,24,9.20,26.32,220.80,1.94,emergency,B,active,2025-09-30,2027-09-30,2025-09-30,2026-05-30 13:40:16.880606+00,2026-05-30 13:40:16.880606+00,,,0.00,0,
181b750b-95aa-4c91-a45d-c0491d75ff7e,LN-0696,f421966a-e762-4461-a3b5-1fdf6570f6ea,41340b75-3fa9-4cbd-bee5-5d10bb757dbb,697.41,12.50,24,32.99,94.44,791.85,6.97,emergency,A,active,2025-08-30,2027-08-30,2025-08-30,2026-05-30 13:40:16.751319+00,2026-05-30 13:40:16.751319+00,,,0.00,1,2026-06-30
18256359-0717-469a-a15f-afb2d6fe5cff,LN-0990,54695265-601a-4999-876c-7739e17c763d,0c6925f4-7d92-41a9-b358-1d126fb41279,105.68,12.50,24,5.00,14.30,119.98,1.06,emergency,A,active,2026-03-02,2028-03-02,2026-03-02,2026-05-30 13:40:16.751319+00,2026-05-30 13:40:16.751319+00,,,0.00,0,
182b8400-7578-4003-b7e6-0751cab6a36a,LN-1356,34609047-36e5-4fee-8e2c-979a62563eb2,0c6925f4-7d92-41a9-b358-1d126fb41279,1127.25,12.50,24,53.33,152.57,1279.82,11.27,emergency,C,active,2025-08-30,2027-08-30,2025-08-30,2026-05-30 13:40:16.880606+00,2026-05-30 13:40:16.880606+00,,,0.00,0,
182f9134-4d6b-4449-9d88-bce64e6c3cd1,LN-0270,9a055c04-ed3a-4dd1-b01e-d455ffbfc2d0,89d1c7f8-46de-419f-b2ec-dc69213d45ca,188.36,12.50,24,8.91,25.48,213.84,1.88,travel,A,active,2025-05-30,2027-05-30,2025-05-30,2026-05-30 13:40:16.593247+00,2026-05-30 13:40:16.593247+00,,,0.00,0,
18379f23-4d53-4647-afbb-9b7b0a9416a2,LN-0480,841b82ad-e77d-4cbd-898f-029b16458d69,41340b75-3fa9-4cbd-bee5-5d10bb757dbb,1722.71,12.50,24,81.50,233.19,1955.90,17.23,homeImprovement,C,active,2025-03-30,2027-03-30,2025-03-30,2026-05-30 13:40:16.593247+00,2026-05-30 13:40:16.593247+00,,,0.00,0,
184d376c-6a75-4920-b2a4-39fd5cded3b1,LN-1546,bee5ec0a-67d1-48fc-833d-7fe9aa88aed8,89d1c7f8-46de-419f-b2ec-dc69213d45ca,521.19,12.50,24,24.66,70.57,591.76,5.21,medical,A,paid_off,2024-06-10,2026-06-10,2024-06-10,2026-05-30 13:40:16.990875+00,2026-05-30 13:40:16.990875+00,,,0.00,0,
185d6194-16bf-4491-9d3b-e024fe67240f,LN-1110,8420c961-6c2e-4d07-9465-e9da8631c3b3,866a2b0d-da4d-403f-9343-390a810648e5,720.43,12.50,24,34.08,97.56,817.99,7.20,homeImprovement,A,active,2025-07-30,2027-07-30,2025-07-30,2026-05-30 13:40:16.880606+00,2026-05-30 13:40:16.880606+00,,,0.00,0,
189ff1af-6345-4240-86e4-7db0a0b776be,LN-1017,1f97c817-4c4f-494e-95c6-5652c2f359a9,41340b75-3fa9-4cbd-bee5-5d10bb757dbb,675.55,12.50,24,31.96,91.48,767.03,6.76,emergency,A,active,2025-06-30,2027-06-30,2025-06-30,2026-05-30 13:40:16.880606+00,2026-05-30 13:40:16.880606+00,,,0.00,0,
18a7b512-3df4-46e6-9c20-813fdaa989b3,LN-0674,b2d1af78-cb8b-4c9b-916b-d25df7477335,89d1c7f8-46de-419f-b2ec-dc69213d45ca,417.86,12.50,24,19.77,56.54,474.40,4.18,homeImprovement,A,active,2025-07-30,2027-07-30,2025-07-30,2026-05-30 13:40:16.751319+00,2026-05-30 13:40:16.751319+00,,,0.00,0,
192bb7f9-7942-4334-bfda-1182dc195266,LN-1383,6ec33993-0b85-4e06-801f-be58429800b7,89d1c7f8-46de-419f-b2ec-dc69213d45ca,686.97,12.50,24,32.50,93.01,779.98,6.87,travel,B,paid_off,2024-04-19,2026-04-19,2024-04-19,2026-05-30 13:40:16.880606+00,2026-05-30 13:40:16.880606+00,,,0.00,0,
193ab1e2-2cf2-4a95-8574-08462c6fb6fa,LN-1537,177797ad-0a95-40f9-a3bf-9d4481daf430,89d1c7f8-46de-419f-b2ec-dc69213d45ca,94.18,12.50,24,4.46,12.73,106.91,0.94,travel,C,paid_off,2024-01-06,2026-01-06,2024-01-06,2026-05-30 13:40:16.990875+00,2026-05-30 13:40:16.990875+00,,,0.00,0,
1964012a-d554-43e0-9dcb-5ffc6f26c896,LN-1940,61bf7659-b79a-4c81-ad3f-5f88d8b98d69,0c6925f4-7d92-41a9-b358-1d126fb41279,377.14,12.50,24,17.84,51.09,428.23,3.77,event,A,paid_off,2024-07-20,2026-07-20,2024-07-20,2026-05-30 13:40:16.990875+00,2026-05-30 13:40:16.990875+00,,,0.00,0,
198d40c6-92bc-4520-9746-26cd63cf01cb,LN-0429,5030815c-0c8a-4a0e-b4af-4ebb1d46267e,0c6925f4-7d92-41a9-b358-1d126fb41279,824.97,12.50,24,39.03,111.64,936.61,8.25,auto,B,active,2025-07-30,2027-07-30,2025-07-30,2026-05-30 13:40:16.593247+00,2026-05-30 13:40:16.593247+00,,,0.00,0,
19a1fcc9-8e7f-4a79-834f-10f9d11df216,LN-1051,9ce3b5f0-3992-40b2-80e2-f2f06f16e1b3,0c6925f4-7d92-41a9-b358-1d126fb41279,605.84,12.50,24,28.66,82.03,687.87,6.06,travel,A,active,2025-06-30,2027-06-30,2025-06-30,2026-05-30 13:40:16.880606+00,2026-05-30 13:40:16.880606+00,,,0.00,0,
19e0a1cc-fe5d-4e34-a907-866926c05a7a,LN-0999,e20bfff7-ff6a-4904-ab5d-ceea1141fdc0,0c6925f4-7d92-41a9-b358-1d126fb41279,195.88,12.50,24,9.27,26.52,222.40,1.96,emergency,D,active,2025-04-30,2027-04-30,2025-04-30,2026-05-30 13:40:16.751319+00,2026-05-30 13:40:16.751319+00,,,0.00,0,
19e568d0-0131-463f-9160-d0ab7c16d3b2,LN-0682,304a7f61-629a-4e1b-a2c7-fdf3d02363a0,0c6925f4-7d92-41a9-b358-1d126fb41279,307.47,12.50,24,14.55,41.59,349.06,3.07,consolidation,A,active,2025-05-30,2027-05-30,2025-05-30,2026-05-30 13:40:16.751319+00,2026-05-30 13:40:16.751319+00,,,0.00,2,2026-06-30
1a624d15-7a77-475e-9b79-0df1702fe3f1,LN-1718,2f99c790-a1ab-41dc-bdda-7a2bcd0ac627,866a2b0d-da4d-403f-9343-390a810648e5,627.40,12.50,24,29.68,84.93,712.33,6.27,medical,A,paid_off,2024-02-27,2026-02-27,2024-02-27,2026-05-30 13:40:16.990875+00,2026-05-30 13:40:16.990875+00,,,0.00,0,
1a63a3ef-bd9f-4d7e-b2e3-424d265e10a8,LN-1426,a74ff37d-9723-4a86-94f3-e5826e06eaff,41340b75-3fa9-4cbd-bee5-5d10bb757dbb,530.12,12.50,24,25.08,71.74,601.86,5.30,homeImprovement,A,paid_off,2024-06-04,2026-06-04,2024-06-04,2026-05-30 13:40:16.880606+00,2026-05-30 13:40:16.880606+00,,,0.00,0,
1a7a35f1-5280-4ad6-9125-a111fbb9d718,LN-0188,2db7be19-13b1-48e8-a7ae-a08bee691a86,0c6925f4-7d92-41a9-b358-1d126fb41279,244.32,12.50,24,11.56,33.10,277.42,2.44,homeImprovement,A,active,2025-09-30,2027-09-30,2025-09-30,2026-05-30 13:40:16.593247+00,2026-05-30 13:40:16.593247+00,,,0.00,0,
1a7b675c-616f-4cdd-b59f-a088d272f81d,LN-0022,97abc6dc-0eb6-49d6-b5ff-3263cd865911,89d1c7f8-46de-419f-b2ec-dc69213d45ca,479.79,12.50,24,22.70,64.97,544.76,4.80,equipment,B,active,2026-01-30,2028-01-30,2026-01-30,2026-05-30 13:40:16.593247+00,2026-05-30 13:40:16.593247+00,,,0.00,0,
1a7e3c60-64e8-402b-b1cd-99a3cf022dc1,LN-0182,fafd742d-209d-4bc3-a39d-cc06c4c4e82e,866a2b0d-da4d-403f-9343-390a810648e5,2464.90,12.50,24,116.61,333.69,2798.59,24.65,auto,D,active,2025-12-30,2027-12-30,2025-12-30,2026-05-30 13:40:16.593247+00,2026-05-30 13:40:16.593247+00,,,0.00,0,
1a9cc39a-fd0d-44ac-9bc0-4ac576b0579b,LN-0874,3840c70e-789d-4c70-81cb-970fa02708f6,0c6925f4-7d92-41a9-b358-1d126fb41279,580.78,12.50,24,27.48,78.62,659.40,5.81,medical,A,active,2026-01-30,2028-01-30,2026-01-30,2026-05-30 13:40:16.751319+00,2026-05-30 13:40:16.751319+00,,,0.00,0,
1ac4bd0e-7834-4f66-b6e6-84caba881fb1,LN-1187,8742c0a4-b0f4-4de1-a2d8-0c6cb5b8bfcc,41340b75-3fa9-4cbd-bee5-5d10bb757dbb,658.35,12.50,24,31.14,89.14,747.49,6.58,homeImprovement,C,active,2025-11-30,2027-11-30,2025-11-30,2026-05-30 13:40:16.880606+00,2026-05-30 13:40:16.880606+00,,,0.00,3,2026-06-30
1aceda96-7e1e-4ef3-b313-9a15912dc1cc,LN-0264,85aca213-b3eb-4bcc-a603-61337aa3b4e9,89d1c7f8-46de-419f-b2ec-dc69213d45ca,176.60,12.50,24,8.35,23.90,200.50,1.77,auto,A,active,2025-11-30,2027-11-30,2025-11-30,2026-05-30 13:40:16.593247+00,2026-05-30 13:40:16.593247+00,,,0.00,1,2026-06-30
1adbb57f-2933-46de-a265-02162d6b51b6,LN-1013,14f6d048-433e-4753-9b0e-4455c55b64ef,0c6925f4-7d92-41a9-b358-1d126fb41279,1197.40,12.50,24,56.65,162.06,1359.46,11.97,homeImprovement,A,active,2026-03-30,2028-03-30,2026-03-30,2026-05-30 13:40:16.880606+00,2026-05-30 13:40:16.880606+00,,,0.00,0,
1ae3d409-78f1-4743-b015-ae69049696c4,LN-1293,fe9f3b73-d294-46bb-baff-1ace47ada34c,0c6925f4-7d92-41a9-b358-1d126fb41279,448.67,12.50,24,21.23,60.72,509.39,4.49,auto,C,active,2025-01-30,2027-01-30,2025-01-30,2026-05-30 13:40:16.880606+00,2026-05-30 13:40:16.880606+00,,,0.00,1,2026-06-30
1b7991b1-9adc-4299-90f3-a9caeeee07d2,LN-0499,4823a0b2-e394-47ca-bdd8-28f11dd90bfb,866a2b0d-da4d-403f-9343-390a810648e5,824.35,12.50,24,39.00,111.59,935.94,8.24,consolidation,A,active,2025-05-30,2027-05-30,2025-05-30,2026-05-30 13:40:16.593247+00,2026-05-30 13:40:16.593247+00,,,0.00,0,
1b917f9e-bc08-4cdd-adaa-c4ef65ad2ac1,LN-1853,0524d576-dfe3-4935-8696-9996bac82f52,89d1c7f8-46de-419f-b2ec-dc69213d45ca,278.44,12.50,24,13.17,37.71,316.15,2.78,travel,B,paid_off,2024-04-05,2026-04-05,2024-04-05,2026-05-30 13:40:16.990875+00,2026-05-30 13:40:16.990875+00,,,0.00,0,
1b9fb675-c4d7-453b-8144-f973151ac238,LN-0261,4eaede1c-83f1-443e-a169-56237bc0a67e,89d1c7f8-46de-419f-b2ec-dc69213d45ca,307.31,12.50,24,14.54,41.58,348.89,3.07,event,A,active,2025-08-30,2027-08-30,2025-08-30,2026-05-30 13:40:16.593247+00,2026-05-30 13:40:16.593247+00,,,0.00,3,2026-06-30
1ba04788-5c1d-488e-9179-eec3e1942fd5,LN-0960,1bc635a9-7a51-4fa5-83b2-ab23653567c2,89d1c7f8-46de-419f-b2ec-dc69213d45ca,179.55,12.50,24,8.49,24.34,203.89,1.80,homeImprovement,B,active,2025-07-30,2027-07-30,2025-07-30,2026-05-30 13:40:16.751319+00,2026-05-30 13:40:16.751319+00,,,0.00,0,
1ba26a0e-3bbb-4ac9-a072-295d9cb104a3,LN-0374,fb177768-ced6-48c8-a691-5b30f33a89b3,0c6925f4-7d92-41a9-b358-1d126fb41279,421.22,12.50,24,19.93,57.01,478.23,4.21,event,A,active,2026-03-02,2028-03-02,2026-03-02,2026-05-30 13:40:16.593247+00,2026-05-30 13:40:16.593247+00,,,0.00,0,
1bd71ecf-127f-4982-95df-b43204e1148d,LN-0928,478809a3-8e17-4edd-8804-2b1472025bfd,0c6925f4-7d92-41a9-b358-1d126fb41279,305.21,12.50,24,14.44,41.33,346.54,3.05,auto,A,active,2025-09-30,2027-09-30,2025-09-30,2026-05-30 13:40:16.751319+00,2026-05-30 13:40:16.751319+00,,,0.00,0,
1c0291e6-a686-4d24-b4a6-7b207c9bea3b,LN-1605,342173ce-d2d5-46e1-bd6d-927a4598c848,866a2b0d-da4d-403f-9343-390a810648e5,937.57,12.50,24,44.35,126.94,1064.51,9.38,auto,A,paid_off,2024-10-14,2026-10-14,2024-10-14,2026-05-30 13:40:16.990875+00,2026-05-30 13:40:16.990875+00,,,0.00,0,
1c0f82be-d165-4de6-94b9-b4e61e9e7960,LN-1726,e67ae615-33fb-48fe-b9f3-4fbfcdc7b106,0c6925f4-7d92-41a9-b358-1d126fb41279,387.15,12.50,24,18.32,52.38,439.53,3.87,event,B,paid_off,2024-06-20,2026-06-20,2024-06-20,2026-05-30 13:40:16.990875+00,2026-05-30 13:40:16.990875+00,,,0.00,0,
1c17059f-8be3-4932-bf61-b0ab3bf1eb9d,LN-1699,2e0f4a05-79d3-452a-9189-3ceb3e929aea,0c6925f4-7d92-41a9-b358-1d126fb41279,237.88,12.50,24,11.25,32.24,270.12,2.38,travel,B,paid_off,2024-11-14,2026-11-14,2024-11-14,2026-05-30 13:40:16.990875+00,2026-05-30 13:40:16.990875+00,,,0.00,0,
1c18c312-b659-4bab-97b1-683eb408277d,LN-1729,1aadc701-82dd-4fe5-93b4-dcf534e1892a,0c6925f4-7d92-41a9-b358-1d126fb41279,449.65,12.50,24,21.27,60.85,510.50,4.50,auto,C,paid_off,2024-11-05,2026-11-05,2024-11-05,2026-05-30 13:40:16.990875+00,2026-05-30 13:40:16.990875+00,,,0.00,0,
1c323188-567f-4c7b-b0c5-99d7fcc66498,LN-0881,0c30e685-efc9-4aeb-a7eb-3b545842331a,41340b75-3fa9-4cbd-bee5-5d10bb757dbb,634.28,12.50,24,30.01,85.86,720.14,6.34,travel,B,active,2025-03-30,2027-03-30,2025-03-30,2026-05-30 13:40:16.751319+00,2026-05-30 13:40:16.751319+00,,,0.00,0,
1c371619-9515-4cf8-8d1b-a08f19b1baf5,LN-1917,1fadf208-aeab-458a-9924-d20e60a6cab2,41340b75-3fa9-4cbd-bee5-5d10bb757dbb,583.37,12.50,24,27.60,78.99,662.36,5.83,homeImprovement,A,paid_off,2024-05-13,2026-05-13,2024-05-13,2026-05-30 13:40:16.990875+00,2026-05-30 13:40:16.990875+00,,,0.00,0,
1c455182-50a9-413e-9c8d-e5f5693b81b1,LN-1733,c93ccaf1-32cc-4e4e-8563-3415980c45fc,0c6925f4-7d92-41a9-b358-1d126fb41279,271.16,12.50,24,12.83,36.69,307.85,2.71,equipment,B,paid_off,2024-02-13,2026-02-13,2024-02-13,2026-05-30 13:40:16.990875+00,2026-05-30 13:40:16.990875+00,,,0.00,0,
1c596673-4e37-4425-aade-bdfe05292cc7,LN-0146,038ac7ff-4eb2-4f1d-894a-32e4f9c97bb4,89d1c7f8-46de-419f-b2ec-dc69213d45ca,493.26,12.50,24,23.33,66.80,560.06,4.93,auto,A,active,2026-04-30,2028-04-30,2026-04-30,2026-05-30 13:40:16.593247+00,2026-05-30 13:40:16.593247+00,,,0.00,0,
1c59941a-61f4-4943-bead-e30ea71395bf,LN-1434,a6a25237-01ec-4374-a9b3-1753326aa9a6,89d1c7f8-46de-419f-b2ec-dc69213d45ca,161.72,12.50,24,7.65,21.88,183.60,1.62,auto,A,paid_off,2024-03-22,2026-03-22,2024-03-22,2026-05-30 13:40:16.880606+00,2026-05-30 13:40:16.880606+00,,,0.00,0,
1c5b80f6-9299-48d5-bd70-ece680a8189e,LN-0040,df5a8011-37d0-4de5-b55e-828eb9d91a7c,89d1c7f8-46de-419f-b2ec-dc69213d45ca,419.79,12.50,24,19.86,56.82,476.61,4.20,travel,B,active,2025-11-30,2027-11-30,2025-11-30,2026-05-30 13:40:16.593247+00,2026-05-30 13:40:16.593247+00,,,0.00,0,
1ca6c021-7ce1-4277-8a2a-fa2f3ebb1116,LN-0145,2476239e-e3b8-489b-8ba8-793d480dbf83,0c6925f4-7d92-41a9-b358-1d126fb41279,487.65,12.50,24,23.07,66.02,553.67,4.88,travel,B,active,2025-07-30,2027-07-30,2025-07-30,2026-05-30 13:40:16.593247+00,2026-05-30 13:40:16.593247+00,,,0.00,0,
1caf0dd8-e774-42e4-bc2e-16b9fddfff8f,LN-0490,27a26aa6-95d1-4179-9618-7289c0607713,0c6925f4-7d92-41a9-b358-1d126fb41279,1476.78,12.50,24,69.86,199.93,1676.71,14.77,equipment,A,active,2026-03-02,2028-03-02,2026-03-02,2026-05-30 13:40:16.593247+00,2026-05-30 13:40:16.593247+00,,,0.00,0,
1cafc4bd-3245-4818-b9a0-52d5cf1de8b2,LN-1238,1880b1e2-2c04-4f26-9e0e-965695bfb3da,89d1c7f8-46de-419f-b2ec-dc69213d45ca,1203.28,12.50,24,56.92,162.89,1366.17,12.03,travel,D,active,2025-11-30,2027-11-30,2025-11-30,2026-05-30 13:40:16.880606+00,2026-05-30 13:40:16.880606+00,,,0.00,0,
1cd15df0-b586-4100-951a-9e95201e3357,LN-0713,927b8d12-a5d6-4416-a09c-83f7016b1fe2,0c6925f4-7d92-41a9-b358-1d126fb41279,337.93,12.50,24,15.99,45.73,383.66,3.38,travel,B,active,2026-03-02,2028-03-02,2026-03-02,2026-05-30 13:40:16.751319+00,2026-05-30 13:40:16.751319+00,,,0.00,0,
1cf38f4a-ac72-434e-8608-76c6a32d56f0,LN-0951,b9faf542-4fa6-4eea-8121-1b635d0fba54,0c6925f4-7d92-41a9-b358-1d126fb41279,293.52,12.50,24,13.89,39.71,333.23,2.94,homeImprovement,B,active,2025-08-30,2027-08-30,2025-08-30,2026-05-30 13:40:16.751319+00,2026-05-30 13:40:16.751319+00,,,0.00,0,
1cff5fe4-bf7d-4807-a6f3-8dc56b34683e,LN-0675,05375a89-645a-4aea-a500-9fd88e236d90,0c6925f4-7d92-41a9-b358-1d126fb41279,791.43,12.50,24,37.44,107.15,898.58,7.91,medical,C,active,2025-11-30,2027-11-30,2025-11-30,2026-05-30 13:40:16.751319+00,2026-05-30 13:40:16.751319+00,,,0.00,0,
1d4a47f3-11ba-4025-b143-b23e18fa8176,LN-0637,66fda37b-3a75-49a9-b9bd-2d055943e9d5,0c6925f4-7d92-41a9-b358-1d126fb41279,302.65,12.50,24,14.32,40.95,343.60,3.03,equipment,A,active,2026-04-30,2028-04-30,2026-04-30,2026-05-30 13:40:16.751319+00,2026-05-30 13:40:16.751319+00,,,0.00,0,
1d8d1bf1-210c-4d78-93b2-c1273e2871ab,LN-0516,262c9acd-d33f-4fa5-ab7b-7829fa231e88,0c6925f4-7d92-41a9-b358-1d126fb41279,224.39,12.50,24,10.62,30.35,254.74,2.24,equipment,D,active,2025-08-30,2027-08-30,2025-08-30,2026-05-30 13:40:16.751319+00,2026-05-30 13:40:16.751319+00,,,0.00,0,
1df9019c-6cc9-4038-9570-41ff1c57f91c,LN-0665,e826bd77-7600-4ed8-80c3-fd169f1ab5a2,0c6925f4-7d92-41a9-b358-1d126fb41279,155.86,12.50,24,7.37,21.11,176.97,1.56,consolidation,B,active,2025-03-30,2027-03-30,2025-03-30,2026-05-30 13:40:16.751319+00,2026-05-30 13:40:16.751319+00,,,0.00,0,
1e0a5ec0-3fb1-42e6-b746-39293d14a48b,LN-0091,d0e860b1-6226-4169-ade2-0d93524e7f9a,866a2b0d-da4d-403f-9343-390a810648e5,681.32,12.50,24,32.23,92.22,773.54,6.81,medical,B,active,2025-09-30,2027-09-30,2025-09-30,2026-05-30 13:40:16.593247+00,2026-05-30 13:40:16.593247+00,,,0.00,0,
1e2d36e0-9891-49b1-9c56-905f18cc9c79,LN-0669,765a2427-4f91-4f76-90db-0482fc95dfad,41340b75-3fa9-4cbd-bee5-5d10bb757dbb,1002.34,12.50,24,47.42,135.68,1138.02,10.02,equipment,B,active,2025-09-30,2027-09-30,2025-09-30,2026-05-30 13:40:16.751319+00,2026-05-30 13:40:16.751319+00,,,0.00,0,
1e3115d1-5d3f-4a83-9f5d-472f8ee1358d,LN-1007,022213db-16c9-4503-ae13-b0ef013b87a1,0c6925f4-7d92-41a9-b358-1d126fb41279,626.28,12.50,24,29.63,84.77,711.05,6.26,auto,D,active,2025-11-30,2027-11-30,2025-11-30,2026-05-30 13:40:16.880606+00,2026-05-30 13:40:16.880606+00,,,0.00,0,
1e60fc97-5c1c-431f-b136-a31fa4cfbe35,LN-1050,3a3b8d4a-f5e5-4c9a-9cc8-b0ae6f1db971,0c6925f4-7d92-41a9-b358-1d126fb41279,405.03,12.50,24,19.16,54.86,459.89,4.05,auto,B,active,2025-03-30,2027-03-30,2025-03-30,2026-05-30 13:40:16.880606+00,2026-05-30 13:40:16.880606+00,,,0.00,0,
1e71da96-8ce0-4cb2-9522-4c4e70e1d027,LN-0805,a286f051-35b4-4c26-a20a-03bb587ec292,89d1c7f8-46de-419f-b2ec-dc69213d45ca,481.53,12.50,24,22.78,65.17,546.70,4.82,equipment,A,active,2026-03-30,2028-03-30,2026-03-30,2026-05-30 13:40:16.751319+00,2026-05-30 13:40:16.751319+00,,,0.00,0,
1e91c3c0-69a9-40a4-bf4c-e024c45c2a3c,LN-1027,054fb4c6-9868-45d1-a00b-83fdf38f5610,89d1c7f8-46de-419f-b2ec-dc69213d45ca,280.08,12.50,24,13.25,37.92,318.00,2.80,emergency,B,active,2026-03-02,2028-03-02,2026-03-02,2026-05-30 13:40:16.880606+00,2026-05-30 13:40:16.880606+00,,,0.00,0,
1e94eb18-4e99-4d2f-8b13-65e051d6f953,LN-0718,e992b588-627f-438b-9c37-f8692699c87b,89d1c7f8-46de-419f-b2ec-dc69213d45ca,456.30,12.50,24,21.59,61.76,518.06,4.56,auto,B,active,2025-05-30,2027-05-30,2025-05-30,2026-05-30 13:40:16.751319+00,2026-05-30 13:40:16.751319+00,,,0.00,0,
1ec21733-e050-42c0-ae02-4da7469bc244,LN-1058,2964c6ed-99f0-470a-8774-14ba47f2f4fa,89d1c7f8-46de-419f-b2ec-dc69213d45ca,273.23,12.50,24,12.93,36.97,310.20,2.73,homeImprovement,B,active,2025-08-30,2027-08-30,2025-08-30,2026-05-30 13:40:16.880606+00,2026-05-30 13:40:16.880606+00,,,0.00,1,2026-06-30
1efa2fca-23ab-48b5-94f2-006510729b88,LN-0937,db1f498f-32b5-4b61-8a6d-223bb96c61c3,89d1c7f8-46de-419f-b2ec-dc69213d45ca,129.06,12.50,24,6.11,17.44,146.50,1.29,medical,D,active,2025-03-30,2027-03-30,2025-03-30,2026-05-30 13:40:16.751319+00,2026-05-30 13:40:16.751319+00,,,0.00,0,
1efa3249-4988-4609-86af-d7ff07bbda3f,LN-1945,c8e8b4fc-f782-4ea6-b2da-69358e426609,0c6925f4-7d92-41a9-b358-1d126fb41279,362.64,12.50,24,17.16,49.10,411.74,3.63,auto,A,paid_off,2024-03-25,2026-03-25,2024-03-25,2026-05-30 13:40:16.990875+00,2026-05-30 13:40:16.990875+00,,,0.00,0,
1f5e7077-ffae-464c-a096-16124453f7fb,LN-1157,fab9493c-998c-4726-bca7-d5e684e9542f,41340b75-3fa9-4cbd-bee5-5d10bb757dbb,1008.26,12.50,24,47.70,136.51,1144.77,10.08,event,A,active,2026-03-30,2028-03-30,2026-03-30,2026-05-30 13:40:16.880606+00,2026-05-30 13:40:16.880606+00,,,0.00,0,
1f6a1662-6ebf-4a96-b37d-e5e39088eb9b,LN-0299,0d2b3dcc-7e0d-478d-966c-921142fc1d67,89d1c7f8-46de-419f-b2ec-dc69213d45ca,861.56,12.50,24,40.76,116.63,978.19,8.62,medical,A,active,2025-05-30,2027-05-30,2025-05-30,2026-05-30 13:40:16.593247+00,2026-05-30 13:40:16.593247+00,,,0.00,0,
1f6b1935-583b-460c-9195-53c0aa9afc98,LN-1614,184bbc41-2278-42bf-9224-07c05f4ecde4,0c6925f4-7d92-41a9-b358-1d126fb41279,307.89,12.50,24,14.57,41.70,349.59,3.08,event,B,paid_off,2024-09-05,2026-09-05,2024-09-05,2026-05-30 13:40:16.990875+00,2026-05-30 13:40:16.990875+00,,,0.00,0,
1f8a5434-c8a3-450a-bae8-532f3918dffc,LN-0257,22325e31-5241-4c3f-bb17-0603d3e679c1,89d1c7f8-46de-419f-b2ec-dc69213d45ca,124.97,12.50,24,5.91,16.94,141.91,1.25,emergency,B,active,2025-08-30,2027-08-30,2025-08-30,2026-05-30 13:40:16.593247+00,2026-05-30 13:40:16.593247+00,,,0.00,0,
1fb21220-ce98-4557-aa88-24e8a6b694f0,LN-0319,c6760f19-8930-4fc2-adee-0538799cc099,89d1c7f8-46de-419f-b2ec-dc69213d45ca,869.74,12.50,24,41.15,117.74,987.48,8.70,auto,A,active,2025-10-30,2027-10-30,2025-10-30,2026-05-30 13:40:16.593247+00,2026-05-30 13:40:16.593247+00,,,0.00,0,
207f1bb2-2229-46dd-9054-445aa907cd9b,LN-0440,1aadc701-82dd-4fe5-93b4-dcf534e1892a,89d1c7f8-46de-419f-b2ec-dc69213d45ca,495.43,12.50,24,23.44,67.05,562.48,4.95,auto,C,active,2025-04-30,2027-04-30,2025-04-30,2026-05-30 13:40:16.593247+00,2026-05-30 13:40:16.593247+00,,,0.00,0,
20e46fe8-6824-4062-9ba6-ea518820e003,LN-0786,f61b1a5d-3883-4abf-9a72-ae04264e7c83,0c6925f4-7d92-41a9-b358-1d126fb41279,626.79,12.50,24,29.65,84.87,711.66,6.27,consolidation,C,active,2025-05-30,2027-05-30,2025-05-30,2026-05-30 13:40:16.751319+00,2026-05-30 13:40:16.751319+00,,,0.00,0,
20e895c3-c199-4675-ba84-e23712843243,LN-1036,e10825ca-0bab-4194-9f97-e637c6744c64,89d1c7f8-46de-419f-b2ec-dc69213d45ca,1070.34,12.50,24,50.63,144.92,1215.26,10.70,event,D,active,2025-04-30,2027-04-30,2025-04-30,2026-05-30 13:40:16.880606+00,2026-05-30 13:40:16.880606+00,,,0.00,0,
211141e0-3633-4a7d-b4bd-81e5c4664a5b,LN-0684,6f5ec0ef-a3f5-425c-a10a-166e96cc66be,0c6925f4-7d92-41a9-b358-1d126fb41279,273.80,12.50,24,12.95,37.06,310.86,2.74,equipment,A,active,2025-06-30,2027-06-30,2025-06-30,2026-05-30 13:40:16.751319+00,2026-05-30 13:40:16.751319+00,,,0.00,0,
2117377c-0d6b-422a-bc81-d2923b427ff3,LN-1224,9d9f7d3c-6355-493a-b555-57c4ef7f2534,0c6925f4-7d92-41a9-b358-1d126fb41279,313.09,12.50,24,14.81,42.38,355.47,3.13,homeImprovement,B,active,2025-10-30,2027-10-30,2025-10-30,2026-05-30 13:40:16.880606+00,2026-05-30 13:40:16.880606+00,,,0.00,0,
211a4d67-1842-43d6-a218-8c7212ba5685,LN-0100,b7248e43-fb0d-44de-ba44-c9cb069ef639,89d1c7f8-46de-419f-b2ec-dc69213d45ca,1167.09,12.50,24,55.21,158.04,1325.13,11.67,travel,C,active,2025-04-30,2027-04-30,2025-04-30,2026-05-30 13:40:16.593247+00,2026-05-30 13:40:16.593247+00,,,0.00,0,
211ef0ab-a9cd-444f-ac7c-001eff426a05,LN-1813,617449ac-aab6-40a4-84ba-81da9588dbb4,866a2b0d-da4d-403f-9343-390a810648e5,718.70,12.50,24,34.00,97.31,816.01,7.19,event,B,paid_off,2024-11-23,2026-11-23,2024-11-23,2026-05-30 13:40:16.990875+00,2026-05-30 13:40:16.990875+00,,,0.00,0,
21313969-ee06-4f85-93d9-f66f0bf06c4a,LN-1246,3eb87c4d-61fe-4c43-ba6b-0cc3b3f13d89,89d1c7f8-46de-419f-b2ec-dc69213d45ca,251.49,12.50,24,11.90,34.04,285.53,2.51,travel,C,active,2025-11-30,2027-11-30,2025-11-30,2026-05-30 13:40:16.880606+00,2026-05-30 13:40:16.880606+00,,,0.00,0,
2141c882-10ef-4de5-ac4c-c7d4082d1f26,LN-1482,2942aa12-38e4-4d0c-8ad2-220fab674ead,866a2b0d-da4d-403f-9343-390a810648e5,616.06,12.50,24,29.14,83.42,699.48,6.16,consolidation,B,paid_off,2024-12-28,2026-12-28,2024-12-28,2026-05-30 13:40:16.880606+00,2026-06-15 15:50:02.069667+00,,,0.00,0,
2142cfb8-ceef-41e3-b5db-4462ab3616e1,LN-0698,33bea7f8-b640-4fcb-87d1-d73f60de40f2,866a2b0d-da4d-403f-9343-390a810648e5,867.87,12.50,24,41.06,117.48,985.35,8.68,travel,C,active,2025-04-30,2027-04-30,2025-04-30,2026-05-30 13:40:16.751319+00,2026-05-30 13:40:16.751319+00,,,0.00,1,2026-06-30
2171dc7a-e73f-4b85-bbad-5bc42857bee9,LN-0642,6aa193f6-e5d2-4267-b29f-c564c6a91ea5,0c6925f4-7d92-41a9-b358-1d126fb41279,428.66,12.50,24,20.28,58.04,486.70,4.29,medical,B,active,2026-01-30,2028-01-30,2026-01-30,2026-05-30 13:40:16.751319+00,2026-05-30 13:40:16.751319+00,,,0.00,0,
217200cd-fa4d-4151-a83a-267383d90588,LN-0691,c6d58bfc-f14a-4dca-8652-da70fc9bca07,0c6925f4-7d92-41a9-b358-1d126fb41279,275.78,12.50,24,13.05,37.33,313.11,2.76,medical,B,active,2025-05-30,2027-05-30,2025-05-30,2026-05-30 13:40:16.751319+00,2026-05-30 13:40:16.751319+00,,,0.00,0,
2179e35a-d08a-4fbd-b79b-2c483a98fa21,LN-1502,5e43e829-9642-4ef5-8596-c81092adb3a0,89d1c7f8-46de-419f-b2ec-dc69213d45ca,492.14,12.50,24,23.28,66.62,558.76,4.92,travel,A,paid_off,2024-05-26,2026-05-26,2024-05-26,2026-05-30 13:40:16.990875+00,2026-05-30 13:40:16.990875+00,,,0.00,0,
2193a626-07d6-4f22-af6b-27aa964f9e59,LN-1807,bc097573-aa80-47a3-8474-3c70ede70842,41340b75-3fa9-4cbd-bee5-5d10bb757dbb,642.94,12.50,24,30.42,87.04,729.98,6.43,emergency,D,paid_off,2024-11-10,2026-11-10,2024-11-10,2026-05-30 13:40:16.990875+00,2026-05-30 13:40:16.990875+00,,,0.00,0,
21d297f2-501b-4fa0-b89b-a7df74dca5a3,LN-0378,a68e46b3-a0ce-4156-8ac4-0ee0c9255513,0c6925f4-7d92-41a9-b358-1d126fb41279,821.82,12.50,24,38.88,111.26,933.08,8.22,emergency,A,active,2025-09-30,2027-09-30,2025-09-30,2026-05-30 13:40:16.593247+00,2026-05-30 13:40:16.593247+00,,,0.00,0,
21dc0cad-be3d-490f-8c4b-f3cfd083748c,LN-0075,89741e54-e0dc-48e8-a76b-0ef84b04e1bd,0c6925f4-7d92-41a9-b358-1d126fb41279,532.76,12.50,24,25.20,72.12,604.88,5.33,event,A,active,2025-10-30,2027-10-30,2025-10-30,2026-05-30 13:40:16.593247+00,2026-05-30 13:40:16.593247+00,,,0.00,0,
21e2556a-8d78-47d4-a8be-24af610797b2,LN-1904,f93ad892-7726-498b-9d5c-2978fcefc8f4,89d1c7f8-46de-419f-b2ec-dc69213d45ca,367.35,12.50,24,17.38,49.76,417.11,3.67,travel,B,paid_off,2024-08-28,2026-08-28,2024-08-28,2026-05-30 13:40:16.990875+00,2026-05-30 13:40:16.990875+00,,,0.00,0,
227896f9-b799-452c-9116-95f38a6b2a83,LN-0350,543694a9-a07d-4f2e-9b81-c7b0d12cf2a3,0c6925f4-7d92-41a9-b358-1d126fb41279,267.81,12.50,24,12.67,36.26,304.07,2.68,homeImprovement,C,active,2025-04-30,2027-04-30,2025-04-30,2026-05-30 13:40:16.593247+00,2026-05-30 13:40:16.593247+00,,,0.00,0,
22a660cb-6108-4dfa-ac83-9b63903c99f8,LN-0614,ba882aa2-12da-4291-9616-0098a0b42009,41340b75-3fa9-4cbd-bee5-5d10bb757dbb,837.33,12.50,24,39.61,113.36,950.69,8.37,event,A,active,2026-01-30,2028-01-30,2026-01-30,2026-05-30 13:40:16.751319+00,2026-05-30 13:40:16.751319+00,,,0.00,0,
23705615-4047-430a-b2a9-6cd996762b3b,LN-1707,177797ad-0a95-40f9-a3bf-9d4481daf430,0c6925f4-7d92-41a9-b358-1d126fb41279,457.16,12.50,24,21.63,61.88,519.04,4.57,auto,C,paid_off,2024-10-11,2026-10-11,2024-10-11,2026-05-30 13:40:16.990875+00,2026-05-30 13:40:16.990875+00,,,0.00,0,
237aae4b-3962-4fee-867d-35dbe4b20f40,LN-1844,78f0dbfb-b2ef-483c-b850-4bda16eff374,89d1c7f8-46de-419f-b2ec-dc69213d45ca,241.11,12.50,24,11.41,32.64,273.75,2.41,homeImprovement,B,paid_off,2024-01-12,2026-01-12,2024-01-12,2026-05-30 13:40:16.990875+00,2026-05-30 13:40:16.990875+00,,,0.00,0,
23810b69-da18-4320-bc74-b9514d59c318,LN-1543,d75b9299-2e6d-48c9-9d5a-879d0b63ff67,41340b75-3fa9-4cbd-bee5-5d10bb757dbb,693.19,12.50,24,32.79,93.84,787.03,6.93,equipment,A,paid_off,2024-03-03,2026-03-03,2024-03-03,2026-05-30 13:40:16.990875+00,2026-05-30 13:40:16.990875+00,,,0.00,0,
23f68794-82cb-4c3d-9f49-297b30d255f5,LN-1812,2b81ee2e-f914-4376-a401-7f7e890a8215,41340b75-3fa9-4cbd-bee5-5d10bb757dbb,1001.20,12.50,24,47.36,135.56,1136.76,10.01,homeImprovement,A,paid_off,2024-04-19,2026-04-19,2024-04-19,2026-05-30 13:40:16.990875+00,2026-05-30 13:40:16.990875+00,,,0.00,0,
23fbcd01-f110-4227-a1f7-2401e40ea594,LN-1793,fe4243bf-4ea5-4c91-930c-265dc710ff7f,89d1c7f8-46de-419f-b2ec-dc69213d45ca,489.97,12.50,24,23.18,66.32,556.29,4.90,homeImprovement,C,paid_off,2024-07-09,2026-07-09,2024-07-09,2026-05-30 13:40:16.990875+00,2026-05-30 13:40:16.990875+00,,,0.00,0,
2413730c-f374-4a8a-a281-6e884e2e8266,LN-1016,61ff5fd9-9933-41c5-8ba0-119578126cb0,0c6925f4-7d92-41a9-b358-1d126fb41279,722.13,12.50,24,34.16,97.75,819.88,7.22,homeImprovement,A,active,2026-01-30,2028-01-30,2026-01-30,2026-05-30 13:40:16.880606+00,2026-05-30 13:40:16.880606+00,,,0.00,0,
242dfdad-cb80-4c88-809c-0bf6101f6498,LN-0975,2d128352-5e78-46fd-9ab5-e654d9a91b09,0c6925f4-7d92-41a9-b358-1d126fb41279,378.53,12.50,24,17.91,51.23,429.76,3.79,auto,B,active,2025-10-30,2027-10-30,2025-10-30,2026-05-30 13:40:16.751319+00,2026-05-30 13:40:16.751319+00,,,0.00,0,
24357a3d-5370-4c06-abdb-ce48a0ab920c,LN-1347,75416ccc-db6b-4b1c-8fa0-7ce7436fa3d2,89d1c7f8-46de-419f-b2ec-dc69213d45ca,361.03,12.50,24,17.08,48.88,409.91,3.61,event,A,active,2025-07-30,2027-07-30,2025-07-30,2026-05-30 13:40:16.880606+00,2026-05-30 13:40:16.880606+00,,,0.00,0,
2495817f-c386-4a68-a450-43d8ce7b7989,LN-0220,8f17da27-bcad-494f-a82c-126d20378c65,41340b75-3fa9-4cbd-bee5-5d10bb757dbb,681.55,12.50,24,32.24,92.27,773.82,6.82,auto,A,active,2025-09-30,2027-09-30,2025-09-30,2026-05-30 13:40:16.593247+00,2026-05-30 13:40:16.593247+00,,,0.00,0,
24bda342-a3fa-44c1-9e20-612d3f43d43b,LN-0094,68d21bbf-590b-4db9-b667-ee2a73e40cdd,866a2b0d-da4d-403f-9343-390a810648e5,1568.25,12.50,24,74.19,212.29,1780.54,15.68,consolidation,C,active,2025-12-30,2027-12-30,2025-12-30,2026-05-30 13:40:16.593247+00,2026-05-30 13:40:16.593247+00,,,0.00,2,2026-06-30
24c65d91-6e95-42de-9421-7ad6767c5559,LN-0727,f86e8ea1-9ee4-46c3-bdaf-e7b8e6a05e3f,0c6925f4-7d92-41a9-b358-1d126fb41279,319.21,12.50,24,15.10,43.23,362.44,3.19,consolidation,A,active,2025-03-30,2027-03-30,2025-03-30,2026-05-30 13:40:16.751319+00,2026-05-30 13:40:16.751319+00,,,0.00,0,
24fc3124-a4f3-4ecf-8623-1fdfabc60f8d,LN-0154,73997b67-df90-4afa-b62d-e6ba9ad07a8a,41340b75-3fa9-4cbd-bee5-5d10bb757dbb,1388.99,12.50,24,65.71,188.03,1577.02,13.89,homeImprovement,A,active,2025-10-30,2027-10-30,2025-10-30,2026-05-30 13:40:16.593247+00,2026-05-30 13:40:16.593247+00,,,0.00,1,2026-06-30
250e17b2-cd78-4b70-9ad4-d8edeb65542e,LN-0921,75aa44b9-213a-444f-bb96-a229c89dce24,89d1c7f8-46de-419f-b2ec-dc69213d45ca,346.89,12.50,24,16.41,46.98,393.87,3.47,medical,A,active,2026-04-30,2028-04-30,2026-04-30,2026-05-30 13:40:16.751319+00,2026-05-30 13:40:16.751319+00,,,0.00,0,
2516dfaf-9d56-44e0-9212-ec7fe80ffc07,LN-0004,5e192f23-efc3-4d55-9269-0f5ee58d310a,866a2b0d-da4d-403f-9343-390a810648e5,662.66,12.50,24,31.35,89.68,752.34,6.63,event,C,active,2025-12-30,2027-12-30,2025-12-30,2026-05-30 13:40:16.593247+00,2026-05-30 13:40:16.593247+00,,,0.00,0,
252e1933-4a92-4c3d-ad66-ddaf3d02ba9f,LN-1089,d06c9b46-b25a-469d-a1a7-484ea037701c,866a2b0d-da4d-403f-9343-390a810648e5,1633.07,12.50,24,77.26,221.06,1854.13,16.33,medical,C,active,2025-08-30,2027-08-30,2025-08-30,2026-05-30 13:40:16.880606+00,2026-05-30 13:40:16.880606+00,,,0.00,1,2026-06-30
25a0ebc6-7f71-47a5-9d77-3c2672ccf416,LN-1422,ef68e32e-fe2c-421c-bde8-1e8954e8ce20,0c6925f4-7d92-41a9-b358-1d126fb41279,254.72,12.50,24,12.05,34.50,289.22,2.55,homeImprovement,B,paid_off,2024-12-08,2026-12-08,2024-12-08,2026-05-30 13:40:16.880606+00,2026-05-30 13:40:16.880606+00,,,0.00,0,
25bfee61-010b-4777-a744-2fc315a03e87,LN-0068,c411789d-aab8-4315-8593-aee24c224cb1,89d1c7f8-46de-419f-b2ec-dc69213d45ca,1659.51,12.50,24,78.51,224.64,1884.15,16.60,auto,A,active,2025-03-30,2027-03-30,2025-03-30,2026-05-30 13:40:16.593247+00,2026-05-30 13:40:16.593247+00,,,0.00,0,
25c72933-6510-4316-af07-8103b52689fa,LN-0441,0b4b8647-ebff-4de4-9549-385c10d61ef9,89d1c7f8-46de-419f-b2ec-dc69213d45ca,173.94,12.50,24,8.23,23.55,197.49,1.74,consolidation,B,active,2025-09-30,2027-09-30,2025-09-30,2026-05-30 13:40:16.593247+00,2026-05-30 13:40:16.593247+00,,,0.00,0,
25e01f40-2130-4606-80c3-5e9bc51ce362,LN-1130,0613b9fe-e05f-423e-80e8-a0cb6c2d7807,89d1c7f8-46de-419f-b2ec-dc69213d45ca,69.28,12.50,24,3.28,9.36,78.64,0.69,homeImprovement,A,active,2025-11-30,2027-11-30,2025-11-30,2026-05-30 13:40:16.880606+00,2026-05-30 13:40:16.880606+00,,,0.00,0,
262e2396-aa53-48bc-8735-effe1323c958,LN-0900,184da979-d168-4d53-9886-826ad092a2dc,41340b75-3fa9-4cbd-bee5-5d10bb757dbb,1585.57,12.50,24,75.01,214.66,1800.23,15.86,medical,A,active,2025-12-30,2027-12-30,2025-12-30,2026-05-30 13:40:16.751319+00,2026-05-30 13:40:16.751319+00,,,0.00,0,
266c81c9-9713-4724-8dce-af40a4325284,LN-1930,b6457929-ef77-47c6-b8ed-a5de7bbbdd75,89d1c7f8-46de-419f-b2ec-dc69213d45ca,370.54,12.50,24,17.53,50.17,420.71,3.71,homeImprovement,B,paid_off,2024-01-11,2026-01-11,2024-01-11,2026-05-30 13:40:16.990875+00,2026-05-30 13:40:16.990875+00,,,0.00,0,
269f548e-2a6e-42c3-9c01-2a9d1cb7cd7e,LN-0677,a6308837-7410-45c8-b836-954c95efa7d2,89d1c7f8-46de-419f-b2ec-dc69213d45ca,251.31,12.50,24,11.89,34.02,285.33,2.51,homeImprovement,B,active,2026-01-30,2028-01-30,2026-01-30,2026-05-30 13:40:16.751319+00,2026-05-30 13:40:16.751319+00,,,0.00,0,
26a8deff-89bd-42de-9882-755f39571eb2,LN-1022,777f9eb3-351b-4a8c-9fcc-7cd6a4fe2f56,0c6925f4-7d92-41a9-b358-1d126fb41279,944.15,12.50,24,44.67,127.77,1071.92,9.44,homeImprovement,A,active,2025-10-30,2027-10-30,2025-10-30,2026-05-30 13:40:16.880606+00,2026-05-30 13:40:16.880606+00,,,0.00,0,
2718b215-fee1-47a8-a558-2351993d96d3,LN-0529,e7808c90-c94e-44dc-9738-377e7f17bc53,0c6925f4-7d92-41a9-b358-1d126fb41279,361.24,12.50,24,17.09,48.88,410.12,3.61,auto,A,active,2025-12-30,2027-12-30,2025-12-30,2026-05-30 13:40:16.751319+00,2026-05-30 13:40:16.751319+00,,,0.00,0,
271de0a4-8c57-486c-8655-6cd6c7962e0d,LN-1145,5d1c0a09-276d-4b54-9b61-df145d931eaf,0c6925f4-7d92-41a9-b358-1d126fb41279,473.34,12.50,24,22.39,64.06,537.40,4.73,equipment,A,active,2026-01-30,2028-01-30,2026-01-30,2026-05-30 13:40:16.880606+00,2026-05-30 13:40:16.880606+00,,,0.00,0,
27765673-0e82-4ffe-a900-dc9fea3d7792,LN-1097,08860a76-19f0-4f7c-9741-22d91918e483,89d1c7f8-46de-419f-b2ec-dc69213d45ca,440.83,12.50,24,20.85,59.70,500.53,4.41,consolidation,D,active,2025-06-30,2027-06-30,2025-06-30,2026-05-30 13:40:16.880606+00,2026-05-30 13:40:16.880606+00,,,0.00,0,
27771cb5-60b7-44a3-b751-ef086b3e6531,LN-1389,49649063-4a35-4dbe-8897-eae15980453e,89d1c7f8-46de-419f-b2ec-dc69213d45ca,84.89,12.50,24,4.02,11.47,96.36,0.85,event,B,paid_off,2024-10-01,2026-10-01,2024-10-01,2026-05-30 13:40:16.880606+00,2026-05-30 13:40:16.880606+00,,,0.00,0,
277e5c9b-1d40-4a83-b254-6f40316b6647,LN-0887,788c9dee-e579-4d55-817f-c65b66fa7660,89d1c7f8-46de-419f-b2ec-dc69213d45ca,431.17,12.50,24,20.40,58.38,489.55,4.31,auto,A,active,2026-03-02,2028-03-02,2026-03-02,2026-05-30 13:40:16.751319+00,2026-05-30 13:40:16.751319+00,,,0.00,0,
27a5a28e-aece-442e-b770-61564162fe00,LN-1005,a380a182-99ed-44e6-93aa-9cd680a27163,0c6925f4-7d92-41a9-b358-1d126fb41279,299.74,12.50,24,14.18,40.57,340.31,3.00,consolidation,D,active,2025-07-30,2027-07-30,2025-07-30,2026-05-30 13:40:16.880606+00,2026-05-30 13:40:16.880606+00,,,0.00,0,
27b08ed5-58df-4cce-905f-1a53184556ea,LN-0242,e0d69833-2bbd-4eae-8473-087c60ea15cd,89d1c7f8-46de-419f-b2ec-dc69213d45ca,266.89,12.50,24,12.63,36.12,303.01,2.67,equipment,C,active,2025-09-30,2027-09-30,2025-09-30,2026-05-30 13:40:16.593247+00,2026-05-30 13:40:16.593247+00,,,0.00,0,
27eb6fe3-f8a5-4565-80ca-ab6a42787aaa,LN-1834,d8db44f9-b8ad-46da-a215-69f299e3a988,866a2b0d-da4d-403f-9343-390a810648e5,931.98,12.50,24,44.09,126.18,1058.16,9.32,auto,D,paid_off,2024-12-23,2026-12-23,2024-12-23,2026-05-30 13:40:16.990875+00,2026-05-30 13:40:16.990875+00,,,0.00,0,
27efffd8-9ffa-40ac-8cd4-9c8070b8f33c,LN-0149,c9a27aee-6ed7-4670-ad13-d8ca6b53f16b,0c6925f4-7d92-41a9-b358-1d126fb41279,388.82,12.50,24,18.39,52.64,441.46,3.89,medical,A,active,2025-10-30,2027-10-30,2025-10-30,2026-05-30 13:40:16.593247+00,2026-05-30 13:40:16.593247+00,,,0.00,0,
28015b7e-4397-4724-946a-246748f740a7,LN-1561,76d0757b-dd56-46ba-8dd6-f524a594ad3f,41340b75-3fa9-4cbd-bee5-5d10bb757dbb,645.09,12.50,24,30.52,87.31,732.40,6.45,equipment,A,paid_off,2024-06-07,2026-06-07,2024-06-07,2026-05-30 13:40:16.990875+00,2026-05-30 13:40:16.990875+00,,,0.00,0,
2824bfc0-3e41-4b9f-ad55-0fde7f058eaf,LN-0465,ece5c152-1573-40cf-b54e-abf8b0cc1b7e,89d1c7f8-46de-419f-b2ec-dc69213d45ca,67.66,12.50,24,3.20,9.14,76.80,0.68,consolidation,A,active,2025-12-30,2027-12-30,2025-12-30,2026-05-30 13:40:16.593247+00,2026-05-30 13:40:16.593247+00,,,0.00,0,
2831b602-bf9d-4082-bb98-a60353344402,LN-0221,7501ad5a-4983-42c5-97bc-36e18a6692dc,0c6925f4-7d92-41a9-b358-1d126fb41279,414.22,12.50,24,19.60,56.04,470.26,4.14,equipment,B,defaulted,2025-03-02,2027-03-02,2025-03-02,2026-05-30 13:40:16.593247+00,2026-05-30 13:40:16.593247+00,2025-11-30,written_off,287.37,4,
2863ff2a-ff9a-4589-be65-7663b05d0cc8,LN-1907,146abe1b-a93c-408a-97bf-adc730504644,0c6925f4-7d92-41a9-b358-1d126fb41279,160.23,12.50,24,7.58,21.71,181.94,1.60,emergency,B,paid_off,2024-05-22,2026-05-22,2024-05-22,2026-05-30 13:40:16.990875+00,2026-05-30 13:40:16.990875+00,,,0.00,0,
286cf260-a773-4d43-a69c-7bfd64f2e79e,LN-1732,a6e7ae13-ce65-42cd-9d6f-a169937a0733,0c6925f4-7d92-41a9-b358-1d126fb41279,609.67,12.50,24,28.84,82.56,692.23,6.10,consolidation,D,paid_off,2024-03-01,2026-03-01,2024-03-01,2026-05-30 13:40:16.990875+00,2026-05-30 13:40:16.990875+00,,,0.00,0,
2887df69-f172-4ece-8cf6-8892885820e6,LN-0335,71d4f7b7-1e45-46d9-bba6-7fa1aeb5ac6e,41340b75-3fa9-4cbd-bee5-5d10bb757dbb,701.18,12.50,24,33.17,94.93,796.11,7.01,travel,C,active,2025-03-02,2027-03-02,2025-03-02,2026-05-30 13:40:16.593247+00,2026-05-30 13:40:16.593247+00,,,0.00,1,2026-06-30
2898a6e8-a8ee-439f-b1bc-14529216df29,LN-0940,3ae0ff9a-18e9-4b88-a025-639626edc2ee,866a2b0d-da4d-403f-9343-390a810648e5,756.28,12.50,24,35.78,102.38,858.66,7.56,emergency,D,active,2025-11-30,2027-11-30,2025-11-30,2026-05-30 13:40:16.751319+00,2026-05-30 13:40:16.751319+00,,,0.00,0,
290d1d6c-394e-4ca0-9e87-a7ccb8ce1211,LN-0802,f555bc0f-b068-4825-8465-979dd84abb66,0c6925f4-7d92-41a9-b358-1d126fb41279,306.28,12.50,24,14.49,41.45,347.73,3.06,auto,C,active,2026-03-30,2028-03-30,2026-03-30,2026-05-30 13:40:16.751319+00,2026-05-30 13:40:16.751319+00,,,0.00,0,
2923ccef-0071-4a75-8c9c-2f25f9099459,LN-0487,f69b6f2f-c6b2-4b3d-bed0-4a79bf64d9e1,0c6925f4-7d92-41a9-b358-1d126fb41279,104.73,12.50,24,4.95,14.19,118.92,1.05,emergency,A,active,2025-10-30,2027-10-30,2025-10-30,2026-05-30 13:40:16.593247+00,2026-05-30 13:40:16.593247+00,,,0.00,0,
292a1f47-5691-43c5-8bdc-034175836250,LN-0640,afe17635-460d-4011-9db6-f43998787379,0c6925f4-7d92-41a9-b358-1d126fb41279,735.02,12.50,24,34.77,99.53,834.55,7.35,auto,A,active,2026-03-30,2028-03-30,2026-03-30,2026-05-30 13:40:16.751319+00,2026-05-30 13:40:16.751319+00,,,0.00,0,
2930288f-2ebe-4e24-8c44-36fe65660f2a,LN-1873,724d0c14-b7c7-4706-8ba0-3cbd8bbc7a91,0c6925f4-7d92-41a9-b358-1d126fb41279,89.37,12.50,24,4.23,12.11,101.48,0.89,medical,B,paid_off,2024-10-21,2026-10-21,2024-10-21,2026-05-30 13:40:16.990875+00,2026-05-30 13:40:16.990875+00,,,0.00,0,
29490047-2c36-4063-b173-641147ce2c1b,LN-0511,e96d4ec8-bafa-48b0-9972-f2a1f8605b9d,0c6925f4-7d92-41a9-b358-1d126fb41279,377.26,12.50,24,17.85,51.08,428.34,3.77,travel,A,active,2025-05-30,2027-05-30,2025-05-30,2026-05-30 13:40:16.751319+00,2026-05-30 13:40:16.751319+00,,,0.00,0,
29568e82-de40-4177-ab1d-92ba0e2754b4,LN-1545,8740c0eb-4499-4f6e-bad1-5f6a1bb50f8c,0c6925f4-7d92-41a9-b358-1d126fb41279,279.04,12.50,24,13.20,37.78,316.82,2.79,travel,B,paid_off,2024-12-06,2026-12-06,2024-12-06,2026-05-30 13:40:16.990875+00,2026-05-30 13:40:16.990875+00,,,0.00,0,
297480d9-aac4-4613-b0b5-b595656d6411,LN-0311,aa012c8c-63a8-4737-9e71-fa0a63404153,89d1c7f8-46de-419f-b2ec-dc69213d45ca,341.18,12.50,24,16.14,46.19,387.37,3.41,event,B,active,2026-01-30,2028-01-30,2026-01-30,2026-05-30 13:40:16.593247+00,2026-05-30 13:40:16.593247+00,,,0.00,1,2026-06-30
299e3ef2-0a0e-4a8f-8bea-657a007d18ce,LN-1832,5f394f8b-6d5f-4be0-82f3-021333b51d0b,866a2b0d-da4d-403f-9343-390a810648e5,747.50,12.50,24,35.36,101.22,848.72,7.48,auto,A,paid_off,2024-12-26,2026-12-26,2024-12-26,2026-05-30 13:40:16.990875+00,2026-05-30 13:40:16.990875+00,,,0.00,0,
29c84fe8-903f-415b-b53b-a6be25841941,LN-0095,bbb38d68-b82a-4ccf-b884-42801803710f,41340b75-3fa9-4cbd-bee5-5d10bb757dbb,822.27,12.50,24,38.90,111.29,933.56,8.22,homeImprovement,A,active,2025-04-30,2027-04-30,2025-04-30,2026-05-30 13:40:16.593247+00,2026-05-30 13:40:16.593247+00,,,0.00,3,2026-06-30
29f3b630-ffa3-4453-a5a4-80b7a23852da,LN-1811,d78d68f9-9d0d-41b6-8bbf-4ccb6fc997bd,89d1c7f8-46de-419f-b2ec-dc69213d45ca,90.27,12.50,24,4.27,12.23,102.50,0.90,homeImprovement,B,paid_off,2024-02-20,2026-02-20,2024-02-20,2026-05-30 13:40:16.990875+00,2026-05-30 13:40:16.990875+00,,,0.00,0,
2a1ac434-1221-44e7-962d-ae6638d3fd74,LN-0547,f4399f24-a371-4b58-a237-fd68329d89e9,89d1c7f8-46de-419f-b2ec-dc69213d45ca,883.66,12.50,24,41.80,119.65,1003.31,8.84,consolidation,A,active,2025-10-30,2027-10-30,2025-10-30,2026-05-30 13:40:16.751319+00,2026-05-30 13:40:16.751319+00,,,0.00,1,2026-06-30
2a4cbc4c-661c-4fa4-999a-84a0a10a89a3,LN-0442,6d6100fc-e73f-432b-8a4f-ab784cc1c130,89d1c7f8-46de-419f-b2ec-dc69213d45ca,242.62,12.50,24,11.48,32.82,275.44,2.43,event,C,active,2025-11-30,2027-11-30,2025-11-30,2026-05-30 13:40:16.593247+00,2026-05-30 13:40:16.593247+00,,,0.00,0,
2a5e4f39-aae3-4263-bae8-18971d9e5550,LN-0553,fb685cc0-af84-4137-9fe8-1a7236199838,89d1c7f8-46de-419f-b2ec-dc69213d45ca,743.72,12.50,24,35.18,100.68,844.40,7.44,homeImprovement,A,active,2025-03-30,2027-03-30,2025-03-30,2026-05-30 13:40:16.751319+00,2026-05-30 13:40:16.751319+00,,,0.00,1,2026-06-30
2a61bc1a-5bf9-4304-8806-0b42a82f744c,LN-0743,73c5bc40-1f71-409c-a92d-15ddbf894781,866a2b0d-da4d-403f-9343-390a810648e5,755.11,12.50,24,35.72,102.22,857.33,7.55,travel,A,active,2026-04-30,2028-04-30,2026-04-30,2026-05-30 13:40:16.751319+00,2026-05-30 13:40:16.751319+00,,,0.00,0,
2a633cfa-469f-46d1-a419-0cca90336b01,LN-1483,cf2082b8-339c-45fd-98da-960854675d48,89d1c7f8-46de-419f-b2ec-dc69213d45ca,135.08,12.50,24,6.39,18.32,153.40,1.35,travel,B,paid_off,2024-12-04,2026-12-04,2024-12-04,2026-05-30 13:40:16.880606+00,2026-05-30 13:40:16.880606+00,,,0.00,0,
2a985d5a-feb5-48f6-8303-e5a0a8725797,LN-0389,e335ff80-3bd6-45c9-955c-04341c578d6c,89d1c7f8-46de-419f-b2ec-dc69213d45ca,305.37,12.50,24,14.45,41.34,346.71,3.05,travel,A,active,2025-04-30,2027-04-30,2025-04-30,2026-05-30 13:40:16.593247+00,2026-05-30 13:40:16.593247+00,,,0.00,0,
2aa1fcc5-81c4-4d0b-b237-009085f3df4f,LN-1603,b1de689f-1b18-4f45-98bc-06b4086a6e63,89d1c7f8-46de-419f-b2ec-dc69213d45ca,56.68,12.50,24,2.68,7.68,64.36,0.57,medical,C,paid_off,2024-12-14,2026-12-14,2024-12-14,2026-05-30 13:40:16.990875+00,2026-05-30 13:40:16.990875+00,,,0.00,0,
2ac98700-3d6f-4914-b779-e5518c8293ad,LN-0963,26b9cebb-a78b-4e11-b32f-97414beb115b,0c6925f4-7d92-41a9-b358-1d126fb41279,586.06,12.50,24,27.72,79.35,665.41,5.86,event,A,active,2025-05-30,2027-05-30,2025-05-30,2026-05-30 13:40:16.751319+00,2026-05-30 13:40:16.751319+00,,,0.00,0,
2b02221d-2c04-4c97-9810-c965ab98a52e,LN-1189,8723d39d-75b6-49ca-a475-3a2b29ef20b1,0c6925f4-7d92-41a9-b358-1d126fb41279,406.47,12.50,24,19.23,55.03,461.50,4.06,emergency,D,active,2026-03-02,2028-03-02,2026-03-02,2026-05-30 13:40:16.880606+00,2026-05-30 13:40:16.880606+00,,,0.00,0,
2b255c65-7bc3-44cc-a8cb-9d1c7f6cab41,LN-0869,8595854f-6f1a-4a6a-bfe5-068f5972ecd6,866a2b0d-da4d-403f-9343-390a810648e5,1029.05,12.50,24,48.68,139.29,1168.34,10.29,travel,A,active,2025-05-30,2027-05-30,2025-05-30,2026-05-30 13:40:16.751319+00,2026-05-30 13:40:16.751319+00,,,0.00,0,
2b385b5e-8fd4-4b58-9c47-66895a082402,LN-1010,6c1afea1-0f1f-4f72-9c49-640b948b1b59,89d1c7f8-46de-419f-b2ec-dc69213d45ca,556.49,12.50,24,26.33,75.32,631.81,5.56,auto,B,active,2025-12-30,2027-12-30,2025-12-30,2026-05-30 13:40:16.880606+00,2026-05-30 13:40:16.880606+00,,,0.00,0,
2b5029a9-1316-4162-ae80-e68696175eb3,LN-1958,319fba5f-7f22-477f-9d01-0d11f293bcd1,0c6925f4-7d92-41a9-b358-1d126fb41279,874.30,12.50,24,41.36,118.36,992.66,8.74,homeImprovement,B,paid_off,2024-07-27,2026-07-27,2024-07-27,2026-05-30 13:40:16.990875+00,2026-05-30 13:40:16.990875+00,,,0.00,0,
2b606e23-7718-43a9-a2e8-d4ff9350e184,LN-0970,4d4e7109-3487-47fe-a50a-8183b471cfa7,89d1c7f8-46de-419f-b2ec-dc69213d45ca,380.95,12.50,24,18.02,51.54,432.49,3.81,emergency,D,defaulted,2025-06-30,2027-06-30,2025-06-30,2026-05-30 13:40:16.751319+00,2026-05-30 13:40:16.751319+00,2026-04-30,written_off,323.85,4,
2be5dc20-9969-46aa-af7d-0cd3b45f038a,LN-0535,4172012d-6186-4fc8-8651-2738aebefeb9,0c6925f4-7d92-41a9-b358-1d126fb41279,634.36,12.50,24,30.01,85.89,720.25,6.34,auto,A,active,2025-04-30,2027-04-30,2025-04-30,2026-05-30 13:40:16.751319+00,2026-05-30 13:40:16.751319+00,,,0.00,0,
2c0c5642-2313-4c92-aa19-a9890acf0c6c,LN-1647,de16b11f-1549-41bb-9d57-9c5053f65e71,89d1c7f8-46de-419f-b2ec-dc69213d45ca,523.00,12.50,24,24.74,70.82,593.82,5.23,event,D,paid_off,2024-01-25,2026-01-25,2024-01-25,2026-05-30 13:40:16.990875+00,2026-05-30 13:40:16.990875+00,,,0.00,0,
2c2a1a3c-477b-4a75-bf06-0064d5298810,LN-1211,b450424e-3dc7-43c7-8d6c-8402665f354e,89d1c7f8-46de-419f-b2ec-dc69213d45ca,496.02,12.50,24,23.47,67.13,563.15,4.96,auto,D,active,2026-03-02,2028-03-02,2026-03-02,2026-05-30 13:40:16.880606+00,2026-05-30 13:40:16.880606+00,,,0.00,0,
2c2f0e9e-c807-4e06-b065-929dbac2b194,LN-1354,9fb4a5f4-8dd7-4aac-95a3-c25ed191fbbc,0c6925f4-7d92-41a9-b358-1d126fb41279,387.78,12.50,24,18.34,52.51,440.29,3.88,travel,C,active,2025-11-30,2027-11-30,2025-11-30,2026-05-30 13:40:16.880606+00,2026-05-30 13:40:16.880606+00,,,0.00,0,
2c5e5de6-ebaa-4289-bd36-164ebe5ce258,LN-1101,85f24df5-8fe8-4faa-a825-d8a40b023663,89d1c7f8-46de-419f-b2ec-dc69213d45ca,68.57,12.50,24,3.24,9.29,77.86,0.69,equipment,C,active,2026-04-30,2028-04-30,2026-04-30,2026-05-30 13:40:16.880606+00,2026-05-30 13:40:16.880606+00,,,0.00,0,
2c66016f-2d6c-4d19-ab0a-009b477be71a,LN-1713,177797ad-0a95-40f9-a3bf-9d4481daf430,0c6925f4-7d92-41a9-b358-1d126fb41279,428.56,12.50,24,20.27,58.02,486.58,4.29,travel,C,paid_off,2024-03-20,2026-03-20,2024-03-20,2026-05-30 13:40:16.990875+00,2026-05-30 13:40:16.990875+00,,,0.00,0,
2c95970e-e128-4b71-b9c1-3be33202a7fa,LN-0030,b13710c5-3562-44b0-9f2d-78e78d5e7314,89d1c7f8-46de-419f-b2ec-dc69213d45ca,377.16,12.50,24,17.84,51.09,428.25,3.77,auto,B,active,2026-01-30,2028-01-30,2026-01-30,2026-05-30 13:40:16.593247+00,2026-05-30 13:40:16.593247+00,,,0.00,0,
2c97d735-0bb2-489f-98dc-9732e3338b50,LN-1138,8902800d-9c4f-4c02-b069-a64b6c970ee2,0c6925f4-7d92-41a9-b358-1d126fb41279,459.02,12.50,24,21.72,62.13,521.15,4.59,homeImprovement,C,active,2025-03-30,2027-03-30,2025-03-30,2026-05-30 13:40:16.880606+00,2026-05-30 13:40:16.880606+00,,,0.00,0,
2ca7dc51-9c0e-4533-88ea-9c5889b53ac6,LN-1675,048530de-e2fd-4e44-8178-ce6166b84e75,0c6925f4-7d92-41a9-b358-1d126fb41279,70.55,12.50,24,3.34,9.55,80.10,0.71,event,A,paid_off,2024-11-20,2026-11-20,2024-11-20,2026-05-30 13:40:16.990875+00,2026-05-30 13:40:16.990875+00,,,0.00,0,
2cab30de-6390-420f-b30e-69e2801a3a37,LN-0934,778e6475-3f9c-44f1-b9d1-3c38ff905c49,0c6925f4-7d92-41a9-b358-1d126fb41279,842.01,12.50,24,39.83,114.00,956.01,8.42,emergency,A,active,2025-04-30,2027-04-30,2025-04-30,2026-05-30 13:40:16.751319+00,2026-05-30 13:40:16.751319+00,,,0.00,1,2026-06-30
2cf6b0a5-e171-4715-8c3d-a4a8293c7589,LN-0593,8369a862-0f27-4873-b37c-fde99a31fb6d,0c6925f4-7d92-41a9-b358-1d126fb41279,830.37,12.50,24,39.28,112.43,942.80,8.30,medical,C,active,2025-12-30,2027-12-30,2025-12-30,2026-05-30 13:40:16.751319+00,2026-05-30 13:40:16.751319+00,,,0.00,0,
2d15e877-2051-4d3d-ac83-4b8de0207546,LN-1781,a05095ec-0080-4c96-91c4-9e94ae3e18f6,89d1c7f8-46de-419f-b2ec-dc69213d45ca,88.86,12.50,24,4.20,12.05,100.91,0.89,equipment,D,paid_off,2024-01-10,2026-01-10,2024-01-10,2026-05-30 13:40:16.990875+00,2026-05-30 13:40:16.990875+00,,,0.00,0,
2d2589c6-6415-4c99-8b59-a8d3544befde,LN-1222,49059e96-8ff6-4a63-a22d-c95c35e373ed,0c6925f4-7d92-41a9-b358-1d126fb41279,300.48,12.50,24,14.21,40.70,341.18,3.00,homeImprovement,A,active,2025-03-30,2027-03-30,2025-03-30,2026-05-30 13:40:16.880606+00,2026-05-30 13:40:16.880606+00,,,0.00,1,2026-06-30
2d28e096-fa27-40f6-a276-baaebe030f29,LN-0899,4ff1d02c-205b-4c4e-8a02-a63ad234f9d8,89d1c7f8-46de-419f-b2ec-dc69213d45ca,675.07,12.50,24,31.94,91.36,766.43,6.75,auto,C,active,2025-07-30,2027-07-30,2025-07-30,2026-05-30 13:40:16.751319+00,2026-05-30 13:40:16.751319+00,,,0.00,1,2026-06-30
2d2ca868-b016-4d84-9187-bc07d7f22d29,LN-0598,f57a03c0-4e44-4ccd-88c3-6e227f1e75f5,89d1c7f8-46de-419f-b2ec-dc69213d45ca,1493.60,12.50,24,70.66,202.19,1695.79,14.94,travel,A,active,2026-03-02,2028-03-02,2026-03-02,2026-05-30 13:40:16.751319+00,2026-05-30 13:40:16.751319+00,,,0.00,0,
2daca6fb-884f-48e0-9670-35625b92797a,LN-1368,54a43719-b793-4a86-98e9-b515994659bd,0c6925f4-7d92-41a9-b358-1d126fb41279,538.75,12.50,24,25.49,72.92,611.67,5.39,auto,A,paid_off,2024-09-28,2026-09-28,2024-09-28,2026-05-30 13:40:16.880606+00,2026-05-30 13:40:16.880606+00,,,0.00,0,
2df9085c-dc47-4327-81d7-404ad402dd9b,LN-1788,da4ce10b-4674-44e1-a522-51eecf29fea9,0c6925f4-7d92-41a9-b358-1d126fb41279,376.08,12.50,24,17.79,50.91,426.99,3.76,equipment,A,paid_off,2024-07-14,2026-07-14,2024-07-14,2026-05-30 13:40:16.990875+00,2026-05-30 13:40:16.990875+00,,,0.00,0,
2e25bd89-3979-4840-803c-25ab6d43e8a6,LN-0843,6da5fb84-9e84-44bf-aa4e-cc2457f60b67,89d1c7f8-46de-419f-b2ec-dc69213d45ca,737.26,12.50,24,34.88,99.80,837.06,7.37,event,A,active,2025-06-30,2027-06-30,2025-06-30,2026-05-30 13:40:16.751319+00,2026-05-30 13:40:16.751319+00,,,0.00,0,
2e43b86d-113c-4643-8ffe-6c6cd83f39d5,LN-0489,a01ff66a-77cc-45dc-8e24-e1340ac7b06f,89d1c7f8-46de-419f-b2ec-dc69213d45ca,400.47,12.50,24,18.95,54.20,454.67,4.00,equipment,B,active,2025-12-30,2027-12-30,2025-12-30,2026-05-30 13:40:16.593247+00,2026-05-30 13:40:16.593247+00,,,0.00,0,
2e4862fb-d8f7-4390-90ca-b5bca5469b9d,LN-0976,2e93e345-4fc8-4db9-a922-d5f52bba43f2,89d1c7f8-46de-419f-b2ec-dc69213d45ca,498.87,12.50,24,23.60,67.53,566.40,4.99,consolidation,A,active,2025-08-30,2027-08-30,2025-08-30,2026-05-30 13:40:16.751319+00,2026-05-30 13:40:16.751319+00,,,0.00,0,
2e91bb77-bb70-4152-b117-2950fbc8f15e,LN-0460,f9eeffd6-b25f-4b15-8172-5ac0177f392a,0c6925f4-7d92-41a9-b358-1d126fb41279,676.01,12.50,24,31.98,91.54,767.55,6.76,travel,B,active,2026-03-02,2028-03-02,2026-03-02,2026-05-30 13:40:16.593247+00,2026-05-30 13:40:16.593247+00,,,0.00,0,
2eaee164-3c14-445c-80d9-80fe11a73b25,LN-0081,371c6a45-27f4-44c3-8eb0-eecc2284f4c4,866a2b0d-da4d-403f-9343-390a810648e5,1149.36,12.50,24,54.37,155.61,1304.97,11.49,medical,A,active,2025-07-30,2027-07-30,2025-07-30,2026-05-30 13:40:16.593247+00,2026-05-30 13:40:16.593247+00,,,0.00,0,
2ec21b97-340f-4ba5-ac54-d10d22cfe67e,LN-1943,ed49f3ca-1f49-47ea-861e-6ace879cb675,0c6925f4-7d92-41a9-b358-1d126fb41279,207.92,12.50,24,9.84,28.16,236.08,2.08,homeImprovement,B,paid_off,2024-02-14,2026-02-14,2024-02-14,2026-05-30 13:40:16.990875+00,2026-05-30 13:40:16.990875+00,,,0.00,0,
2ed46bf2-ccc2-45c9-8b54-0082a43fa382,LN-1475,ecd0c1d7-0ec8-424d-8f88-0f1768d9b2f4,866a2b0d-da4d-403f-9343-390a810648e5,619.98,12.50,24,29.33,83.93,703.91,6.20,medical,B,paid_off,2024-05-17,2026-05-17,2024-05-17,2026-05-30 13:40:16.880606+00,2026-05-30 13:40:16.880606+00,,,0.00,0,
2ef87298-cd03-4e48-b5f0-f06904882fb2,LN-1888,ac0ba0a5-19fa-4332-9413-faf646e6fec7,89d1c7f8-46de-419f-b2ec-dc69213d45ca,105.61,12.50,24,5.00,14.28,119.89,1.06,homeImprovement,B,paid_off,2024-04-28,2026-04-28,2024-04-28,2026-05-30 13:40:16.990875+00,2026-05-30 13:40:16.990875+00,,,0.00,0,
2f14e01e-3493-477a-b88d-f61497a108ac,LN-1350,a421db8d-a032-4c3a-8738-4b3e463477ea,89d1c7f8-46de-419f-b2ec-dc69213d45ca,447.00,12.50,24,21.15,60.51,507.51,4.47,emergency,B,active,2025-10-30,2027-10-30,2025-10-30,2026-05-30 13:40:16.880606+00,2026-05-30 13:40:16.880606+00,,,0.00,0,
2f1d5a27-ee19-465f-ad0b-fb5aa850907c,LN-1143,7d2607be-1b2f-4df9-815d-6d529446ed60,0c6925f4-7d92-41a9-b358-1d126fb41279,176.81,12.50,24,8.36,23.96,200.77,1.77,equipment,A,active,2025-10-30,2027-10-30,2025-10-30,2026-05-30 13:40:16.880606+00,2026-05-30 13:40:16.880606+00,,,0.00,1,2026-06-30
2f9481ea-bf89-4053-809b-82b9d54449b9,LN-1399,0520b07e-0138-4424-a264-798935b944fc,89d1c7f8-46de-419f-b2ec-dc69213d45ca,491.83,12.50,24,23.27,66.56,558.39,4.92,auto,C,paid_off,2024-08-26,2026-08-26,2024-08-26,2026-05-30 13:40:16.880606+00,2026-05-30 13:40:16.880606+00,,,0.00,0,
2fb94c75-4886-4799-b46e-4a4c379a8d19,LN-0528,09b5bff7-6f9e-45cd-b0d0-f7bd8f235d53,0c6925f4-7d92-41a9-b358-1d126fb41279,304.70,12.50,24,14.41,41.28,345.98,3.05,travel,A,active,2025-05-30,2027-05-30,2025-05-30,2026-05-30 13:40:16.751319+00,2026-05-30 13:40:16.751319+00,,,0.00,0,
2fcc82f3-0ea3-46bd-a0e7-40f271a37001,LN-0475,0524d576-dfe3-4935-8696-9996bac82f52,89d1c7f8-46de-419f-b2ec-dc69213d45ca,169.80,12.50,24,8.03,23.03,192.83,1.70,equipment,B,active,2025-08-30,2027-08-30,2025-08-30,2026-05-30 13:40:16.593247+00,2026-05-30 13:40:16.593247+00,,,0.00,1,2026-06-30
2ffa586a-0032-40fb-a7ac-4f664b978d37,LN-1377,26fec0f5-05ef-46dc-8981-c453fd05c9cb,89d1c7f8-46de-419f-b2ec-dc69213d45ca,388.83,12.50,24,18.39,52.64,441.47,3.89,equipment,B,paid_off,2024-12-21,2026-12-21,2024-12-21,2026-05-30 13:40:16.880606+00,2026-05-30 13:40:16.880606+00,,,0.00,0,
301467e8-3f8e-4c9a-9938-4a0ee9ef6775,LN-0394,d473a7ed-f282-4e33-ba51-e74dd9eb2ee2,41340b75-3fa9-4cbd-bee5-5d10bb757dbb,1614.04,12.50,24,76.36,218.49,1832.53,16.14,homeImprovement,B,defaulted,2025-05-30,2027-05-30,2025-05-30,2026-05-30 13:40:16.593247+00,2026-05-30 13:40:16.593247+00,2026-03-02,written_off,1310.03,4,
303cea31-15d8-4c96-9642-86bac2901c28,LN-1927,4cfa17d2-f40b-439b-a562-6a204a0e2dd6,0c6925f4-7d92-41a9-b358-1d126fb41279,259.27,12.50,24,12.27,35.11,294.38,2.59,equipment,B,paid_off,2024-10-06,2026-10-06,2024-10-06,2026-05-30 13:40:16.990875+00,2026-05-30 13:40:16.990875+00,,,0.00,0,
304070ae-695b-4462-805d-e36ab527ab12,LN-0735,9e030668-2d7a-4cd3-975d-2711205efaf6,89d1c7f8-46de-419f-b2ec-dc69213d45ca,796.38,12.50,24,37.67,107.83,904.21,7.96,equipment,A,active,2025-08-30,2027-08-30,2025-08-30,2026-05-30 13:40:16.751319+00,2026-05-30 13:40:16.751319+00,,,0.00,0,
304f7501-0f62-4fc4-8e73-b41ee7e7ecf8,LN-1517,1255bcfd-c610-4e53-9ee3-19102851a5fc,89d1c7f8-46de-419f-b2ec-dc69213d45ca,821.81,12.50,24,38.88,111.26,933.07,8.22,homeImprovement,A,paid_off,2024-07-16,2026-07-16,2024-07-16,2026-05-30 13:40:16.990875+00,2026-05-30 13:40:16.990875+00,,,0.00,0,
309b45ad-f994-49fa-bffb-37feb8d850b2,LN-0509,99c573ee-59e0-466d-9c6d-1cfa604a231e,0c6925f4-7d92-41a9-b358-1d126fb41279,72.63,12.50,24,3.44,9.79,82.42,0.73,emergency,A,active,2025-04-30,2027-04-30,2025-04-30,2026-05-30 13:40:16.751319+00,2026-05-30 13:40:16.751319+00,,,0.00,0,
30ccbb8e-0c1b-444e-8144-e6148f9b294c,LN-1563,93294432-1ad3-41b1-ab06-1ab9e73d1a23,89d1c7f8-46de-419f-b2ec-dc69213d45ca,957.14,12.50,24,45.28,129.59,1086.73,9.57,homeImprovement,A,paid_off,2024-12-01,2026-12-01,2024-12-01,2026-05-30 13:40:16.990875+00,2026-05-30 13:40:16.990875+00,,,0.00,0,
30f3a674-01c7-4311-ae68-b97c90b2c7ef,LN-0225,b92c8ce0-a886-4f7a-9412-508addee10c5,89d1c7f8-46de-419f-b2ec-dc69213d45ca,594.91,12.50,24,28.14,80.55,675.46,5.95,equipment,A,active,2026-03-30,2028-03-30,2026-03-30,2026-05-30 13:40:16.593247+00,2026-05-30 13:40:16.593247+00,,,0.00,0,
3126a188-0f2e-4993-a7fe-9d0aada247f6,LN-0876,40410c2e-d987-4fb2-8fcf-e432f7789b5e,0c6925f4-7d92-41a9-b358-1d126fb41279,231.44,12.50,24,10.95,31.31,262.75,2.31,equipment,A,active,2025-05-30,2027-05-30,2025-05-30,2026-05-30 13:40:16.751319+00,2026-05-30 13:40:16.751319+00,,,0.00,0,
318fd37b-b541-4f5d-81fc-5d0f8d85d77b,LN-1439,285b773b-e308-478b-a852-49564f4e0050,41340b75-3fa9-4cbd-bee5-5d10bb757dbb,718.16,12.50,24,33.97,97.22,815.38,7.18,auto,C,paid_off,2024-09-07,2026-09-07,2024-09-07,2026-05-30 13:40:16.880606+00,2026-05-30 13:40:16.880606+00,,,0.00,0,
31b8f7e4-872e-4c42-91b4-5107c3b6df89,LN-1407,5a178493-6f06-4353-a34a-03382eb285fe,0c6925f4-7d92-41a9-b358-1d126fb41279,230.10,12.50,24,10.89,31.15,261.25,2.30,consolidation,B,paid_off,2024-01-02,2026-01-02,2024-01-02,2026-05-30 13:40:16.880606+00,2026-05-30 13:40:16.880606+00,,,0.00,0,
31d29846-9175-4cc8-ac19-e6cfbe87eb20,LN-0658,26fec0f5-05ef-46dc-8981-c453fd05c9cb,89d1c7f8-46de-419f-b2ec-dc69213d45ca,612.02,12.50,24,28.95,82.87,694.89,6.12,emergency,B,active,2025-12-30,2027-12-30,2025-12-30,2026-05-30 13:40:16.751319+00,2026-05-30 13:40:16.751319+00,,,0.00,1,2026-06-30
31e2e3f0-070f-4ebf-b101-619d1ba0d55c,LN-1775,f47e8512-45a7-4d2b-8b75-f9148d0ebe0f,89d1c7f8-46de-419f-b2ec-dc69213d45ca,431.99,12.50,24,20.44,58.48,490.47,4.32,emergency,A,paid_off,2024-06-01,2026-06-01,2024-06-01,2026-05-30 13:40:16.990875+00,2026-05-30 13:40:16.990875+00,,,0.00,0,
31fcd834-3d78-4c1f-9d58-b64d51c96642,LN-1688,b66ea347-d3e4-4993-a276-dfb01636a614,0c6925f4-7d92-41a9-b358-1d126fb41279,901.52,12.50,24,42.65,122.03,1023.55,9.02,homeImprovement,C,paid_off,2024-04-06,2026-04-06,2024-04-06,2026-05-30 13:40:16.990875+00,2026-05-30 13:40:16.990875+00,,,0.00,0,
322e0ec3-e7ff-48be-8037-63796c32b08b,LN-0788,f5c4f8eb-4881-4bc9-8316-9ef57daa2f68,89d1c7f8-46de-419f-b2ec-dc69213d45ca,135.72,12.50,24,6.42,18.37,154.09,1.36,emergency,B,active,2025-11-30,2027-11-30,2025-11-30,2026-05-30 13:40:16.751319+00,2026-05-30 13:40:16.751319+00,,,0.00,0,
326de5cc-c0b1-42f8-8886-7926cded816f,LN-0229,2299bb58-c5ba-43f7-a5b6-13bb804299ab,89d1c7f8-46de-419f-b2ec-dc69213d45ca,313.55,12.50,24,14.83,42.48,356.03,3.14,medical,A,active,2026-03-02,2028-03-02,2026-03-02,2026-05-30 13:40:16.593247+00,2026-05-30 13:40:16.593247+00,,,0.00,0,
328d93ca-f5fc-49ff-b356-564826339ba5,LN-1327,8e01efcc-2913-4ac3-bbe0-5d9ad495299e,89d1c7f8-46de-419f-b2ec-dc69213d45ca,388.57,12.50,24,18.38,52.64,441.21,3.89,event,A,active,2025-05-30,2027-05-30,2025-05-30,2026-05-30 13:40:16.880606+00,2026-05-30 13:40:16.880606+00,,,0.00,0,
32b13117-1741-4187-beb8-f3d80b0c981d,LN-0564,8af0f78d-2df2-4911-bdfc-972b51f496c1,89d1c7f8-46de-419f-b2ec-dc69213d45ca,679.97,12.50,24,32.17,92.03,772.00,6.80,auto,A,active,2025-07-30,2027-07-30,2025-07-30,2026-05-30 13:40:16.751319+00,2026-05-30 13:40:16.751319+00,,,0.00,0,
32cdee15-ae45-4ed9-885c-9678058d7269,LN-0670,d05da0cf-8c54-4304-8454-63c971c09376,0c6925f4-7d92-41a9-b358-1d126fb41279,1099.70,12.50,24,52.02,148.89,1248.59,11.00,medical,D,active,2026-03-02,2028-03-02,2026-03-02,2026-05-30 13:40:16.751319+00,2026-05-30 13:40:16.751319+00,,,0.00,0,
32e00518-4064-4f8b-9e90-029c11b70973,LN-1436,57603a29-c80b-4a33-8c72-2847a51cb1d8,89d1c7f8-46de-419f-b2ec-dc69213d45ca,536.40,12.50,24,25.38,72.61,609.01,5.36,event,A,paid_off,2024-07-19,2026-07-19,2024-07-19,2026-05-30 13:40:16.880606+00,2026-05-30 13:40:16.880606+00,,,0.00,0,
33023a90-d8e7-4589-98df-addc483d3993,LN-1837,e06d356b-4ead-4c5c-a303-fa2e3c8e1762,89d1c7f8-46de-419f-b2ec-dc69213d45ca,688.08,12.50,24,32.55,93.17,781.25,6.88,homeImprovement,A,paid_off,2024-12-26,2026-12-26,2024-12-26,2026-05-30 13:40:16.990875+00,2026-05-30 13:40:16.990875+00,,,0.00,0,
330f243a-e9b5-498c-96ab-684ccecf42de,LN-0771,e38c06be-2619-4bc5-b4e4-89d80f064197,89d1c7f8-46de-419f-b2ec-dc69213d45ca,193.91,12.50,24,9.17,26.25,220.16,1.94,equipment,B,active,2025-04-30,2027-04-30,2025-04-30,2026-05-30 13:40:16.751319+00,2026-05-30 13:40:16.751319+00,,,0.00,0,
3318c01b-2efb-4953-a85b-ffe1e6245c4f,LN-1961,408c224d-39db-4386-b584-6b4ac6327e1d,0c6925f4-7d92-41a9-b358-1d126fb41279,376.32,12.50,24,17.80,50.95,427.27,3.76,homeImprovement,B,paid_off,2024-11-17,2026-11-17,2024-11-17,2026-05-30 13:40:16.990875+00,2026-05-30 13:40:16.990875+00,,,0.00,0,
33211730-2a02-40f2-b189-7f5d7ae3bd65,LN-0903,d94e7cd0-4956-4a41-90d6-2116fcf9383a,0c6925f4-7d92-41a9-b358-1d126fb41279,539.31,12.50,24,25.51,73.02,612.33,5.39,travel,B,active,2025-03-30,2027-03-30,2025-03-30,2026-05-30 13:40:16.751319+00,2026-05-30 13:40:16.751319+00,,,0.00,0,
334241f9-58e7-4aaf-93eb-659775c49e1f,LN-0481,ae636e59-f95d-44c2-9fc0-3ff40753176f,0c6925f4-7d92-41a9-b358-1d126fb41279,186.80,12.50,24,8.84,25.27,212.07,1.87,equipment,A,active,2025-04-30,2027-04-30,2025-04-30,2026-05-30 13:40:16.593247+00,2026-05-30 13:40:16.593247+00,,,0.00,0,
337ae8c0-b022-41d4-bb5d-d2aab94b3ba0,LN-1557,69a08829-a785-47a7-bac0-109baaffbe7b,0c6925f4-7d92-41a9-b358-1d126fb41279,463.73,12.50,24,21.94,62.74,526.47,4.64,medical,A,paid_off,2024-07-05,2026-07-05,2024-07-05,2026-05-30 13:40:16.990875+00,2026-05-30 13:40:16.990875+00,,,0.00,0,
33806810-b222-4ec5-a463-1a779d9e2ea1,LN-1871,ea634e24-ba58-4787-b13a-7ef4d878d86a,0c6925f4-7d92-41a9-b358-1d126fb41279,551.16,12.50,24,26.07,74.64,625.80,5.51,medical,A,paid_off,2024-08-08,2026-08-08,2024-08-08,2026-05-30 13:40:16.990875+00,2026-05-30 13:40:16.990875+00,,,0.00,0,
3390416a-119d-430f-8858-403211aa9a32,LN-1240,daff05e0-84a3-4297-8d38-8d735b5829ea,89d1c7f8-46de-419f-b2ec-dc69213d45ca,865.66,12.50,24,40.95,117.20,982.86,8.66,medical,A,active,2025-09-30,2027-09-30,2025-09-30,2026-05-30 13:40:16.880606+00,2026-05-30 13:40:16.880606+00,,,0.00,0,
33a29589-6fca-44e0-9ac4-81c80c703a58,LN-0839,27c66573-18b9-4d5e-a223-ebd2abb68cca,89d1c7f8-46de-419f-b2ec-dc69213d45ca,907.47,12.50,24,42.93,122.85,1030.32,9.07,homeImprovement,B,active,2025-08-30,2027-08-30,2025-08-30,2026-05-30 13:40:16.751319+00,2026-05-30 13:40:16.751319+00,,,0.00,0,
33ad1a49-f7cc-4108-9ea8-0ebafa49d049,LN-1509,e20bfff7-ff6a-4904-ab5d-ceea1141fdc0,866a2b0d-da4d-403f-9343-390a810648e5,960.33,12.50,24,45.43,129.98,1090.31,9.60,emergency,D,paid_off,2024-03-10,2026-03-10,2024-03-10,2026-05-30 13:40:16.990875+00,2026-05-30 13:40:16.990875+00,,,0.00,0,
33ce635e-030d-41c5-bbf8-f1f2a66894b7,LN-1549,b8dd9aec-6c5d-49b8-abd1-ebba132aeb62,89d1c7f8-46de-419f-b2ec-dc69213d45ca,333.79,12.50,24,15.79,45.19,378.98,3.34,consolidation,C,paid_off,2024-01-01,2026-01-01,2024-01-01,2026-05-30 13:40:16.990875+00,2026-05-30 13:40:16.990875+00,,,0.00,0,
340887cd-c981-4bbd-86fd-d3b83be6ba0f,LN-0414,e70bd303-df6b-4159-acc5-a197944542eb,866a2b0d-da4d-403f-9343-390a810648e5,874.19,12.50,24,41.36,118.33,992.52,8.74,auto,A,active,2025-03-02,2027-03-02,2025-03-02,2026-05-30 13:40:16.593247+00,2026-05-30 13:40:16.593247+00,,,0.00,1,2026-06-30
340a503b-2f35-44c0-8b9c-ecc0033f9d2c,LN-0777,aec22c5a-171a-4b02-a3d9-c95e56cf63b6,89d1c7f8-46de-419f-b2ec-dc69213d45ca,164.76,12.50,24,7.79,22.30,187.06,1.65,medical,C,active,2025-06-30,2027-06-30,2025-06-30,2026-05-30 13:40:16.751319+00,2026-05-30 13:40:16.751319+00,,,0.00,1,2026-06-30
341e8bf9-026a-4b92-b765-3bb7c938d8ca,LN-1677,6bad65cf-15a3-47c5-94c1-4283521d9877,866a2b0d-da4d-403f-9343-390a810648e5,1356.13,12.50,24,64.15,183.63,1539.76,13.56,consolidation,C,paid_off,2024-03-16,2026-03-16,2024-03-16,2026-05-30 13:40:16.990875+00,2026-05-30 13:40:16.990875+00,,,0.00,0,
34375f62-033d-4fe3-86d7-77a9a3eb70b3,LN-0612,b12feda5-a769-4dfd-8ce5-dbe8e269f571,0c6925f4-7d92-41a9-b358-1d126fb41279,555.63,12.50,24,26.29,75.21,630.84,5.56,travel,C,active,2026-01-30,2028-01-30,2026-01-30,2026-05-30 13:40:16.751319+00,2026-05-30 13:40:16.751319+00,,,0.00,0,
344f82b0-ac93-4f94-bb6a-b30eecdf0a4a,LN-0160,a7dbccb1-c74d-481d-b260-3dca6431a147,89d1c7f8-46de-419f-b2ec-dc69213d45ca,392.02,12.50,24,18.55,53.06,445.08,3.92,homeImprovement,A,active,2025-09-30,2027-09-30,2025-09-30,2026-05-30 13:40:16.593247+00,2026-05-30 13:40:16.593247+00,,,0.00,0,
347f72bb-8806-4a3d-96c5-bf5fb3c63f6f,LN-1723,cf99fc2b-1956-4458-b4dc-365beb63b996,89d1c7f8-46de-419f-b2ec-dc69213d45ca,86.60,12.50,24,4.10,11.73,98.33,0.87,medical,A,paid_off,2024-05-06,2026-05-06,2024-05-06,2026-05-30 13:40:16.990875+00,2026-05-30 13:40:16.990875+00,,,0.00,0,
34941a96-197f-44c0-b132-1ef0472b5b29,LN-0333,85091250-7f76-4bad-917c-83ad1e63527f,0c6925f4-7d92-41a9-b358-1d126fb41279,458.07,12.50,24,21.67,62.00,520.07,4.58,homeImprovement,C,active,2025-12-30,2027-12-30,2025-12-30,2026-05-30 13:40:16.593247+00,2026-05-30 13:40:16.593247+00,,,0.00,0,
34be980f-a7a1-4701-9e68-e526aa2fd352,LN-0359,ab20a0a5-eb29-45f5-8918-b0e44093be61,0c6925f4-7d92-41a9-b358-1d126fb41279,155.95,12.50,24,7.38,21.11,177.06,1.56,travel,A,active,2026-04-30,2028-04-30,2026-04-30,2026-05-30 13:40:16.593247+00,2026-05-30 13:40:16.593247+00,,,0.00,0,
34e32bde-b672-4ba9-9ab5-f4dd4172be74,LN-1572,3306b148-3625-449c-89d4-541a9f152ff7,0c6925f4-7d92-41a9-b358-1d126fb41279,673.73,12.50,24,31.87,91.22,764.95,6.74,equipment,A,paid_off,2024-08-18,2026-08-18,2024-08-18,2026-05-30 13:40:16.990875+00,2026-05-30 13:40:16.990875+00,,,0.00,0,
34e7dfe4-73d3-4f54-9607-91c2c6583de6,LN-1243,1d124b1b-c4ab-4601-ab75-f37b1b2882fb,89d1c7f8-46de-419f-b2ec-dc69213d45ca,436.66,12.50,24,20.66,59.09,495.75,4.37,emergency,B,active,2025-07-30,2027-07-30,2025-07-30,2026-05-30 13:40:16.880606+00,2026-05-30 13:40:16.880606+00,,,0.00,2,2026-06-30
35261729-a82b-4604-ad25-230568cb35c5,LN-0476,07aeaa32-f39c-4d9d-9add-d48bc8dc3fd3,41340b75-3fa9-4cbd-bee5-5d10bb757dbb,1830.56,12.50,24,86.60,247.81,2078.37,18.31,event,A,active,2025-12-30,2027-12-30,2025-12-30,2026-05-30 13:40:16.593247+00,2026-05-30 13:40:16.593247+00,,,0.00,0,
352a7433-2549-4b97-8604-4ecd5d7b0423,LN-1042,49ca3c24-8b71-4833-82ff-7c4159bb1e5e,89d1c7f8-46de-419f-b2ec-dc69213d45ca,390.55,12.50,24,18.48,52.84,443.39,3.91,consolidation,D,active,2025-05-30,2027-05-30,2025-05-30,2026-05-30 13:40:16.880606+00,2026-05-30 13:40:16.880606+00,,,0.00,0,
35ed7778-17b2-4917-b5c1-a7a91d1d2ec1,LN-1749,a75f3c1b-eae2-416c-a474-163b3979eab5,0c6925f4-7d92-41a9-b358-1d126fb41279,417.59,12.50,24,19.76,56.51,474.10,4.18,homeImprovement,B,paid_off,2024-02-16,2026-02-16,2024-02-16,2026-05-30 13:40:16.990875+00,2026-05-30 13:40:16.990875+00,,,0.00,0,
35fb7e0e-2dfd-4735-ab5f-7227d94de08b,LN-1441,b9a2c6d5-a536-4641-a438-4dddb3c3fe8f,0c6925f4-7d92-41a9-b358-1d126fb41279,638.36,12.50,24,30.20,86.41,724.77,6.38,event,C,paid_off,2024-03-19,2026-03-19,2024-03-19,2026-05-30 13:40:16.880606+00,2026-05-30 13:40:16.880606+00,,,0.00,0,
36019c32-a6c7-477f-a826-f0875ce709be,LN-0187,a74ff37d-9723-4a86-94f3-e5826e06eaff,89d1c7f8-46de-419f-b2ec-dc69213d45ca,1124.23,12.50,24,53.18,152.22,1276.45,11.24,medical,A,active,2025-03-30,2027-03-30,2025-03-30,2026-05-30 13:40:16.593247+00,2026-05-30 13:40:16.593247+00,,,0.00,0,
361d0f5a-9f7b-43ee-8afb-ba99dddf605a,LN-0396,eff4dc49-fd4e-4034-af1e-5d2c5f533f7a,41340b75-3fa9-4cbd-bee5-5d10bb757dbb,729.23,12.50,24,34.50,98.74,827.97,7.29,consolidation,C,active,2025-11-30,2027-11-30,2025-11-30,2026-05-30 13:40:16.593247+00,2026-05-30 13:40:16.593247+00,,,0.00,3,2026-06-30
36948f2d-1a15-4c79-a974-c988411d202b,LN-0495,a06487ba-c4ee-4fa8-8ff8-fa009192f5a6,89d1c7f8-46de-419f-b2ec-dc69213d45ca,85.42,12.50,24,4.04,11.55,96.97,0.85,event,B,active,2025-10-30,2027-10-30,2025-10-30,2026-05-30 13:40:16.593247+00,2026-05-30 13:40:16.593247+00,,,0.00,0,
36e3b2b7-371c-4fb8-a86c-8a83bd8c650a,LN-0660,bbf4999d-4543-4fca-8464-372bc726c246,0c6925f4-7d92-41a9-b358-1d126fb41279,168.43,12.50,24,7.97,22.78,191.21,1.68,consolidation,B,active,2025-08-30,2027-08-30,2025-08-30,2026-05-30 13:40:16.751319+00,2026-05-30 13:40:16.751319+00,,,0.00,1,2026-06-30
370e4fff-ec2d-4738-a891-be12fedc1835,LN-0463,fc6d53d8-ddd6-467a-a928-3c5abd2a5932,89d1c7f8-46de-419f-b2ec-dc69213d45ca,748.93,12.50,24,35.43,101.38,850.31,7.49,medical,B,active,2025-12-30,2027-12-30,2025-12-30,2026-05-30 13:40:16.593247+00,2026-05-30 13:40:16.593247+00,,,0.00,0,
3750f09f-0afa-4169-ae86-5f2bb8fe0a38,LN-1955,b12feda5-a769-4dfd-8ce5-dbe8e269f571,89d1c7f8-46de-419f-b2ec-dc69213d45ca,224.67,12.50,24,10.63,30.43,255.10,2.25,travel,C,paid_off,2024-02-04,2026-02-04,2024-02-04,2026-05-30 13:40:16.990875+00,2026-05-30 13:40:16.990875+00,,,0.00,0,
375c8909-d0ec-44b6-aa9d-0ade21f0f8a9,LN-1584,f29aff10-c34c-4c05-9f78-0ecbdc3e9eca,0c6925f4-7d92-41a9-b358-1d126fb41279,480.40,12.50,24,22.73,65.01,545.41,4.80,equipment,A,paid_off,2024-07-18,2026-07-18,2024-07-18,2026-05-30 13:40:16.990875+00,2026-05-30 13:40:16.990875+00,,,0.00,0,
377b854b-5559-4aac-addf-09015d0fcd75,LN-1464,df5a8011-37d0-4de5-b55e-828eb9d91a7c,0c6925f4-7d92-41a9-b358-1d126fb41279,818.37,12.50,24,38.71,110.80,929.17,8.18,auto,B,paid_off,2024-08-26,2026-08-26,2024-08-26,2026-05-30 13:40:16.880606+00,2026-05-30 13:40:16.880606+00,,,0.00,0,
37ba09cb-802b-48af-8488-f754cb6f8f20,LN-1249,a51dd516-f1cd-4b42-bb45-bda3a6e9643a,0c6925f4-7d92-41a9-b358-1d126fb41279,151.59,12.50,24,7.17,20.51,172.10,1.52,equipment,A,active,2025-12-30,2027-12-30,2025-12-30,2026-05-30 13:40:16.880606+00,2026-05-30 13:40:16.880606+00,,,0.00,0,
38006ac5-1f91-4943-87fc-e922284e1c6c,LN-1558,6f23ea35-c0cb-4005-a49e-2a8d9b4a720c,89d1c7f8-46de-419f-b2ec-dc69213d45ca,397.86,12.50,24,18.82,53.85,451.71,3.98,equipment,B,paid_off,2024-06-01,2026-06-01,2024-06-01,2026-05-30 13:40:16.990875+00,2026-05-30 13:40:16.990875+00,,,0.00,0,
3829c7fb-e7ee-4260-8810-b9a9bc4e3c99,LN-1805,0bba0959-98a2-4386-b330-6a3fc6d6f000,89d1c7f8-46de-419f-b2ec-dc69213d45ca,186.59,12.50,24,8.83,25.26,211.85,1.87,emergency,C,paid_off,2024-11-03,2026-11-03,2024-11-03,2026-05-30 13:40:16.990875+00,2026-05-30 13:40:16.990875+00,,,0.00,0,
386eaa78-b591-46e4-a26b-9fad90e0e722,LN-1801,adff6f66-b0bc-4607-8d4d-7bc263f85743,41340b75-3fa9-4cbd-bee5-5d10bb757dbb,1929.95,12.50,24,91.30,261.28,2191.23,19.30,homeImprovement,A,paid_off,2024-06-07,2026-06-07,2024-06-07,2026-05-30 13:40:16.990875+00,2026-05-30 13:40:16.990875+00,,,0.00,0,
38a0e855-7dc6-4201-abae-8b82d415e470,LN-0096,5fb2a980-34d4-43c5-901a-e75a28f63386,0c6925f4-7d92-41a9-b358-1d126fb41279,310.94,12.50,24,14.71,42.10,353.04,3.11,event,B,active,2026-03-30,2028-03-30,2026-03-30,2026-05-30 13:40:16.593247+00,2026-05-30 13:40:16.593247+00,,,0.00,0,
38a9b7df-0a4b-4c34-95e9-695d4be29e15,LN-1065,0e1b3527-32f5-4b49-8408-d95fe668c4af,866a2b0d-da4d-403f-9343-390a810648e5,775.31,12.50,24,36.68,104.96,880.27,7.75,consolidation,C,active,2025-12-30,2027-12-30,2025-12-30,2026-05-30 13:40:16.880606+00,2026-05-30 13:40:16.880606+00,,,0.00,1,2026-06-30
38b139f8-5aec-478b-ab4a-4ad55b2899c3,LN-1176,30bfa77d-49b5-4d48-b3c8-00b052798125,89d1c7f8-46de-419f-b2ec-dc69213d45ca,709.06,12.50,24,33.54,96.01,805.07,7.09,medical,B,active,2025-04-30,2027-04-30,2025-04-30,2026-05-30 13:40:16.880606+00,2026-05-30 13:40:16.880606+00,,,0.00,0,
38d3d8f3-0cae-49e5-876b-a230ecc20026,LN-1286,4020077c-1cc0-462f-9f0c-4e8da0329775,89d1c7f8-46de-419f-b2ec-dc69213d45ca,294.95,12.50,24,13.95,39.90,334.85,2.95,emergency,C,active,2025-11-30,2027-11-30,2025-11-30,2026-05-30 13:40:16.880606+00,2026-05-30 13:40:16.880606+00,,,0.00,0,
39195290-f4df-4aea-9d4b-ec636659b16e,LN-0830,21616de0-728c-486b-8adf-3765e3ed11af,0c6925f4-7d92-41a9-b358-1d126fb41279,364.68,12.50,24,17.25,49.38,414.06,3.65,homeImprovement,D,active,2025-11-30,2027-11-30,2025-11-30,2026-05-30 13:40:16.751319+00,2026-05-30 13:40:16.751319+00,,,0.00,2,2026-06-30
3932b32d-b593-4f3b-a9d0-e9a24eb0db09,LN-1916,a4e5c857-43a0-4a04-b3a1-5ba89a52685c,0c6925f4-7d92-41a9-b358-1d126fb41279,507.11,12.50,24,23.99,68.64,575.75,5.07,event,D,paid_off,2024-02-11,2026-02-11,2024-02-11,2026-05-30 13:40:16.990875+00,2026-05-30 13:40:16.990875+00,,,0.00,0,
39603b1f-f656-4aa7-b1d1-ec73367bb23f,LN-0792,2686076e-ca86-4a01-a479-27985f1aa264,0c6925f4-7d92-41a9-b358-1d126fb41279,503.94,12.50,24,23.84,68.23,572.17,5.04,event,B,active,2025-08-30,2027-08-30,2025-08-30,2026-05-30 13:40:16.751319+00,2026-05-30 13:40:16.751319+00,,,0.00,0,
3a1ae051-7ceb-4ba2-a817-1903a1cff544,LN-1885,8af0f78d-2df2-4911-bdfc-972b51f496c1,89d1c7f8-46de-419f-b2ec-dc69213d45ca,187.08,12.50,24,8.85,25.33,212.41,1.87,homeImprovement,A,paid_off,2024-12-10,2026-12-10,2024-12-10,2026-05-30 13:40:16.990875+00,2026-05-30 13:40:16.990875+00,,,0.00,0,
3a2d4eee-f6a1-4448-afa9-a4e05c6dfd9f,LN-1202,fb7e6408-ddcb-4f38-a24f-49394f849e69,89d1c7f8-46de-419f-b2ec-dc69213d45ca,127.24,12.50,24,6.02,17.22,144.46,1.27,emergency,A,active,2025-10-30,2027-10-30,2025-10-30,2026-05-30 13:40:16.880606+00,2026-05-30 13:40:16.880606+00,,,0.00,0,
3a3c6625-b7bf-453b-b239-ed480e1b75a3,LN-1376,24a16e6a-250d-4619-b66c-dec985b6d173,0c6925f4-7d92-41a9-b358-1d126fb41279,441.30,12.50,24,20.88,59.74,501.04,4.41,emergency,A,paid_off,2024-09-05,2026-09-05,2024-09-05,2026-05-30 13:40:16.880606+00,2026-05-30 13:40:16.880606+00,,,0.00,0,
3a4251aa-f01a-4774-9e1b-aa3fab3c7b2d,LN-1745,b5a85756-03df-4ffd-9999-caf3166aa1ff,0c6925f4-7d92-41a9-b358-1d126fb41279,408.10,12.50,24,19.31,55.25,463.35,4.08,equipment,D,paid_off,2024-01-13,2026-01-13,2024-01-13,2026-05-30 13:40:16.990875+00,2026-05-30 13:40:16.990875+00,,,0.00,0,
3a9d45f2-83e9-4a2c-9ddc-1bb3fcfdf515,LN-0251,958460b9-d7b7-4a36-872c-1d6d38683f25,0c6925f4-7d92-41a9-b358-1d126fb41279,260.77,12.50,24,12.34,35.28,296.05,2.61,consolidation,D,active,2026-03-02,2028-03-02,2026-03-02,2026-05-30 13:40:16.593247+00,2026-05-30 13:40:16.593247+00,,,0.00,1,2026-06-30
3aab89ff-1191-4c06-a557-8f393031e85b,LN-0518,a4e5c857-43a0-4a04-b3a1-5ba89a52685c,0c6925f4-7d92-41a9-b358-1d126fb41279,305.62,12.50,24,14.46,41.38,347.00,3.06,emergency,D,active,2025-10-30,2027-10-30,2025-10-30,2026-05-30 13:40:16.751319+00,2026-05-30 13:40:16.751319+00,,,0.00,0,
3ae944b7-78e3-4fa4-ad7b-522845e8aa78,LN-1462,3652d91b-8508-4244-bd0b-e1bd945cfff9,89d1c7f8-46de-419f-b2ec-dc69213d45ca,215.75,12.50,24,10.21,29.18,244.93,2.16,consolidation,A,paid_off,2024-09-18,2026-09-18,2024-09-18,2026-05-30 13:40:16.880606+00,2026-05-30 13:40:16.880606+00,,,0.00,0,
3b08d83b-c71d-4d52-b40c-004fdefc8af0,LN-0006,54a43719-b793-4a86-98e9-b515994659bd,89d1c7f8-46de-419f-b2ec-dc69213d45ca,297.62,12.50,24,14.08,40.31,337.93,2.98,homeImprovement,A,active,2025-12-30,2027-12-30,2025-12-30,2026-05-30 13:40:16.593247+00,2026-05-30 13:40:16.593247+00,,,0.00,0,
3b2240ad-0b7b-45eb-a27b-e1f4a3b467d6,LN-1570,2ca8d909-b862-49d2-ba1a-eb9e836848c5,866a2b0d-da4d-403f-9343-390a810648e5,911.85,12.50,24,43.14,123.44,1035.29,9.12,medical,A,paid_off,2024-12-25,2026-12-25,2024-12-25,2026-05-30 13:40:16.990875+00,2026-05-30 13:40:16.990875+00,,,0.00,0,
3b4a749c-daaf-4a3c-906b-ef5f1c814899,LN-0121,af91bfd1-230f-4b5b-95ce-8ddbc01f326f,0c6925f4-7d92-41a9-b358-1d126fb41279,895.66,12.50,24,42.37,121.23,1016.89,8.96,auto,A,active,2025-07-30,2027-07-30,2025-07-30,2026-05-30 13:40:16.593247+00,2026-05-30 13:40:16.593247+00,,,0.00,1,2026-06-30
3b6246da-e4e1-4866-973a-1700deb79a0c,LN-1068,17f03d17-c6f7-4157-9e54-8f0d56ad782d,89d1c7f8-46de-419f-b2ec-dc69213d45ca,496.96,12.50,24,23.51,67.25,564.21,4.97,homeImprovement,C,active,2026-03-30,2028-03-30,2026-03-30,2026-05-30 13:40:16.880606+00,2026-05-30 13:40:16.880606+00,,,0.00,0,
3b651382-b9d9-4b50-be44-61651e6176a9,LN-0574,c635a20d-21b0-4878-8a67-7a86229d0090,89d1c7f8-46de-419f-b2ec-dc69213d45ca,960.99,12.50,24,45.46,130.13,1091.12,9.61,auto,A,active,2025-09-30,2027-09-30,2025-09-30,2026-05-30 13:40:16.751319+00,2026-05-30 13:40:16.751319+00,,,0.00,0,
3b6ac772-80f3-43ae-8351-77a19887aa19,LN-0341,f519d5ee-3f7f-49b9-9de9-75bcfc1861a1,0c6925f4-7d92-41a9-b358-1d126fb41279,496.59,12.50,24,23.49,67.21,563.80,4.97,emergency,A,active,2025-06-30,2027-06-30,2025-06-30,2026-05-30 13:40:16.593247+00,2026-05-30 13:40:16.593247+00,,,0.00,2,2026-06-30
3b9aef04-358c-47c9-95ce-c14dd114601f,LN-1075,8bf3ff86-14c6-49e7-bcf3-a5c234699c25,0c6925f4-7d92-41a9-b358-1d126fb41279,179.85,12.50,24,8.51,24.31,204.16,1.80,medical,A,active,2025-12-30,2027-12-30,2025-12-30,2026-05-30 13:40:16.880606+00,2026-05-30 13:40:16.880606+00,,,0.00,1,2026-06-30
3bb2513e-619d-4dda-b76a-69a370a38eaf,LN-1498,36dda669-4c33-4204-93c5-c79c3c352d7b,0c6925f4-7d92-41a9-b358-1d126fb41279,538.06,12.50,24,25.45,72.85,610.91,5.38,consolidation,B,paid_off,2024-10-06,2026-10-06,2024-10-06,2026-05-30 13:40:16.880606+00,2026-05-30 13:40:16.880606+00,,,0.00,0,
3bdd0001-870d-4de0-9fb5-8495aa29e11c,LN-0632,bd05d56e-e5fe-4906-9e6c-9c4555ab925e,89d1c7f8-46de-419f-b2ec-dc69213d45ca,98.88,12.50,24,4.68,13.39,112.27,0.99,medical,A,active,2025-06-30,2027-06-30,2025-06-30,2026-05-30 13:40:16.751319+00,2026-05-30 13:40:16.751319+00,,,0.00,0,
3c077444-bf53-4436-81dd-6c6402f917b5,LN-1090,a07d420a-80e0-46bf-8ad1-b0d36f0dbb64,89d1c7f8-46de-419f-b2ec-dc69213d45ca,312.06,12.50,24,14.76,42.25,354.31,3.12,emergency,A,active,2026-01-30,2028-01-30,2026-01-30,2026-05-30 13:40:16.880606+00,2026-05-30 13:40:16.880606+00,,,0.00,0,
3c0cdd5b-9e6f-426b-8e35-ab9c6e2d9777,LN-0204,99e71821-897b-4e0a-8cf6-772adfc53841,0c6925f4-7d92-41a9-b358-1d126fb41279,113.15,12.50,24,5.35,15.35,128.50,1.13,travel,A,active,2026-03-02,2028-03-02,2026-03-02,2026-05-30 13:40:16.593247+00,2026-05-30 13:40:16.593247+00,,,0.00,1,2026-06-30
3c296832-10c3-4ceb-942e-b4ce53fa7a6d,LN-0537,e078567c-82f4-430d-812b-428c2c55f101,0c6925f4-7d92-41a9-b358-1d126fb41279,1050.16,12.50,24,49.68,142.16,1192.32,10.50,emergency,A,active,2025-11-30,2027-11-30,2025-11-30,2026-05-30 13:40:16.751319+00,2026-05-30 13:40:16.751319+00,,,0.00,3,2026-06-30
3c33ca3e-8e4b-494b-8673-24af21e1f539,LN-1153,7d5bda4e-9d63-431a-8699-b89531354093,89d1c7f8-46de-419f-b2ec-dc69213d45ca,148.47,12.50,24,7.02,20.12,168.59,1.48,auto,A,active,2025-05-30,2027-05-30,2025-05-30,2026-05-30 13:40:16.880606+00,2026-05-30 13:40:16.880606+00,,,0.00,0,
3c4895c8-7d68-4d85-a862-3f6087a753d0,LN-0447,1e686dbd-a2cd-4295-9d4b-e98f12d53221,89d1c7f8-46de-419f-b2ec-dc69213d45ca,465.74,12.50,24,22.03,63.06,528.80,4.66,equipment,A,active,2025-08-30,2027-08-30,2025-08-30,2026-05-30 13:40:16.593247+00,2026-05-30 13:40:16.593247+00,,,0.00,0,
3c68e339-1da8-4413-b925-1d8cb008543e,LN-0790,f7159a28-5cb9-4619-b57e-eb9d368a7383,89d1c7f8-46de-419f-b2ec-dc69213d45ca,1011.35,12.50,24,47.84,136.94,1148.29,10.11,consolidation,A,active,2025-06-30,2027-06-30,2025-06-30,2026-05-30 13:40:16.751319+00,2026-05-30 13:40:16.751319+00,,,0.00,0,
3c7a6dfb-40ed-412c-a065-705e3224ec47,LN-0679,f69b235f-298d-4781-93b2-1c88073ae117,41340b75-3fa9-4cbd-bee5-5d10bb757dbb,708.24,12.50,24,33.50,95.90,804.14,7.08,auto,C,active,2026-04-30,2028-04-30,2026-04-30,2026-05-30 13:40:16.751319+00,2026-05-30 13:40:16.751319+00,,,0.00,0,
3cbc814c-88a3-4be9-8096-3b9585197326,LN-0809,fc01623d-2d8c-4262-8848-0dc30a7517ea,866a2b0d-da4d-403f-9343-390a810648e5,1830.89,12.50,24,86.61,247.86,2078.75,18.31,equipment,A,active,2025-07-30,2027-07-30,2025-07-30,2026-05-30 13:40:16.751319+00,2026-05-30 13:40:16.751319+00,,,0.00,0,
3cdee733-348d-4568-a9e5-450ffb1ee150,LN-1102,e71b3375-e6e0-4884-9ad1-bcdbda5d21b4,0c6925f4-7d92-41a9-b358-1d126fb41279,237.33,12.50,24,11.23,32.14,269.47,2.37,equipment,A,active,2025-05-30,2027-05-30,2025-05-30,2026-05-30 13:40:16.880606+00,2026-05-30 13:40:16.880606+00,,,0.00,0,
3d294892-47b5-48ab-96a6-05a5c13e3a89,LN-1735,09ee231e-0d9c-46ec-a6fe-b59865d9ba7b,89d1c7f8-46de-419f-b2ec-dc69213d45ca,358.13,12.50,24,16.94,48.51,406.64,3.58,medical,C,paid_off,2024-01-18,2026-01-18,2024-01-18,2026-05-30 13:40:16.990875+00,2026-05-30 13:40:16.990875+00,,,0.00,0,
3d7783ab-a1d3-46c3-b8bd-4176ece4a28e,LN-1929,95bbc0e1-9127-4245-b97f-5e21fb6ce6d5,0c6925f4-7d92-41a9-b358-1d126fb41279,379.38,12.50,24,17.95,51.36,430.74,3.79,emergency,C,paid_off,2024-05-13,2026-05-13,2024-05-13,2026-05-30 13:40:16.990875+00,2026-05-30 13:40:16.990875+00,,,0.00,0,
3d8e3ce6-6a01-4eb0-ad71-92973b3c745a,LN-0239,07268382-214d-46c4-82f2-c2c71c41afdd,89d1c7f8-46de-419f-b2ec-dc69213d45ca,1043.91,12.50,24,49.38,141.33,1185.24,10.44,emergency,A,active,2025-04-30,2027-04-30,2025-04-30,2026-05-30 13:40:16.593247+00,2026-05-30 13:40:16.593247+00,,,0.00,0,
3dcd7dea-a716-4cca-86b0-252d1385ba78,LN-1336,79d3b1e1-8014-4582-85df-4307fad70c07,0c6925f4-7d92-41a9-b358-1d126fb41279,262.61,12.50,24,12.42,35.58,298.19,2.63,equipment,A,active,2025-03-30,2027-03-30,2025-03-30,2026-05-30 13:40:16.880606+00,2026-05-30 13:40:16.880606+00,,,0.00,0,
3dd5a11d-df2a-403b-9753-7e3d6b2dafd0,LN-1682,bc3f7a67-c19e-47fc-bc1d-d5fbe8b85065,0c6925f4-7d92-41a9-b358-1d126fb41279,315.93,12.50,24,14.95,42.75,358.68,3.16,consolidation,D,paid_off,2024-02-23,2026-02-23,2024-02-23,2026-05-30 13:40:16.990875+00,2026-05-30 13:40:16.990875+00,,,0.00,0,
3ddeeee6-aa5a-4515-a19a-e80ab5381937,LN-1455,8e0c1193-a748-4c49-8439-1db5a68efbd4,41340b75-3fa9-4cbd-bee5-5d10bb757dbb,841.56,12.50,24,39.81,113.96,955.52,8.42,consolidation,A,paid_off,2024-05-10,2026-05-10,2024-05-10,2026-05-30 13:40:16.880606+00,2026-05-30 13:40:16.880606+00,,,0.00,0,
3e1e3750-8b09-4fed-81a3-62c7462b7752,LN-1070,fbb91157-4fc4-4f32-96f1-d5faa04c9b1e,89d1c7f8-46de-419f-b2ec-dc69213d45ca,697.45,12.50,24,32.99,94.46,791.91,6.97,equipment,D,active,2025-06-30,2027-06-30,2025-06-30,2026-05-30 13:40:16.880606+00,2026-05-30 13:40:16.880606+00,,,0.00,1,2026-06-30
3e54b70c-4553-474c-befa-1a82a6c24a4d,LN-0275,ff3aea59-22e7-4d05-b5d2-75e76ddbff0c,0c6925f4-7d92-41a9-b358-1d126fb41279,283.84,12.50,24,13.43,38.42,322.26,2.84,travel,A,active,2025-10-30,2027-10-30,2025-10-30,2026-05-30 13:40:16.593247+00,2026-05-30 13:40:16.593247+00,,,0.00,0,
3e72d83e-e2d1-494f-9376-88776fd96229,LN-0425,9514db57-38c2-46f6-a5ff-cbea53d552b5,0c6925f4-7d92-41a9-b358-1d126fb41279,193.06,12.50,24,9.13,26.15,219.21,1.93,emergency,A,active,2025-06-30,2027-06-30,2025-06-30,2026-05-30 13:40:16.593247+00,2026-05-30 13:40:16.593247+00,,,0.00,0,
3e7e508a-7bfe-473e-8da2-7eb34a7ab7a0,LN-1465,0613b9fe-e05f-423e-80e8-a0cb6c2d7807,41340b75-3fa9-4cbd-bee5-5d10bb757dbb,511.70,12.50,24,24.21,69.26,580.96,5.12,consolidation,A,paid_off,2024-11-20,2026-11-20,2024-11-20,2026-05-30 13:40:16.880606+00,2026-05-30 13:40:16.880606+00,,,0.00,0,
3ed6eeb7-3960-4964-9434-67d2424748f4,LN-0883,43c32688-2a4b-4438-b14d-401972960c5d,0c6925f4-7d92-41a9-b358-1d126fb41279,1075.38,12.50,24,50.87,145.59,1220.97,10.75,equipment,A,active,2025-04-30,2027-04-30,2025-04-30,2026-05-30 13:40:16.751319+00,2026-05-30 13:40:16.751319+00,,,0.00,0,
3f581b46-193b-45c4-a53b-b1c6bc57f80f,LN-1925,26fec0f5-05ef-46dc-8981-c453fd05c9cb,866a2b0d-da4d-403f-9343-390a810648e5,1042.07,12.50,24,49.30,141.05,1183.12,10.42,auto,B,paid_off,2024-12-18,2026-12-18,2024-12-18,2026-05-30 13:40:16.990875+00,2026-05-30 13:40:16.990875+00,,,0.00,0,
3f8dd483-213c-449c-a4ab-da7ef56cad6d,LN-1816,8bb5af60-fd26-4d1f-8f8f-94cdf7325401,0c6925f4-7d92-41a9-b358-1d126fb41279,349.00,12.50,24,16.51,47.27,396.27,3.49,medical,C,paid_off,2024-10-28,2026-10-28,2024-10-28,2026-05-30 13:40:16.990875+00,2026-05-30 13:40:16.990875+00,,,0.00,0,
3fa76731-4bc2-4d0c-9f3f-5edca1c2b0c9,LN-0572,a41f78aa-e453-442d-b73a-13637daa86c6,41340b75-3fa9-4cbd-bee5-5d10bb757dbb,639.31,12.50,24,30.24,86.56,725.87,6.39,equipment,B,active,2025-05-30,2027-05-30,2025-05-30,2026-05-30 13:40:16.751319+00,2026-05-30 13:40:16.751319+00,,,0.00,0,
3fe0b872-6570-4131-b7b1-9d2811dfa3d4,LN-0092,e95cc61e-df05-4dce-9dd0-3a9c322930d8,89d1c7f8-46de-419f-b2ec-dc69213d45ca,857.24,12.50,24,40.55,116.07,973.31,8.57,equipment,A,active,2025-09-30,2027-09-30,2025-09-30,2026-05-30 13:40:16.593247+00,2026-05-30 13:40:16.593247+00,,,0.00,0,
3fe2c452-86c4-4adf-9f2b-bb8b391395b1,LN-1288,1ca7571e-add3-4422-854e-2eafdb98c75b,0c6925f4-7d92-41a9-b358-1d126fb41279,565.33,12.50,24,26.74,76.54,641.87,5.65,travel,C,active,2025-12-30,2027-12-30,2025-12-30,2026-05-30 13:40:16.880606+00,2026-05-30 13:40:16.880606+00,,,0.00,0,
3fe660da-434e-4737-be89-77354c2f98f3,LN-1443,e55b936d-7215-4264-90bb-1939811a6799,0c6925f4-7d92-41a9-b358-1d126fb41279,539.86,12.50,24,25.54,73.08,612.94,5.40,travel,D,paid_off,2024-06-23,2026-06-23,2024-06-23,2026-05-30 13:40:16.880606+00,2026-05-30 13:40:16.880606+00,,,0.00,0,
4003f8db-17cb-4e63-abeb-be93c205d606,LN-0355,ad2c1105-9e31-413e-a789-a618005a8304,0c6925f4-7d92-41a9-b358-1d126fb41279,443.06,12.50,24,20.96,60.00,503.06,4.43,homeImprovement,A,active,2026-03-30,2028-03-30,2026-03-30,2026-05-30 13:40:16.593247+00,2026-05-30 13:40:16.593247+00,,,0.00,0,
401e4bcc-2ea5-4540-bc49-4b7a6c885bb2,LN-1103,d9b82076-2a3c-41d8-9f27-7bf9434e103d,0c6925f4-7d92-41a9-b358-1d126fb41279,331.75,12.50,24,15.69,44.95,376.70,3.32,event,B,active,2025-10-30,2027-10-30,2025-10-30,2026-05-30 13:40:16.880606+00,2026-05-30 13:40:16.880606+00,,,0.00,0,
403c5891-06cf-404b-92b1-a75ff87778ac,LN-0065,f34e7f32-ea86-4959-90bd-09dc67ed19e5,89d1c7f8-46de-419f-b2ec-dc69213d45ca,595.91,12.50,24,28.19,80.69,676.60,5.96,equipment,C,defaulted,2025-01-30,2027-01-30,2025-01-30,2026-05-30 13:40:16.593247+00,2026-05-30 13:40:16.593247+00,2026-03-30,written_off,389.63,4,
407dfd9e-07b0-4ae5-b2a0-1bf382e1fff5,LN-1855,2fbc0cce-2030-4d24-bc2d-0f4823c82fa1,0c6925f4-7d92-41a9-b358-1d126fb41279,474.63,12.50,24,22.45,64.24,538.87,4.75,equipment,A,paid_off,2024-09-27,2026-09-27,2024-09-27,2026-05-30 13:40:16.990875+00,2026-05-30 13:40:16.990875+00,,,0.00,0,
40ad8a6b-b7f8-4dbb-b0ad-22179e98722a,LN-0745,ff2a29a6-a030-4a02-9620-dd1f180511ee,0c6925f4-7d92-41a9-b358-1d126fb41279,341.93,12.50,24,16.18,46.27,388.20,3.42,consolidation,A,active,2025-12-30,2027-12-30,2025-12-30,2026-05-30 13:40:16.751319+00,2026-05-30 13:40:16.751319+00,,,0.00,0,
40bbb351-e201-4618-bb17-03b2751d2c17,LN-1219,c1b885e2-67b0-4ad1-8f57-2970f8841029,0c6925f4-7d92-41a9-b358-1d126fb41279,236.50,12.50,24,11.19,31.99,268.49,2.37,emergency,B,active,2025-03-30,2027-03-30,2025-03-30,2026-05-30 13:40:16.880606+00,2026-05-30 13:40:16.880606+00,,,0.00,0,
40cb62e7-e2e1-4cb6-8331-781c265a8c55,LN-1947,49294946-9dcb-4477-aa38-a04981991a9b,0c6925f4-7d92-41a9-b358-1d126fb41279,189.15,12.50,24,8.95,25.60,214.75,1.89,emergency,C,paid_off,2024-10-18,2026-10-18,2024-10-18,2026-05-30 13:40:16.990875+00,2026-05-30 13:40:16.990875+00,,,0.00,0,
40db0005-d1c4-4b5a-ac5f-36a73d7632c8,LN-0651,82ee20c9-0475-4018-a7be-ed20c919f1b3,89d1c7f8-46de-419f-b2ec-dc69213d45ca,422.98,12.50,24,20.01,57.27,480.25,4.23,emergency,B,active,2026-03-30,2028-03-30,2026-03-30,2026-05-30 13:40:16.751319+00,2026-05-30 13:40:16.751319+00,,,0.00,0,
40f748ce-39bf-4185-9ce2-dd009b7e9c14,LN-0177,34d95def-c3c3-4f32-9e7d-9d9d8a9507c5,0c6925f4-7d92-41a9-b358-1d126fb41279,920.34,12.50,24,43.54,124.59,1044.93,9.20,emergency,A,active,2025-03-30,2027-03-30,2025-03-30,2026-05-30 13:40:16.593247+00,2026-05-30 13:40:16.593247+00,,,0.00,0,
410bb5ef-8815-4789-8d82-639888201833,LN-0284,b30f30cc-1bf5-4c8e-bd94-9302e29520b8,89d1c7f8-46de-419f-b2ec-dc69213d45ca,151.30,12.50,24,7.16,20.49,171.79,1.51,auto,A,active,2025-12-30,2027-12-30,2025-12-30,2026-05-30 13:40:16.593247+00,2026-05-30 13:40:16.593247+00,,,0.00,0,
410ee361-79e2-4795-b787-2510a75a44b3,LN-1531,fbba27f0-daa5-4658-a1d6-63e0750c292f,0c6925f4-7d92-41a9-b358-1d126fb41279,370.51,12.50,24,17.53,50.16,420.67,3.71,travel,A,paid_off,2024-08-23,2026-08-23,2024-08-23,2026-05-30 13:40:16.990875+00,2026-05-30 13:40:16.990875+00,,,0.00,0,
41160877-1460-49b8-b703-f292d26ca878,LN-0072,e30d85d8-724f-4207-a02a-df61b588f80b,0c6925f4-7d92-41a9-b358-1d126fb41279,453.38,12.50,24,21.45,61.36,514.74,4.53,homeImprovement,C,active,2025-06-30,2027-06-30,2025-06-30,2026-05-30 13:40:16.593247+00,2026-05-30 13:40:16.593247+00,,,0.00,0,
411bfa4f-3070-4ef1-aaef-07383c9501f0,LN-1180,319fba5f-7f22-477f-9d01-0d11f293bcd1,866a2b0d-da4d-403f-9343-390a810648e5,881.63,12.50,24,41.71,119.34,1000.97,8.82,equipment,B,active,2025-07-30,2027-07-30,2025-07-30,2026-05-30 13:40:16.880606+00,2026-05-30 13:40:16.880606+00,,,0.00,0,
41673429-33d3-4bb8-87b6-5a2a0a89e0a2,LN-0469,f4a28dc7-bd61-44dd-918c-adacee223d1c,89d1c7f8-46de-419f-b2ec-dc69213d45ca,327.62,12.50,24,15.50,44.33,371.95,3.28,homeImprovement,A,active,2025-12-30,2027-12-30,2025-12-30,2026-05-30 13:40:16.593247+00,2026-05-30 13:40:16.593247+00,,,0.00,0,
416b67a3-0cac-4658-bfaf-6607755d61d1,LN-0720,ff8d32db-7d84-43eb-80eb-574be7b657e8,0c6925f4-7d92-41a9-b358-1d126fb41279,392.95,12.50,24,18.59,53.18,446.13,3.93,homeImprovement,A,active,2025-07-30,2027-07-30,2025-07-30,2026-05-30 13:40:16.751319+00,2026-05-30 13:40:16.751319+00,,,0.00,0,
4174135d-1895-41fd-ae87-aab96ac0d889,LN-0179,289a79d8-62b9-4f31-9235-59340b3af081,89d1c7f8-46de-419f-b2ec-dc69213d45ca,208.55,12.50,24,9.87,28.20,236.75,2.09,consolidation,A,active,2025-04-30,2027-04-30,2025-04-30,2026-05-30 13:40:16.593247+00,2026-05-30 13:40:16.593247+00,,,0.00,1,2026-06-30
41797e47-bae8-45c7-929d-f43186eca146,LN-0369,2942aa12-38e4-4d0c-8ad2-220fab674ead,0c6925f4-7d92-41a9-b358-1d126fb41279,1102.94,12.50,24,52.18,149.34,1252.28,11.03,equipment,B,defaulted,2025-06-30,2027-06-30,2025-06-30,2026-05-30 13:40:16.593247+00,2026-05-30 13:40:16.593247+00,2026-03-02,written_off,937.62,4,
417d5f13-04b9-4530-a86a-5472a0c741d3,LN-0901,b85e682f-773f-456a-ba7c-5c1aba78a64a,866a2b0d-da4d-403f-9343-390a810648e5,869.25,12.50,24,41.12,117.66,986.91,8.69,event,A,active,2025-08-30,2027-08-30,2025-08-30,2026-05-30 13:40:16.751319+00,2026-05-30 13:40:16.751319+00,,,0.00,0,
41c0da06-d440-47b6-aa17-02a1e98be844,LN-1241,9dce3e4e-d1e0-4d9e-9526-46e8fb30a5b4,0c6925f4-7d92-41a9-b358-1d126fb41279,387.37,12.50,24,18.33,52.41,439.78,3.87,homeImprovement,D,active,2025-12-30,2027-12-30,2025-12-30,2026-05-30 13:40:16.880606+00,2026-05-30 13:40:16.880606+00,,,0.00,1,2026-06-30
41d678a2-8f2b-4990-a965-6227b2f0e946,LN-0850,785d9b01-6a4e-4705-b1e9-58d6fe81ea40,0c6925f4-7d92-41a9-b358-1d126fb41279,194.01,12.50,24,9.18,26.24,220.25,1.94,travel,D,active,2025-05-30,2027-05-30,2025-05-30,2026-05-30 13:40:16.751319+00,2026-05-30 13:40:16.751319+00,,,0.00,1,2026-06-30
41f5e0b5-e82c-44c7-b7f4-65bc033dd4fd,LN-0127,e0c9c103-788b-4985-ac14-ae9295079d47,41340b75-3fa9-4cbd-bee5-5d10bb757dbb,921.94,12.50,24,43.61,124.81,1046.75,9.22,medical,B,active,2026-03-30,2028-03-30,2026-03-30,2026-05-30 13:40:16.593247+00,2026-05-30 13:40:16.593247+00,,,0.00,0,
4205c12e-a749-4096-9005-e50e3ad257cd,LN-0910,ec87818c-fe35-4576-84b2-49ab349140f6,0c6925f4-7d92-41a9-b358-1d126fb41279,336.29,12.50,24,15.91,45.52,381.81,3.36,emergency,B,active,2025-11-30,2027-11-30,2025-11-30,2026-05-30 13:40:16.751319+00,2026-05-30 13:40:16.751319+00,,,0.00,0,
420fae9a-a6b7-4a50-ac90-fbbd40a0a100,LN-0443,ed81e691-e5be-496e-9cb4-6904e86beb1b,0c6925f4-7d92-41a9-b358-1d126fb41279,461.95,12.50,24,21.85,62.55,524.50,4.62,travel,A,active,2025-06-30,2027-06-30,2025-06-30,2026-05-30 13:40:16.593247+00,2026-05-30 13:40:16.593247+00,,,0.00,0,
426ed84a-cad7-4643-a379-4f46ee7a7923,LN-0589,a8458aa6-28aa-4cc4-8301-eb0dfa4530fd,89d1c7f8-46de-419f-b2ec-dc69213d45ca,1535.55,12.50,24,72.64,207.89,1743.44,15.36,homeImprovement,B,active,2025-12-30,2027-12-30,2025-12-30,2026-05-30 13:40:16.751319+00,2026-05-30 13:40:16.751319+00,,,0.00,0,
427441c5-b382-4cd9-9ada-e11dc70d6e10,LN-1190,5a3600d8-2539-460a-9ad6-2659c9c99425,89d1c7f8-46de-419f-b2ec-dc69213d45ca,397.29,12.50,24,18.79,53.83,451.12,3.97,consolidation,A,active,2026-03-30,2028-03-30,2026-03-30,2026-05-30 13:40:16.880606+00,2026-05-30 13:40:16.880606+00,,,0.00,0,
42903e77-f5c2-4613-b51b-a0edf7b2539f,LN-1429,9a7a439a-1e45-49fc-938b-880bba5b435e,89d1c7f8-46de-419f-b2ec-dc69213d45ca,716.29,12.50,24,33.89,96.99,813.28,7.16,homeImprovement,B,paid_off,2024-03-21,2026-03-21,2024-03-21,2026-05-30 13:40:16.880606+00,2026-05-30 13:40:16.880606+00,,,0.00,0,
429bee8e-1280-4714-8bdb-bb195ff430f4,LN-0045,8cd1eb8e-f9d1-4fec-b3bd-49a519293126,0c6925f4-7d92-41a9-b358-1d126fb41279,467.81,12.50,24,22.13,63.33,531.14,4.68,auto,D,active,2025-06-30,2027-06-30,2025-06-30,2026-05-30 13:40:16.593247+00,2026-05-30 13:40:16.593247+00,,,0.00,0,
42ba65da-3937-4c1d-82ea-44ce840e88d7,LN-0709,b585c1cf-f428-4344-93d2-8db2251abef1,866a2b0d-da4d-403f-9343-390a810648e5,709.53,12.50,24,33.57,96.02,805.55,7.10,auto,A,active,2026-04-30,2028-04-30,2026-04-30,2026-05-30 13:40:16.751319+00,2026-05-30 13:40:16.751319+00,,,0.00,0,
42da1846-76a7-4285-b2a1-5e71de9dc55d,LN-1038,d21a60a5-924c-4e34-8ed5-2fc7739db633,0c6925f4-7d92-41a9-b358-1d126fb41279,422.33,12.50,24,19.98,57.19,479.52,4.22,equipment,C,active,2025-04-30,2027-04-30,2025-04-30,2026-05-30 13:40:16.880606+00,2026-05-30 13:40:16.880606+00,,,0.00,0,
42f4b18d-3a23-423f-a09b-671dd735879f,LN-0471,1ef8769f-fdb2-4696-935b-2acff9a56311,866a2b0d-da4d-403f-9343-390a810648e5,691.18,12.50,24,32.70,93.56,784.74,6.91,event,A,active,2026-03-30,2028-03-30,2026-03-30,2026-05-30 13:40:16.593247+00,2026-05-30 13:40:16.593247+00,,,0.00,0,
430ea864-4e41-4b32-a7f3-529727aad284,LN-1516,9e8e8416-b366-4025-8b19-742500bd97e7,866a2b0d-da4d-403f-9343-390a810648e5,1137.57,12.50,24,53.82,153.97,1291.54,11.38,equipment,A,paid_off,2024-10-11,2026-10-11,2024-10-11,2026-05-30 13:40:16.990875+00,2026-05-30 13:40:16.990875+00,,,0.00,0,
43204c2e-435c-4001-beb7-f51ff53feae1,LN-0144,ef7360f2-4621-45fa-8794-ef23909859e9,89d1c7f8-46de-419f-b2ec-dc69213d45ca,84.18,12.50,24,3.98,11.40,95.58,0.84,medical,A,active,2025-04-30,2027-04-30,2025-04-30,2026-05-30 13:40:16.593247+00,2026-05-30 13:40:16.593247+00,,,0.00,0,
43291382-4483-43c3-9a71-fe72d1b2ca6c,LN-0501,71625caf-0467-4a0a-ad7c-7cd33e4a5acc,89d1c7f8-46de-419f-b2ec-dc69213d45ca,305.21,12.50,24,14.44,41.33,346.54,3.05,emergency,A,active,2026-03-02,2028-03-02,2026-03-02,2026-05-30 13:40:16.751319+00,2026-05-30 13:40:16.751319+00,,,0.00,0,
4330df0d-fc20-4717-a8ea-c9c6f41185cf,LN-0800,b0c808d6-d678-42fa-96da-94cb51bbbd80,0c6925f4-7d92-41a9-b358-1d126fb41279,596.32,12.50,24,28.21,80.72,677.04,5.96,consolidation,A,active,2025-12-30,2027-12-30,2025-12-30,2026-05-30 13:40:16.751319+00,2026-05-30 13:40:16.751319+00,,,0.00,1,2026-06-30
4355b411-1ede-430e-90fe-1dad9fd03759,LN-1400,a669c996-53e7-47a6-9228-0e72ae8dcf5a,0c6925f4-7d92-41a9-b358-1d126fb41279,111.55,12.50,24,5.28,15.10,126.65,1.12,emergency,A,paid_off,2024-07-02,2026-07-02,2024-07-02,2026-05-30 13:40:16.880606+00,2026-05-30 13:40:16.880606+00,,,0.00,0,
439093a4-db49-48ed-996b-45aac06fa35f,LN-0938,e8289bb5-26df-487e-aebf-952cd3d66324,0c6925f4-7d92-41a9-b358-1d126fb41279,109.72,12.50,24,5.19,14.84,124.56,1.10,travel,C,active,2025-07-30,2027-07-30,2025-07-30,2026-05-30 13:40:16.751319+00,2026-05-30 13:40:16.751319+00,,,0.00,0,
43a9df76-268a-4cf2-b496-f6a4d5968f3a,LN-0814,5b5717d0-3f3e-4d83-8408-4a6086cb4d1d,89d1c7f8-46de-419f-b2ec-dc69213d45ca,754.90,12.50,24,35.71,102.18,857.08,7.55,equipment,B,active,2025-07-30,2027-07-30,2025-07-30,2026-05-30 13:40:16.751319+00,2026-05-30 13:40:16.751319+00,,,0.00,0,
43aa5f23-2339-4076-bf7c-cefb564d8fce,LN-1421,ad92d805-8d90-43eb-b65f-6f11b4d4b1da,0c6925f4-7d92-41a9-b358-1d126fb41279,102.85,12.50,24,4.87,13.91,116.76,1.03,event,A,paid_off,2024-01-08,2026-01-08,2024-01-08,2026-05-30 13:40:16.880606+00,2026-05-30 13:40:16.880606+00,,,0.00,0,
43cf4429-2132-42d6-bdd1-c84662dd752d,LN-1886,763274c8-bed8-4e39-97b4-a3c927d7f26a,89d1c7f8-46de-419f-b2ec-dc69213d45ca,1261.30,12.50,24,59.67,170.73,1432.03,12.61,emergency,A,paid_off,2024-01-04,2026-01-04,2024-01-04,2026-05-30 13:40:16.990875+00,2026-05-30 13:40:16.990875+00,,,0.00,0,
43d96062-12cf-44c6-b112-2338dfff2efb,LN-0942,aae616e1-0fb6-4710-a258-9d609043eee3,89d1c7f8-46de-419f-b2ec-dc69213d45ca,801.57,12.50,24,37.92,108.52,910.09,8.02,medical,D,active,2025-03-02,2027-03-02,2025-03-02,2026-05-30 13:40:16.751319+00,2026-05-30 13:40:16.751319+00,,,0.00,1,2026-06-30
4418d086-2743-478e-b04b-8f0de9a38a1d,LN-1185,ac0ba0a5-19fa-4332-9413-faf646e6fec7,0c6925f4-7d92-41a9-b358-1d126fb41279,872.54,12.50,24,41.28,118.11,990.65,8.73,travel,B,active,2026-03-30,2028-03-30,2026-03-30,2026-05-30 13:40:16.880606+00,2026-05-30 13:40:16.880606+00,,,0.00,0,
44325f3c-2fb7-4996-8f52-2bc4cc9fff9e,LN-1900,184da979-d168-4d53-9886-826ad092a2dc,89d1c7f8-46de-419f-b2ec-dc69213d45ca,109.66,12.50,24,5.19,14.83,124.49,1.10,homeImprovement,A,paid_off,2024-09-22,2026-09-22,2024-09-22,2026-05-30 13:40:16.990875+00,2026-05-30 13:40:16.990875+00,,,0.00,0,
4479dced-eccf-4040-8323-493774a9f44a,LN-1253,0b99776d-30c7-4897-95b3-79425316cfe5,0c6925f4-7d92-41a9-b358-1d126fb41279,206.73,12.50,24,9.78,27.95,234.68,2.07,medical,A,active,2025-01-30,2027-01-30,2025-01-30,2026-05-30 13:40:16.880606+00,2026-05-30 13:40:16.880606+00,,,0.00,2,2026-06-30
44845d35-1486-4c1e-9027-9d58048c7ac1,LN-0816,b8816ee1-90ee-4d8e-aeb0-454edf1617c0,0c6925f4-7d92-41a9-b358-1d126fb41279,128.76,12.50,24,6.09,17.44,146.20,1.29,equipment,A,active,2025-12-30,2027-12-30,2025-12-30,2026-05-30 13:40:16.751319+00,2026-05-30 13:40:16.751319+00,,,0.00,0,
44cca665-43ed-43b0-a15c-a9414459943c,LN-1872,b3d4ed86-48d8-489d-bda0-b5c2d1401c9f,866a2b0d-da4d-403f-9343-390a810648e5,669.40,12.50,24,31.67,90.64,760.04,6.69,medical,A,paid_off,2024-10-07,2026-10-07,2024-10-07,2026-05-30 13:40:16.990875+00,2026-05-30 13:40:16.990875+00,,,0.00,0,
44cfe17a-7cdd-4555-aef4-17dbfa28bbb0,LN-1610,7ab0c4ce-c342-4ecb-951e-54f62152b68a,89d1c7f8-46de-419f-b2ec-dc69213d45ca,335.14,12.50,24,15.85,45.36,380.50,3.35,medical,B,paid_off,2024-01-05,2026-01-05,2024-01-05,2026-05-30 13:40:16.990875+00,2026-05-30 13:40:16.990875+00,,,0.00,0,
44df1c0e-43d1-4766-862c-dad482e525b3,LN-0697,b325ae23-94ad-428e-bb06-8c1c8a2684ca,0c6925f4-7d92-41a9-b358-1d126fb41279,415.35,12.50,24,19.65,56.21,471.56,4.15,consolidation,D,active,2026-03-02,2028-03-02,2026-03-02,2026-05-30 13:40:16.751319+00,2026-05-30 13:40:16.751319+00,,,0.00,0,
453506fc-8e4e-46c2-a29b-d5d8356a92df,LN-0368,6f56f506-f072-40f4-bcfb-118b28a272ae,0c6925f4-7d92-41a9-b358-1d126fb41279,223.56,12.50,24,10.58,30.27,253.83,2.24,auto,A,active,2025-04-30,2027-04-30,2025-04-30,2026-05-30 13:40:16.593247+00,2026-05-30 13:40:16.593247+00,,,0.00,0,
45365121-4118-4a0d-9b06-422bbe016298,LN-1869,887a0558-a60d-47d4-9db4-acad7c13f519,0c6925f4-7d92-41a9-b358-1d126fb41279,476.96,12.50,24,22.56,64.57,541.53,4.77,travel,A,paid_off,2024-10-22,2026-10-22,2024-10-22,2026-05-30 13:40:16.990875+00,2026-05-30 13:40:16.990875+00,,,0.00,0,
45464c7c-01ea-43ce-a8c8-6c1e015c66c7,LN-1520,7bbaba42-3eb7-406e-abdb-4ca1bb7b0375,0c6925f4-7d92-41a9-b358-1d126fb41279,241.49,12.50,24,11.42,32.73,274.22,2.41,travel,B,paid_off,2024-11-14,2026-11-14,2024-11-14,2026-05-30 13:40:16.990875+00,2026-05-30 13:40:16.990875+00,,,0.00,0,
4559a85a-4cb0-4ef6-8887-3606ba41b125,LN-0972,7827d323-59df-4046-bf3a-6dff2be75b73,0c6925f4-7d92-41a9-b358-1d126fb41279,266.69,12.50,24,12.62,36.10,302.79,2.67,consolidation,A,active,2025-08-30,2027-08-30,2025-08-30,2026-05-30 13:40:16.751319+00,2026-05-30 13:40:16.751319+00,,,0.00,3,2026-06-30
457bcd77-ac1f-48d6-93d1-af529efac0c1,LN-1773,7f3d7a20-48e9-47d8-9922-fc3da8ff11da,866a2b0d-da4d-403f-9343-390a810648e5,599.23,12.50,24,28.35,81.09,680.32,5.99,equipment,B,paid_off,2024-03-13,2026-03-13,2024-03-13,2026-05-30 13:40:16.990875+00,2026-05-30 13:40:16.990875+00,,,0.00,0,
45a294e0-c913-4a5a-86e7-c8d7508db70f,LN-0252,e65aca39-aa2d-456e-a1fe-22f386682198,89d1c7f8-46de-419f-b2ec-dc69213d45ca,394.65,12.50,24,18.67,53.43,448.08,3.95,medical,A,active,2025-11-30,2027-11-30,2025-11-30,2026-05-30 13:40:16.593247+00,2026-05-30 13:40:16.593247+00,,,0.00,0,
45b8f3fa-20a4-4911-bee8-73636a92ecfe,LN-0594,f55e1df7-3709-4795-974d-863c8399bb79,866a2b0d-da4d-403f-9343-390a810648e5,1063.13,12.50,24,50.29,143.91,1207.04,10.63,event,B,active,2025-04-30,2027-04-30,2025-04-30,2026-05-30 13:40:16.751319+00,2026-05-30 13:40:16.751319+00,,,0.00,0,
4606eaf8-f06e-4691-bebd-938a505e7606,LN-1524,3ae0ff9a-18e9-4b88-a025-639626edc2ee,41340b75-3fa9-4cbd-bee5-5d10bb757dbb,1943.05,12.50,24,91.92,263.04,2206.09,19.43,travel,D,paid_off,2024-12-01,2026-12-01,2024-12-01,2026-05-30 13:40:16.990875+00,2026-05-30 13:40:16.990875+00,,,0.00,0,
461ca9cd-1bfb-4bff-a198-c0c85651961f,LN-1199,72394c39-de22-4c1e-9b77-012b072c87f5,89d1c7f8-46de-419f-b2ec-dc69213d45ca,321.43,12.50,24,15.21,43.52,364.95,3.21,homeImprovement,B,active,2025-12-30,2027-12-30,2025-12-30,2026-05-30 13:40:16.880606+00,2026-05-30 13:40:16.880606+00,,,0.00,0,
46257fb5-de79-4980-9b32-7eef74fc12d7,LN-0596,f7f851ad-5d69-49fb-8004-ed9d0b3be90c,0c6925f4-7d92-41a9-b358-1d126fb41279,427.86,12.50,24,20.24,57.92,485.78,4.28,event,A,active,2025-12-30,2027-12-30,2025-12-30,2026-05-30 13:40:16.751319+00,2026-05-30 13:40:16.751319+00,,,0.00,1,2026-06-30
46862a9e-1693-4daa-a272-69a67b07848f,LN-0819,72eb04f9-8b8c-4896-9be1-d7cdcfcfc557,89d1c7f8-46de-419f-b2ec-dc69213d45ca,491.99,12.50,24,23.27,66.60,558.59,4.92,consolidation,D,active,2025-04-30,2027-04-30,2025-04-30,2026-05-30 13:40:16.751319+00,2026-05-30 13:40:16.751319+00,,,0.00,0,
46931e9c-b6d2-4833-abe6-dd8a128122df,LN-1665,344e4c86-3d72-407c-806b-6870192265a3,866a2b0d-da4d-403f-9343-390a810648e5,559.12,12.50,24,26.45,75.66,634.78,5.59,equipment,C,paid_off,2024-01-25,2026-01-25,2024-01-25,2026-05-30 13:40:16.990875+00,2026-05-30 13:40:16.990875+00,,,0.00,0,
46fe1d17-2c28-4db9-9640-a619a224d16c,LN-1459,91e9124b-538f-4bdb-bd54-2d3dbf3a1dd8,0c6925f4-7d92-41a9-b358-1d126fb41279,313.07,12.50,24,14.81,42.38,355.45,3.13,auto,A,paid_off,2024-08-10,2026-08-10,2024-08-10,2026-05-30 13:40:16.880606+00,2026-05-30 13:40:16.880606+00,,,0.00,0,
4701c18d-98a5-4296-b09c-332cb2965a4e,LN-0205,76d0757b-dd56-46ba-8dd6-f524a594ad3f,41340b75-3fa9-4cbd-bee5-5d10bb757dbb,789.78,12.50,24,37.36,106.96,896.74,7.90,homeImprovement,A,active,2025-03-30,2027-03-30,2025-03-30,2026-05-30 13:40:16.593247+00,2026-05-30 13:40:16.593247+00,,,0.00,0,
4714cd13-f7a9-485c-b60d-89fb96619244,LN-0863,4f19f474-acdd-4e60-af70-a2930f95295c,89d1c7f8-46de-419f-b2ec-dc69213d45ca,394.37,12.50,24,18.66,53.36,447.73,3.94,equipment,A,active,2026-01-30,2028-01-30,2026-01-30,2026-05-30 13:40:16.751319+00,2026-05-30 13:40:16.751319+00,,,0.00,0,
47237b42-5855-444c-9963-516c5f69f49e,LN-1301,81c58df1-a62b-4489-b03d-e29c379d6435,89d1c7f8-46de-419f-b2ec-dc69213d45ca,293.62,12.50,24,13.89,39.76,333.38,2.94,homeImprovement,A,active,2025-10-30,2027-10-30,2025-10-30,2026-05-30 13:40:16.880606+00,2026-05-30 13:40:16.880606+00,,,0.00,0,
4723e371-da88-4e8e-aea4-eda319e1610a,LN-0623,c2f27f98-cfb4-4cef-b45c-6c718486a658,0c6925f4-7d92-41a9-b358-1d126fb41279,212.88,12.50,24,10.07,28.85,241.73,2.13,medical,A,active,2026-03-30,2028-03-30,2026-03-30,2026-05-30 13:40:16.751319+00,2026-05-30 13:40:16.751319+00,,,0.00,0,
473058da-4989-4dd3-9014-a3cbbdb90a4b,LN-0316,82a5e7bd-7db8-4dec-b98c-df63a095f8e1,0c6925f4-7d92-41a9-b358-1d126fb41279,1864.40,12.50,24,88.20,252.39,2116.79,18.64,emergency,B,defaulted,2025-03-30,2027-03-30,2025-03-30,2026-05-30 13:40:16.593247+00,2026-05-30 13:40:16.593247+00,2026-04-30,written_off,1367.63,4,
473b38e9-aa50-46db-ba27-3cc6de982224,LN-1033,4fb65e77-9207-4b21-b031-3f670691f818,89d1c7f8-46de-419f-b2ec-dc69213d45ca,66.02,12.50,24,3.12,8.96,74.98,0.66,travel,A,active,2025-11-30,2027-11-30,2025-11-30,2026-05-30 13:40:16.880606+00,2026-05-30 13:40:16.880606+00,,,0.00,0,
473ba6e1-2b16-4669-a871-1ef6860c370e,LN-1875,4784c67d-bf1f-42b7-875e-25fa4c89c676,0c6925f4-7d92-41a9-b358-1d126fb41279,402.02,12.50,24,19.02,54.43,456.45,4.02,travel,D,paid_off,2024-10-14,2026-10-14,2024-10-14,2026-05-30 13:40:16.990875+00,2026-05-30 13:40:16.990875+00,,,0.00,0,
4747a7c1-dc9a-4db9-979d-a61148745ac6,LN-0344,d196fee0-c982-4594-a64c-06ff53c71f7e,0c6925f4-7d92-41a9-b358-1d126fb41279,258.92,12.50,24,12.25,35.05,293.97,2.59,homeImprovement,C,active,2025-05-30,2027-05-30,2025-05-30,2026-05-30 13:40:16.593247+00,2026-05-30 13:40:16.593247+00,,,0.00,0,
4776d8f5-2d86-44b2-b05a-0c5e3036f235,LN-1181,08325a14-ec37-4600-936d-f766ab55f6da,89d1c7f8-46de-419f-b2ec-dc69213d45ca,347.30,12.50,24,16.43,47.03,394.33,3.47,emergency,C,defaulted,2025-04-30,2027-04-30,2025-04-30,2026-05-30 13:40:16.880606+00,2026-05-30 13:40:16.880606+00,2026-03-02,written_off,268.40,4,
479d24cd-fb54-4900-a3ea-ebbc8787256c,LN-0473,1534c8d9-c7e0-4085-ab85-5a2af3738dc5,0c6925f4-7d92-41a9-b358-1d126fb41279,377.44,12.50,24,17.86,51.09,428.53,3.77,travel,A,active,2025-09-30,2027-09-30,2025-09-30,2026-05-30 13:40:16.593247+00,2026-05-30 13:40:16.593247+00,,,0.00,2,2026-06-30
47f4a7f5-2b5a-470a-9e5f-d57b09dac3ba,LN-0176,b792eaab-86a0-4c05-bc76-a7ea488ca3e9,0c6925f4-7d92-41a9-b358-1d126fb41279,1240.10,12.50,24,58.67,167.84,1407.94,12.40,travel,A,active,2026-01-30,2028-01-30,2026-01-30,2026-05-30 13:40:16.593247+00,2026-05-30 13:40:16.593247+00,,,0.00,1,2026-06-30
48852a2d-8d6a-4c11-9b6b-1d6a4ed9b56f,LN-0375,68da4869-27a4-4746-9543-31dab9a1e3cd,0c6925f4-7d92-41a9-b358-1d126fb41279,522.58,12.50,24,24.72,70.75,593.33,5.23,emergency,A,active,2025-03-02,2027-03-02,2025-03-02,2026-05-30 13:40:16.593247+00,2026-05-30 13:40:16.593247+00,,,0.00,1,2026-06-30
48aea59a-b927-4ed3-8473-5711df6fa3b3,LN-0296,ebc35a3d-6d15-46fe-8e70-17a860640a4d,0c6925f4-7d92-41a9-b358-1d126fb41279,938.20,12.50,24,44.38,127.00,1065.20,9.38,auto,C,active,2025-12-30,2027-12-30,2025-12-30,2026-05-30 13:40:16.593247+00,2026-05-30 13:40:16.593247+00,,,0.00,0,
48bbb225-3952-492a-a52c-d1a267f48ece,LN-0241,88dc30e7-32d5-4970-b69f-322325940c68,89d1c7f8-46de-419f-b2ec-dc69213d45ca,563.40,12.50,24,26.65,76.29,639.69,5.63,medical,A,active,2026-03-02,2028-03-02,2026-03-02,2026-05-30 13:40:16.593247+00,2026-05-30 13:40:16.593247+00,,,0.00,0,
490f0a0d-f3df-4b07-8eee-08ee67cad557,LN-0706,e1bf9455-1b33-4d53-b78f-cbc4e13e9f4a,0c6925f4-7d92-41a9-b358-1d126fb41279,228.72,12.50,24,10.82,30.97,259.69,2.29,auto,A,active,2025-11-30,2027-11-30,2025-11-30,2026-05-30 13:40:16.751319+00,2026-05-30 13:40:16.751319+00,,,0.00,0,
4918df38-304e-4451-a0d3-3c81681e8f64,LN-0287,912f66cc-584e-48b6-bc05-8435a929b156,89d1c7f8-46de-419f-b2ec-dc69213d45ca,542.22,12.50,24,25.65,73.40,615.62,5.42,equipment,C,active,2026-03-30,2028-03-30,2026-03-30,2026-05-30 13:40:16.593247+00,2026-05-30 13:40:16.593247+00,,,0.00,0,
492fab1f-1343-4ee0-8bd9-578c5d0e9f2d,LN-1913,c1104c07-f533-4eff-8270-319b87c58926,89d1c7f8-46de-419f-b2ec-dc69213d45ca,445.39,12.50,24,21.07,60.31,505.70,4.45,auto,C,paid_off,2024-04-25,2026-04-25,2024-04-25,2026-05-30 13:40:16.990875+00,2026-05-30 13:40:16.990875+00,,,0.00,0,
493a756f-dd98-497b-9c21-0c2d3e028d56,LN-0492,260dcde2-9385-4050-843a-568a12c5267a,89d1c7f8-46de-419f-b2ec-dc69213d45ca,481.75,12.50,24,22.79,65.23,546.98,4.82,travel,A,active,2025-01-30,2027-01-30,2025-01-30,2026-05-30 13:40:16.593247+00,2026-05-30 13:40:16.593247+00,,,0.00,1,2026-06-30
49641973-26b0-4dac-97a0-6f2fcf796493,LN-0110,fbba27f0-daa5-4658-a1d6-63e0750c292f,866a2b0d-da4d-403f-9343-390a810648e5,882.08,12.50,24,41.73,119.45,1001.53,8.82,medical,A,active,2025-11-30,2027-11-30,2025-11-30,2026-05-30 13:40:16.593247+00,2026-05-30 13:40:16.593247+00,,,0.00,0,
498e7bbf-6c5b-4823-bf26-9ad659324dda,LN-0527,6bc0c6cf-be44-45a8-bf3d-86c0a98fd676,41340b75-3fa9-4cbd-bee5-5d10bb757dbb,833.80,12.50,24,39.44,112.88,946.68,8.34,consolidation,A,active,2025-03-30,2027-03-30,2025-03-30,2026-05-30 13:40:16.751319+00,2026-05-30 13:40:16.751319+00,,,0.00,1,2026-06-30
49973271-11e6-4304-896f-d7858fd42041,LN-0895,cf99fc2b-1956-4458-b4dc-365beb63b996,89d1c7f8-46de-419f-b2ec-dc69213d45ca,584.82,12.50,24,27.67,79.17,663.99,5.85,travel,A,active,2025-04-30,2027-04-30,2025-04-30,2026-05-30 13:40:16.751319+00,2026-05-30 13:40:16.751319+00,,,0.00,2,2026-06-30
4a601840-ea28-459b-b4ff-2e5a0b0e3765,LN-0153,2812c01e-5a54-4267-8d0f-b31f3ccf9410,89d1c7f8-46de-419f-b2ec-dc69213d45ca,861.67,12.50,24,40.76,116.67,978.34,8.62,consolidation,C,active,2025-04-30,2027-04-30,2025-04-30,2026-05-30 13:40:16.593247+00,2026-05-30 13:40:16.593247+00,,,0.00,0,
4a7bd2c2-e779-4ef6-8618-af0f94700360,LN-0139,aaa32c59-9361-4572-9a0e-265f625494fc,866a2b0d-da4d-403f-9343-390a810648e5,869.26,12.50,24,41.12,117.66,986.92,8.69,auto,D,active,2025-09-30,2027-09-30,2025-09-30,2026-05-30 13:40:16.593247+00,2026-05-30 13:40:16.593247+00,,,0.00,0,
4a829ef2-9663-4947-9cb8-a66d81f9647b,LN-0769,b5a85756-03df-4ffd-9999-caf3166aa1ff,89d1c7f8-46de-419f-b2ec-dc69213d45ca,510.47,12.50,24,24.15,69.11,579.58,5.10,medical,D,active,2025-05-30,2027-05-30,2025-05-30,2026-05-30 13:40:16.751319+00,2026-05-30 13:40:16.751319+00,,,0.00,0,
4a881e4a-2c8b-4be9-a2ed-a7a9b20b3a10,LN-1396,42bd2fff-7716-4c30-882f-b661a6282d7d,89d1c7f8-46de-419f-b2ec-dc69213d45ca,137.85,12.50,24,6.52,18.67,156.52,1.38,auto,A,paid_off,2024-08-12,2026-08-12,2024-08-12,2026-05-30 13:40:16.880606+00,2026-05-30 13:40:16.880606+00,,,0.00,0,
4ac627d6-44f3-403a-83d2-4738447ffeda,LN-1340,7affe612-5fb0-4f8f-ab1e-be127ac4a835,0c6925f4-7d92-41a9-b358-1d126fb41279,760.36,12.50,24,35.97,102.94,863.30,7.60,travel,A,active,2026-03-30,2028-03-30,2026-03-30,2026-05-30 13:40:16.880606+00,2026-05-30 13:40:16.880606+00,,,0.00,0,
4ad369a8-91b8-444c-a7a5-c3b53428a9e8,LN-1589,1e283861-e0c1-4d75-9fd7-f75089e11cd3,0c6925f4-7d92-41a9-b358-1d126fb41279,124.80,12.50,24,5.90,16.89,141.69,1.25,homeImprovement,A,paid_off,2024-11-16,2026-11-16,2024-11-16,2026-05-30 13:40:16.990875+00,2026-05-30 13:40:16.990875+00,,,0.00,0,
4afac5bf-2533-4e4c-a042-34e3044d5fb3,LN-0323,77356b2d-9577-4015-8dc9-7fccd4f1547b,0c6925f4-7d92-41a9-b358-1d126fb41279,362.17,12.50,24,17.13,49.05,411.22,3.62,consolidation,B,active,2025-11-30,2027-11-30,2025-11-30,2026-05-30 13:40:16.593247+00,2026-05-30 13:40:16.593247+00,,,0.00,0,
4b0dc17d-f2e5-450d-ba7a-fc1510c346a5,LN-0522,5a178493-6f06-4353-a34a-03382eb285fe,41340b75-3fa9-4cbd-bee5-5d10bb757dbb,985.75,12.50,24,46.63,133.45,1119.20,9.86,medical,B,active,2025-08-30,2027-08-30,2025-08-30,2026-05-30 13:40:16.751319+00,2026-05-30 13:40:16.751319+00,,,0.00,0,
4b28b4c6-abfb-412c-b3ab-8638b9980c95,LN-1620,eb863dfa-3c5c-426a-936b-20d0536c5d37,0c6925f4-7d92-41a9-b358-1d126fb41279,173.06,12.50,24,8.19,23.41,196.47,1.73,equipment,A,paid_off,2024-05-07,2026-05-07,2024-05-07,2026-05-30 13:40:16.990875+00,2026-05-30 13:40:16.990875+00,,,0.00,0,
4b2b3cb9-6845-4b22-8d20-98f1d1071aff,LN-1698,95bbc0e1-9127-4245-b97f-5e21fb6ce6d5,0c6925f4-7d92-41a9-b358-1d126fb41279,418.61,12.50,24,19.80,56.69,475.30,4.19,medical,C,paid_off,2024-07-12,2026-07-12,2024-07-12,2026-05-30 13:40:16.990875+00,2026-05-30 13:40:16.990875+00,,,0.00,0,
4b3f86e1-5706-446b-afe1-1b68111d0a7e,LN-1057,d877ea7e-6692-4f24-8d5d-db8bd9fa20c7,89d1c7f8-46de-419f-b2ec-dc69213d45ca,114.92,12.50,24,5.44,15.54,130.46,1.15,event,B,active,2026-03-02,2028-03-02,2026-03-02,2026-05-30 13:40:16.880606+00,2026-05-30 13:40:16.880606+00,,,0.00,0,
4b443fe5-0405-41b7-9914-e1c0c6f6bf27,LN-0312,cc5c329d-714c-4d17-af01-03bc03a70651,41340b75-3fa9-4cbd-bee5-5d10bb757dbb,2328.58,12.50,24,110.16,315.23,2643.81,23.29,equipment,C,active,2025-06-30,2027-06-30,2025-06-30,2026-05-30 13:40:16.593247+00,2026-05-30 13:40:16.593247+00,,,0.00,1,2026-06-30
4b44eb56-8ee0-4f6b-ac1f-e1966efc8940,LN-1535,ae5628eb-bcb7-4444-a7ad-dddddf5cc6ac,41340b75-3fa9-4cbd-bee5-5d10bb757dbb,1669.07,12.50,24,78.96,225.94,1895.01,16.69,event,A,paid_off,2024-07-17,2026-07-17,2024-07-17,2026-05-30 13:40:16.990875+00,2026-05-30 13:40:16.990875+00,,,0.00,0,
4b98e530-e220-44d3-a311-ee1a44737b8b,LN-1094,b52af096-ebc4-4564-9fbf-b4af97a148b3,89d1c7f8-46de-419f-b2ec-dc69213d45ca,495.48,12.50,24,23.44,67.07,562.55,4.95,consolidation,C,active,2025-04-30,2027-04-30,2025-04-30,2026-05-30 13:40:16.880606+00,2026-05-30 13:40:16.880606+00,,,0.00,1,2026-06-30
4ba4fec7-362b-4895-8eab-b770c1044bc8,LN-0049,78a7dafb-ce2c-4d7b-b68a-93798a1e20b3,0c6925f4-7d92-41a9-b358-1d126fb41279,609.83,12.50,24,28.85,82.57,692.40,6.10,auto,C,active,2026-03-30,2028-03-30,2026-03-30,2026-05-30 13:40:16.593247+00,2026-05-30 13:40:16.593247+00,,,0.00,0,
4bff4f7f-e505-4679-8af0-af354280c55a,LN-1491,8902800d-9c4f-4c02-b069-a64b6c970ee2,89d1c7f8-46de-419f-b2ec-dc69213d45ca,368.12,12.50,24,17.41,49.85,417.97,3.68,travel,C,paid_off,2024-08-17,2026-08-17,2024-08-17,2026-05-30 13:40:16.880606+00,2026-05-30 13:40:16.880606+00,,,0.00,0,
4c013c0e-df98-454e-961d-f9fc287cec03,LN-1870,f4b12a49-e071-4be1-a761-ad63dbf6817a,89d1c7f8-46de-419f-b2ec-dc69213d45ca,575.95,12.50,24,27.25,77.97,653.92,5.76,emergency,C,paid_off,2024-01-20,2026-01-20,2024-01-20,2026-05-30 13:40:16.990875+00,2026-05-30 13:40:16.990875+00,,,0.00,0,
4c09048d-b463-42e5-8608-5b8c7ffc72b7,LN-1903,10249fb7-35b9-4141-ac09-3cadd8c86a2e,41340b75-3fa9-4cbd-bee5-5d10bb757dbb,597.52,12.50,24,28.27,80.87,678.39,5.98,medical,D,paid_off,2024-05-10,2026-05-10,2024-05-10,2026-05-30 13:40:16.990875+00,2026-05-30 13:40:16.990875+00,,,0.00,0,
4c13d0d7-c22d-466f-bdfb-d0f800bf75be,LN-1046,8777db10-de79-4881-b54d-e33a09eeabc3,89d1c7f8-46de-419f-b2ec-dc69213d45ca,108.93,12.50,24,5.15,14.75,123.68,1.09,event,C,active,2025-07-30,2027-07-30,2025-07-30,2026-05-30 13:40:16.880606+00,2026-05-30 13:40:16.880606+00,,,0.00,0,
4c54f801-d976-40c4-950a-c4e657e33387,LN-0966,4b359ba6-5aca-4725-b592-c0d4f9cdb09c,89d1c7f8-46de-419f-b2ec-dc69213d45ca,212.66,12.50,24,10.06,28.81,241.47,2.13,emergency,D,active,2025-09-30,2027-09-30,2025-09-30,2026-05-30 13:40:16.751319+00,2026-05-30 13:40:16.751319+00,,,0.00,1,2026-06-30
4c708363-c5ee-4bbe-a3d5-47703e81aae8,LN-1148,9d7890e6-65b0-4d7b-b372-42f40d20325b,866a2b0d-da4d-403f-9343-390a810648e5,884.58,12.50,24,41.85,119.72,1004.30,8.85,auto,B,active,2025-12-30,2027-12-30,2025-12-30,2026-05-30 13:40:16.880606+00,2026-05-30 13:40:16.880606+00,,,0.00,0,
4cba4c75-01ab-4ef7-a1ec-dc25ca2946f4,LN-1152,919a2c66-64e7-4cd9-8743-eb7f60af997e,0c6925f4-7d92-41a9-b358-1d126fb41279,1153.71,12.50,24,54.58,156.19,1309.90,11.54,equipment,A,active,2025-12-30,2027-12-30,2025-12-30,2026-05-30 13:40:16.880606+00,2026-05-30 13:40:16.880606+00,,,0.00,0,
4cdabf0a-306a-46ce-998e-28c1e526fce8,LN-1565,55e21473-4279-4657-9cf7-3baf98e510bd,0c6925f4-7d92-41a9-b358-1d126fb41279,378.36,12.50,24,17.90,51.22,429.58,3.78,emergency,C,paid_off,2024-12-11,2026-12-11,2024-12-11,2026-05-30 13:40:16.990875+00,2026-05-30 13:40:16.990875+00,,,0.00,0,
4cf5b2ab-259d-4ec1-b6d6-412480ff7f1e,LN-1404,2909eed0-4f59-43a3-9df1-f7e17bfe91d5,0c6925f4-7d92-41a9-b358-1d126fb41279,252.84,12.50,24,11.96,34.26,287.10,2.53,medical,B,paid_off,2024-05-21,2026-05-21,2024-05-21,2026-05-30 13:40:16.880606+00,2026-05-30 13:40:16.880606+00,,,0.00,0,
4d1d4e4f-33c0-4bfa-b67f-82b621d3402d,LN-0427,d2f8d6a9-1306-49ef-a229-94552c9311ed,41340b75-3fa9-4cbd-bee5-5d10bb757dbb,896.23,12.50,24,42.40,121.34,1017.57,8.96,event,A,active,2026-04-30,2028-04-30,2026-04-30,2026-05-30 13:40:16.593247+00,2026-05-30 13:40:16.593247+00,,,0.00,0,
4d46b97f-7c57-4cd3-9cfa-85a6f21c5d69,LN-1952,ba9be427-0dab-4962-9b15-4773145967eb,89d1c7f8-46de-419f-b2ec-dc69213d45ca,763.20,12.50,24,36.10,103.33,866.53,7.63,event,A,paid_off,2024-08-27,2026-08-27,2024-08-27,2026-05-30 13:40:16.990875+00,2026-05-30 13:40:16.990875+00,,,0.00,0,
4d9989ef-7a33-4c76-99b8-6974bef28405,LN-0055,369cdb0d-a76b-455c-aecd-bd18d9fce3e1,0c6925f4-7d92-41a9-b358-1d126fb41279,204.15,12.50,24,9.66,27.66,231.81,2.04,travel,B,active,2025-08-30,2027-08-30,2025-08-30,2026-05-30 13:40:16.593247+00,2026-05-30 13:40:16.593247+00,,,0.00,0,
4dab5538-df41-442f-a158-55613c75f8c2,LN-1633,cc8d7d33-1061-4ddc-bbcd-e7b4034b18ab,89d1c7f8-46de-419f-b2ec-dc69213d45ca,468.07,12.50,24,22.14,63.40,531.47,4.68,medical,B,paid_off,2024-09-26,2026-09-26,2024-09-26,2026-05-30 13:40:16.990875+00,2026-05-30 13:40:16.990875+00,,,0.00,0,
4dc26714-5805-41f7-b1c3-aae9c03ca50a,LN-1865,c8e8b4fc-f782-4ea6-b2da-69358e426609,89d1c7f8-46de-419f-b2ec-dc69213d45ca,129.93,12.50,24,6.15,17.57,147.50,1.30,emergency,A,paid_off,2024-04-23,2026-04-23,2024-04-23,2026-05-30 13:40:16.990875+00,2026-05-30 13:40:16.990875+00,,,0.00,0,
4e1c6b1e-4603-4a83-90d7-95403376d959,LN-0219,0bef74f1-8fea-4d4f-9011-d96a5c74598c,0c6925f4-7d92-41a9-b358-1d126fb41279,612.73,12.50,24,28.99,82.94,695.67,6.13,travel,C,active,2025-10-30,2027-10-30,2025-10-30,2026-05-30 13:40:16.593247+00,2026-05-30 13:40:16.593247+00,,,0.00,0,
4e1cf7ec-d8ed-4c43-aab7-e6e195f320c4,LN-0358,5773d99e-f0a5-4db8-a5c1-653badf70036,89d1c7f8-46de-419f-b2ec-dc69213d45ca,407.42,12.50,24,19.27,55.16,462.58,4.07,emergency,A,active,2025-05-30,2027-05-30,2025-05-30,2026-05-30 13:40:16.593247+00,2026-05-30 13:40:16.593247+00,,,0.00,0,
4e2e5a4b-8e35-4b3f-b625-01bf380c637f,LN-0402,b787b70b-aa54-4b2a-b734-f7f0836f0115,0c6925f4-7d92-41a9-b358-1d126fb41279,86.06,12.50,24,4.07,11.67,97.73,0.86,event,A,active,2025-06-30,2027-06-30,2025-06-30,2026-05-30 13:40:16.593247+00,2026-05-30 13:40:16.593247+00,,,0.00,0,
4e37ec0b-aa14-4b9f-8c7d-29876e4f65dd,LN-1026,bab053a6-56f0-425b-bfdd-5bb2247009da,89d1c7f8-46de-419f-b2ec-dc69213d45ca,240.81,12.50,24,11.39,32.62,273.43,2.41,auto,A,active,2025-03-30,2027-03-30,2025-03-30,2026-05-30 13:40:16.880606+00,2026-05-30 13:40:16.880606+00,,,0.00,0,
4e540b79-053f-46dd-bf1e-1c4b21072758,LN-0152,7ce6bc97-18b7-44a1-8bf1-91ea3bfc00fe,0c6925f4-7d92-41a9-b358-1d126fb41279,396.16,12.50,24,18.74,53.63,449.79,3.96,event,C,active,2025-12-30,2027-12-30,2025-12-30,2026-05-30 13:40:16.593247+00,2026-05-30 13:40:16.593247+00,,,0.00,0,
4e741d36-2168-456b-a617-d1041a54ea33,LN-0235,b142ca92-eb40-4183-8ea9-e20068312bd5,866a2b0d-da4d-403f-9343-390a810648e5,844.82,12.50,24,39.97,114.38,959.20,8.45,auto,A,active,2025-12-30,2027-12-30,2025-12-30,2026-05-30 13:40:16.593247+00,2026-05-30 13:40:16.593247+00,,,0.00,0,
4e7ec0e8-ec3d-42b5-a498-2c1bc291036c,LN-1857,84838519-0506-4eb8-83d5-13d26654235c,0c6925f4-7d92-41a9-b358-1d126fb41279,290.86,12.50,24,13.76,39.36,330.22,2.91,auto,B,paid_off,2024-08-02,2026-08-02,2024-08-02,2026-05-30 13:40:16.990875+00,2026-05-30 13:40:16.990875+00,,,0.00,0,
4e872dea-5e4d-48da-aaa4-a18c32b123bc,LN-1521,6e219662-aed2-4f75-91e3-4b697bdc5ab4,0c6925f4-7d92-41a9-b358-1d126fb41279,372.16,12.50,24,17.61,50.38,422.54,3.72,medical,A,paid_off,2024-12-27,2026-12-27,2024-12-27,2026-05-30 13:40:16.990875+00,2026-05-30 13:40:16.990875+00,,,0.00,0,
4e97bb5a-2555-4504-a3c9-723e2a3016f8,LN-1931,1fadf208-aeab-458a-9924-d20e60a6cab2,41340b75-3fa9-4cbd-bee5-5d10bb757dbb,824.71,12.50,24,39.01,111.62,936.33,8.25,homeImprovement,A,paid_off,2024-07-16,2026-07-16,2024-07-16,2026-05-30 13:40:16.990875+00,2026-05-30 13:40:16.990875+00,,,0.00,0,
4edc43ce-29dd-4cac-aa69-5b5b0284df47,LN-1452,71fe3c6f-a95f-43a8-90d4-64095def128d,41340b75-3fa9-4cbd-bee5-5d10bb757dbb,580.88,12.50,24,27.48,78.64,659.52,5.81,homeImprovement,B,paid_off,2024-09-18,2026-09-18,2024-09-18,2026-05-30 13:40:16.880606+00,2026-05-30 13:40:16.880606+00,,,0.00,0,
4ef53c45-cb52-41ca-867d-28b7f5818eda,LN-1548,57b3f351-2073-45ea-a974-c9ef0cfc8872,41340b75-3fa9-4cbd-bee5-5d10bb757dbb,683.50,12.50,24,32.33,92.51,776.01,6.84,equipment,D,paid_off,2024-01-03,2026-01-03,2024-01-03,2026-05-30 13:40:16.990875+00,2026-05-30 13:40:16.990875+00,,,0.00,0,
4f5b0e87-b10c-4f49-b419-5fdcda945bff,LN-0033,f434d09d-14d4-4321-a5d5-7f189046002f,0c6925f4-7d92-41a9-b358-1d126fb41279,1024.97,12.50,24,48.49,138.74,1163.71,10.25,equipment,B,active,2025-07-30,2027-07-30,2025-07-30,2026-05-30 13:40:16.593247+00,2026-05-30 13:40:16.593247+00,,,0.00,0,
4f73d380-d871-47d5-be13-f5fe3e6c81b6,LN-0856,bfabe1f1-828c-49c6-8572-b66cec0c5c2a,89d1c7f8-46de-419f-b2ec-dc69213d45ca,427.08,12.50,24,20.20,57.83,484.91,4.27,travel,B,active,2025-12-30,2027-12-30,2025-12-30,2026-05-30 13:40:16.751319+00,2026-05-30 13:40:16.751319+00,,,0.00,0,
4f92dc29-f905-4f94-a7b8-2258fdbd455b,LN-0872,7d26bcd7-b90d-4644-b293-350f21ec8f08,41340b75-3fa9-4cbd-bee5-5d10bb757dbb,733.61,12.50,24,34.71,99.32,832.93,7.34,emergency,B,active,2025-03-02,2027-03-02,2025-03-02,2026-05-30 13:40:16.751319+00,2026-05-30 13:40:16.751319+00,,,0.00,1,2026-06-30
4f9502a7-4438-436b-97b1-10274e28f805,LN-0559,ed36d844-0114-485a-923a-1f425f131cf8,41340b75-3fa9-4cbd-bee5-5d10bb757dbb,1027.43,12.50,24,48.60,139.12,1166.55,10.27,equipment,A,active,2025-10-30,2027-10-30,2025-10-30,2026-05-30 13:40:16.751319+00,2026-05-30 13:40:16.751319+00,,,0.00,0,
4fc91209-b2fe-4a57-8784-fad464d393fb,LN-1497,5a3600d8-2539-460a-9ad6-2659c9c99425,89d1c7f8-46de-419f-b2ec-dc69213d45ca,242.97,12.50,24,11.49,32.91,275.88,2.43,auto,A,paid_off,2024-06-21,2026-06-21,2024-06-21,2026-05-30 13:40:16.880606+00,2026-05-30 13:40:16.880606+00,,,0.00,0,
50736694-de75-4a5d-88d4-06b1c9b9f8a6,LN-1392,0e1b3527-32f5-4b49-8408-d95fe668c4af,89d1c7f8-46de-419f-b2ec-dc69213d45ca,185.88,12.50,24,8.79,25.18,211.06,1.86,event,C,paid_off,2024-01-16,2026-01-16,2024-01-16,2026-05-30 13:40:16.880606+00,2026-05-30 13:40:16.880606+00,,,0.00,0,
507e2107-88d8-4fd6-b345-34eabc8de368,LN-0573,819433ab-ddc4-40e5-984a-e320953edf56,0c6925f4-7d92-41a9-b358-1d126fb41279,436.56,12.50,24,20.65,59.11,495.67,4.37,event,C,active,2026-03-02,2028-03-02,2026-03-02,2026-05-30 13:40:16.751319+00,2026-05-30 13:40:16.751319+00,,,0.00,0,
50c4dabe-129a-488d-b502-aaa73cccd1dd,LN-1119,2dc0e8d6-a3bc-42cc-a2ca-5f46d7a5e9e6,41340b75-3fa9-4cbd-bee5-5d10bb757dbb,982.87,12.50,24,46.50,133.04,1115.91,9.83,auto,A,active,2025-08-30,2027-08-30,2025-08-30,2026-05-30 13:40:16.880606+00,2026-05-30 13:40:16.880606+00,,,0.00,1,2026-06-30
50dc6905-e73a-4645-b6a0-19659d1e9336,LN-0925,9d4b5924-359a-467f-9cf7-e18af5e1c3c1,0c6925f4-7d92-41a9-b358-1d126fb41279,374.82,12.50,24,17.73,50.72,425.54,3.75,homeImprovement,C,active,2025-11-30,2027-11-30,2025-11-30,2026-05-30 13:40:16.751319+00,2026-05-30 13:40:16.751319+00,,,0.00,0,
50e8de3b-4017-43ab-82f6-6d8fa26e0871,LN-1634,a401eedd-4eea-4d92-b13c-98d2b44fccda,89d1c7f8-46de-419f-b2ec-dc69213d45ca,762.04,12.50,24,36.05,103.15,865.19,7.62,consolidation,B,paid_off,2024-04-21,2026-04-21,2024-04-21,2026-05-30 13:40:16.990875+00,2026-05-30 13:40:16.990875+00,,,0.00,0,
5145593d-f112-46c4-b73a-eabc1c4c24ad,LN-0455,85e9b1e5-16a8-4da5-a662-c2bac225f3cc,89d1c7f8-46de-419f-b2ec-dc69213d45ca,132.25,12.50,24,6.26,17.91,150.16,1.32,equipment,A,active,2025-03-30,2027-03-30,2025-03-30,2026-05-30 13:40:16.593247+00,2026-05-30 13:40:16.593247+00,,,0.00,0,
515298ef-25cc-4c11-8599-b169adb0f55a,LN-0583,81354255-bf1f-499c-b04e-82746aba6bea,0c6925f4-7d92-41a9-b358-1d126fb41279,844.17,12.50,24,39.94,114.28,958.45,8.44,emergency,D,active,2026-01-30,2028-01-30,2026-01-30,2026-05-30 13:40:16.751319+00,2026-05-30 13:40:16.751319+00,,,0.00,0,
51753c12-bd82-46f0-952d-5048f9511f70,LN-1332,2ca8d909-b862-49d2-ba1a-eb9e836848c5,866a2b0d-da4d-403f-9343-390a810648e5,650.16,12.50,24,30.76,88.02,738.18,6.50,auto,A,active,2025-11-30,2027-11-30,2025-11-30,2026-05-30 13:40:16.880606+00,2026-05-30 13:40:16.880606+00,,,0.00,0,
518b6f12-c722-4309-84af-54b6f24935fd,LN-0098,00402bc2-34ae-4fc0-a7de-19838efcf4fa,0c6925f4-7d92-41a9-b358-1d126fb41279,200.59,12.50,24,9.49,27.14,227.73,2.01,emergency,C,active,2025-10-30,2027-10-30,2025-10-30,2026-05-30 13:40:16.593247+00,2026-05-30 13:40:16.593247+00,,,0.00,0,
519713e0-fa79-4393-917a-968ce10a69af,LN-0668,73937fd4-df85-4f92-867d-351fcc96459f,0c6925f4-7d92-41a9-b358-1d126fb41279,359.93,12.50,24,17.03,48.72,408.65,3.60,travel,A,active,2026-03-30,2028-03-30,2026-03-30,2026-05-30 13:40:16.751319+00,2026-05-30 13:40:16.751319+00,,,0.00,0,
51a9940d-eb36-4be2-8ea9-6bad7a6a8696,LN-1609,d530cd2d-cc7b-4b7f-b24d-3df7c6c3bc16,0c6925f4-7d92-41a9-b358-1d126fb41279,340.64,12.50,24,16.11,46.14,386.78,3.41,medical,C,paid_off,2024-08-23,2026-08-23,2024-08-23,2026-05-30 13:40:16.990875+00,2026-05-30 13:40:16.990875+00,,,0.00,0,
51aebe3e-b85f-41c6-9806-83a18677b0c0,LN-1418,70b9d4da-ae5e-4396-9f86-d4d16fdc3d23,41340b75-3fa9-4cbd-bee5-5d10bb757dbb,534.40,12.50,24,25.28,72.33,606.73,5.34,medical,A,paid_off,2024-10-03,2026-10-03,2024-10-03,2026-05-30 13:40:16.880606+00,2026-05-30 13:40:16.880606+00,,,0.00,0,
51c1922a-6576-4b68-8869-a1ec63506bdb,LN-0680,0d492421-f56e-4884-baff-affa567f9ead,89d1c7f8-46de-419f-b2ec-dc69213d45ca,70.41,12.50,24,3.33,9.55,79.96,0.70,consolidation,C,active,2026-03-30,2028-03-30,2026-03-30,2026-05-30 13:40:16.751319+00,2026-05-30 13:40:16.751319+00,,,0.00,0,
51c8f23b-86e1-4649-91a8-8bb1c19ccc7e,LN-0114,eb863dfa-3c5c-426a-936b-20d0536c5d37,866a2b0d-da4d-403f-9343-390a810648e5,1020.51,12.50,24,48.28,138.17,1158.68,10.21,event,A,active,2025-03-30,2027-03-30,2025-03-30,2026-05-30 13:40:16.593247+00,2026-05-30 13:40:16.593247+00,,,0.00,0,
52788f9a-c3e1-484d-9eb7-f3cfbf871dcb,LN-0532,12318658-d63a-44d7-aa15-562b6c42caaa,89d1c7f8-46de-419f-b2ec-dc69213d45ca,472.11,12.50,24,22.33,63.94,536.05,4.72,medical,B,active,2025-11-30,2027-11-30,2025-11-30,2026-05-30 13:40:16.751319+00,2026-05-30 13:40:16.751319+00,,,0.00,0,
529f3ce3-6392-4010-9f19-9b193bd348ba,LN-1067,c17c798c-75d3-4b48-968e-725f5435898f,0c6925f4-7d92-41a9-b358-1d126fb41279,731.99,12.50,24,34.63,99.07,831.06,7.32,event,C,defaulted,2025-06-30,2027-06-30,2025-06-30,2026-05-30 13:40:16.880606+00,2026-05-30 13:40:16.880606+00,2026-04-30,written_off,622.26,4,
52a21020-d79c-41f4-8306-2036d52de119,LN-0542,f62a9ae8-207a-4444-9f55-927ef5f2241d,866a2b0d-da4d-403f-9343-390a810648e5,745.05,12.50,24,35.25,100.84,845.89,7.45,event,A,active,2025-11-30,2027-11-30,2025-11-30,2026-05-30 13:40:16.751319+00,2026-05-30 13:40:16.751319+00,,,0.00,0,
52ab2ad1-1d10-4555-83be-c4a57e4edd15,LN-1829,86c39193-08ba-43b6-9dc0-d842488d2c48,866a2b0d-da4d-403f-9343-390a810648e5,783.62,12.50,24,37.07,106.10,889.72,7.84,auto,A,paid_off,2024-10-20,2026-10-20,2024-10-20,2026-05-30 13:40:16.990875+00,2026-05-30 13:40:16.990875+00,,,0.00,0,
52b65cdd-a818-41ff-b7d6-8c738598e840,LN-0196,10cd4d4f-ed6c-4292-b4ea-9b524f5e18bb,0c6925f4-7d92-41a9-b358-1d126fb41279,580.52,12.50,24,27.46,78.60,659.12,5.81,equipment,B,active,2026-04-30,2028-04-30,2026-04-30,2026-05-30 13:40:16.593247+00,2026-05-30 13:40:16.593247+00,,,0.00,0,
52c840cf-3acd-4f7e-b500-d08828490d79,LN-0010,792513de-9b98-4d5b-ac59-2bc553534984,0c6925f4-7d92-41a9-b358-1d126fb41279,671.99,12.50,24,31.79,90.97,762.96,6.72,homeImprovement,C,defaulted,2025-08-30,2027-08-30,2025-08-30,2026-05-30 13:40:16.593247+00,2026-05-30 13:40:16.593247+00,2026-03-30,written_off,622.15,4,
52f399f9-f430-4eab-90d4-7a51ba27ddf2,LN-0939,3c053c31-66cd-4540-a694-949834df80bf,89d1c7f8-46de-419f-b2ec-dc69213d45ca,81.10,12.50,24,3.84,10.96,92.06,0.81,auto,A,active,2025-03-30,2027-03-30,2025-03-30,2026-05-30 13:40:16.751319+00,2026-05-30 13:40:16.751319+00,,,0.00,0,
52fb6fa1-9875-4513-87a3-d5ded69161d0,LN-1120,0b4a9147-3218-421b-95c7-bfdec1017807,866a2b0d-da4d-403f-9343-390a810648e5,956.47,12.50,24,45.25,129.47,1085.94,9.56,emergency,B,active,2025-09-30,2027-09-30,2025-09-30,2026-05-30 13:40:16.880606+00,2026-05-30 13:40:16.880606+00,,,0.00,0,
52fec51d-0e84-4ef4-98d6-1bb9dae9bdf4,LN-0557,ceaf323b-406a-4a24-a759-3ffc9a8f3286,89d1c7f8-46de-419f-b2ec-dc69213d45ca,736.36,12.50,24,34.84,99.67,836.03,7.36,event,D,active,2026-03-30,2028-03-30,2026-03-30,2026-05-30 13:40:16.751319+00,2026-05-30 13:40:16.751319+00,,,0.00,0,
5310f062-6a07-4d0d-898e-349ef5767e46,LN-0491,50a670a7-83c3-45dc-81f6-cebce1ee99d2,41340b75-3fa9-4cbd-bee5-5d10bb757dbb,1524.90,12.50,24,72.14,206.43,1731.33,15.25,homeImprovement,B,active,2025-11-30,2027-11-30,2025-11-30,2026-05-30 13:40:16.593247+00,2026-05-30 13:40:16.593247+00,,,0.00,0,
5358174b-241c-4ccd-984d-0c4eabb345ff,LN-0195,ac73b61d-77ce-4806-9452-01f830ded76b,866a2b0d-da4d-403f-9343-390a810648e5,726.94,12.50,24,34.39,98.40,825.34,7.27,equipment,A,active,2025-11-30,2027-11-30,2025-11-30,2026-05-30 13:40:16.593247+00,2026-05-30 13:40:16.593247+00,,,0.00,1,2026-06-30
536d1703-fd14-4434-a4a4-6ac5b642faa1,LN-1866,184da979-d168-4d53-9886-826ad092a2dc,89d1c7f8-46de-419f-b2ec-dc69213d45ca,1464.63,12.50,24,69.29,198.26,1662.89,14.65,event,A,paid_off,2024-05-18,2026-05-18,2024-05-18,2026-05-30 13:40:16.990875+00,2026-05-30 13:40:16.990875+00,,,0.00,0,
536e70ed-bb57-4440-99da-eb3e8d409f42,LN-0181,09ee231e-0d9c-46ec-a6fe-b59865d9ba7b,89d1c7f8-46de-419f-b2ec-dc69213d45ca,395.39,12.50,24,18.70,53.55,448.94,3.95,travel,C,active,2026-03-02,2028-03-02,2026-03-02,2026-05-30 13:40:16.593247+00,2026-05-30 13:40:16.593247+00,,,0.00,1,2026-06-30
53a87ab9-3858-4c48-ac04-a322b0d9b3e3,LN-1372,eacbea8c-f789-4257-b0fb-37389e77e030,89d1c7f8-46de-419f-b2ec-dc69213d45ca,729.68,12.50,24,34.52,98.79,828.47,7.30,auto,A,paid_off,2024-08-13,2026-08-13,2024-08-13,2026-05-30 13:40:16.880606+00,2026-05-30 13:40:16.880606+00,,,0.00,0,
53e1f3d4-000a-40b8-a295-785c6d3e603b,LN-1388,e2abd685-bb41-4ff5-a45d-6ad3ca747466,89d1c7f8-46de-419f-b2ec-dc69213d45ca,487.96,12.50,24,23.08,66.09,554.05,4.88,homeImprovement,B,paid_off,2024-12-10,2026-12-10,2024-12-10,2026-05-30 13:40:16.880606+00,2026-05-30 13:40:16.880606+00,,,0.00,0,
5405a8ca-e6f9-4f01-bc23-c978eabd0154,LN-0278,23c1d436-ba72-4767-8ea1-10b692b998da,0c6925f4-7d92-41a9-b358-1d126fb41279,332.92,12.50,24,15.75,45.07,377.99,3.33,travel,A,active,2025-05-30,2027-05-30,2025-05-30,2026-05-30 13:40:16.593247+00,2026-05-30 13:40:16.593247+00,,,0.00,0,
540f6cb7-d96c-41d4-a097-5c420e7f9a3b,LN-0398,785175dc-07f2-4934-bfed-08e3d6664823,89d1c7f8-46de-419f-b2ec-dc69213d45ca,220.90,12.50,24,10.45,29.91,250.81,2.21,auto,A,active,2026-03-30,2028-03-30,2026-03-30,2026-05-30 13:40:16.593247+00,2026-05-30 13:40:16.593247+00,,,0.00,0,
548ade8e-a339-44ab-9816-d5974de3344a,LN-1975,028fe04a-b591-4d7d-992c-24d64a9c9e37,0c6925f4-7d92-41a9-b358-1d126fb41279,208.29,12.50,24,9.85,28.19,236.48,2.08,auto,A,paid_off,2024-12-05,2026-12-05,2024-12-05,2026-05-30 13:40:16.990875+00,2026-05-30 13:40:16.990875+00,,,0.00,0,
549acf59-e045-4816-93c5-dc2706951404,LN-0739,b4719966-d266-4eec-b3d7-3dddceb240ef,89d1c7f8-46de-419f-b2ec-dc69213d45ca,780.88,12.50,24,36.94,105.72,886.60,7.81,medical,A,active,2026-03-30,2028-03-30,2026-03-30,2026-05-30 13:40:16.751319+00,2026-05-30 13:40:16.751319+00,,,0.00,0,
54b9c5a9-f81b-4c07-9d6b-c0ca2a63977b,LN-1936,919a2c66-64e7-4cd9-8743-eb7f60af997e,89d1c7f8-46de-419f-b2ec-dc69213d45ca,245.24,12.50,24,11.60,33.19,278.43,2.45,emergency,A,paid_off,2024-04-02,2026-04-02,2024-04-02,2026-05-30 13:40:16.990875+00,2026-05-30 13:40:16.990875+00,,,0.00,0,
54c5e164-140c-43dc-8e7d-d77244c3b6d8,LN-0418,7ef933ba-327f-4426-9871-9db2c900e424,0c6925f4-7d92-41a9-b358-1d126fb41279,218.98,12.50,24,10.36,29.63,248.61,2.19,consolidation,A,active,2025-07-30,2027-07-30,2025-07-30,2026-05-30 13:40:16.593247+00,2026-05-30 13:40:16.593247+00,,,0.00,1,2026-06-30
5565c49a-df38-46ca-a779-7659283725c8,LN-1252,06181d74-022b-4858-977b-11d67f117052,89d1c7f8-46de-419f-b2ec-dc69213d45ca,329.50,12.50,24,15.59,44.60,374.10,3.30,auto,D,active,2025-12-30,2027-12-30,2025-12-30,2026-05-30 13:40:16.880606+00,2026-05-30 13:40:16.880606+00,,,0.00,0,
55665158-4a1a-4c8c-9c10-7cad84192383,LN-1364,0bc70ea9-78e5-480c-b666-fbdde28cf6e3,0c6925f4-7d92-41a9-b358-1d126fb41279,103.76,12.50,24,4.91,14.05,117.81,1.04,medical,B,active,2025-10-30,2027-10-30,2025-10-30,2026-05-30 13:40:16.880606+00,2026-05-30 13:40:16.880606+00,,,0.00,1,2026-06-30
55c5d6fb-a621-4253-be8d-e58f86a88a6d,LN-0218,34c4db89-ac62-4da9-a079-6949584995bd,41340b75-3fa9-4cbd-bee5-5d10bb757dbb,634.72,12.50,24,30.03,85.92,720.64,6.35,homeImprovement,A,active,2025-08-30,2027-08-30,2025-08-30,2026-05-30 13:40:16.593247+00,2026-05-30 13:40:16.593247+00,,,0.00,0,
5625c39f-5953-4e8a-85eb-2e2bb0f14be8,LN-1679,ddbf44d2-94ec-4609-8865-39b7ce3aa506,89d1c7f8-46de-419f-b2ec-dc69213d45ca,427.92,12.50,24,20.24,57.93,485.85,4.28,homeImprovement,A,paid_off,2024-02-13,2026-02-13,2024-02-13,2026-05-30 13:40:16.990875+00,2026-05-30 13:40:16.990875+00,,,0.00,0,
563546c8-1e9b-4450-b08e-6a366c2a57c9,LN-1968,0f0ca9c5-6ad3-4775-9055-ca80e658fba2,89d1c7f8-46de-419f-b2ec-dc69213d45ca,86.27,12.50,24,4.08,11.68,97.95,0.86,consolidation,C,paid_off,2024-07-28,2026-07-28,2024-07-28,2026-05-30 13:40:16.990875+00,2026-05-30 13:40:16.990875+00,,,0.00,0,
5637573e-64f4-4051-9025-828432a905f8,LN-1424,836ab1b9-add8-4042-b76c-c48eff653327,89d1c7f8-46de-419f-b2ec-dc69213d45ca,376.57,12.50,24,17.81,50.97,427.54,3.77,equipment,A,paid_off,2024-09-06,2026-09-06,2024-09-06,2026-05-30 13:40:16.880606+00,2026-05-30 13:40:16.880606+00,,,0.00,0,
567e93fe-3920-473f-b881-4a83e2df2d78,LN-1104,2ecba489-8c12-454a-91f4-afad623ab046,0c6925f4-7d92-41a9-b358-1d126fb41279,363.37,12.50,24,17.19,49.21,412.58,3.63,auto,B,active,2025-05-30,2027-05-30,2025-05-30,2026-05-30 13:40:16.880606+00,2026-05-30 13:40:16.880606+00,,,0.00,0,
56808666-8849-431e-ab67-0382605fed90,LN-1319,f8ad38ed-7ea1-4b5a-9e22-aefcb1012bee,0c6925f4-7d92-41a9-b358-1d126fb41279,1188.78,12.50,24,56.24,160.92,1349.70,11.89,auto,D,active,2026-03-02,2028-03-02,2026-03-02,2026-05-30 13:40:16.880606+00,2026-05-30 13:40:16.880606+00,,,0.00,0,
568177dd-34e4-46e0-9cbb-24e689c627a7,LN-1055,bcbd4626-9eee-4429-98f8-1f5d2ff81a1d,0c6925f4-7d92-41a9-b358-1d126fb41279,589.26,12.50,24,27.88,79.74,669.00,5.89,consolidation,C,active,2025-10-30,2027-10-30,2025-10-30,2026-05-30 13:40:16.880606+00,2026-05-30 13:40:16.880606+00,,,0.00,0,
5683cc30-d988-4bc8-a715-7af2f1210752,LN-1809,794a54e2-f092-4ea1-a6dd-1aaaf2587dd6,866a2b0d-da4d-403f-9343-390a810648e5,552.59,12.50,24,26.14,74.80,627.39,5.53,event,A,paid_off,2024-03-10,2026-03-10,2024-03-10,2026-05-30 13:40:16.990875+00,2026-05-30 13:40:16.990875+00,,,0.00,0,
569c31aa-4abe-4efb-8638-03496d00c2c8,LN-1657,0731b11e-6001-4de1-aa10-5bc290f5ff3f,0c6925f4-7d92-41a9-b358-1d126fb41279,495.60,12.50,24,23.45,67.08,562.68,4.96,emergency,C,paid_off,2024-11-24,2026-11-24,2024-11-24,2026-05-30 13:40:16.990875+00,2026-05-30 13:40:16.990875+00,,,0.00,0,
56cd3ab3-5b49-4092-a255-e033ed16ef71,LN-0265,90428331-e198-4e71-97d3-5146dd4781df,0c6925f4-7d92-41a9-b358-1d126fb41279,95.66,12.50,24,4.53,12.94,108.60,0.96,medical,B,active,2025-10-30,2027-10-30,2025-10-30,2026-05-30 13:40:16.593247+00,2026-05-30 13:40:16.593247+00,,,0.00,3,2026-06-30
574797a9-7faf-48db-9f5f-b9261ab444d9,LN-0603,70e80f07-1ec7-46f8-8b3e-4bc8bbafab0d,0c6925f4-7d92-41a9-b358-1d126fb41279,318.84,12.50,24,15.08,43.18,362.02,3.19,equipment,A,active,2025-03-30,2027-03-30,2025-03-30,2026-05-30 13:40:16.751319+00,2026-05-30 13:40:16.751319+00,,,0.00,0,
5766dadf-ab4b-4f34-8f31-9bc7a3e7873d,LN-0860,92786949-8774-4346-8286-9496bf958f6d,89d1c7f8-46de-419f-b2ec-dc69213d45ca,501.51,12.50,24,23.73,67.88,569.39,5.02,consolidation,A,active,2025-11-30,2027-11-30,2025-11-30,2026-05-30 13:40:16.751319+00,2026-05-30 13:40:16.751319+00,,,0.00,0,
57773a38-100a-4625-81de-9a1fbe44cff3,LN-0661,1279413e-c5bd-498c-ad0b-046aae69dcd8,0c6925f4-7d92-41a9-b358-1d126fb41279,217.25,12.50,24,10.28,29.42,246.67,2.17,medical,B,active,2025-11-30,2027-11-30,2025-11-30,2026-05-30 13:40:16.751319+00,2026-05-30 13:40:16.751319+00,,,0.00,1,2026-06-30
57955616-2f3f-4d5b-b5b7-c12eac229e5b,LN-0050,f9496119-d02d-4479-91c1-ca1007f6202d,0c6925f4-7d92-41a9-b358-1d126fb41279,275.83,12.50,24,13.05,37.33,313.16,2.76,auto,A,active,2025-04-30,2027-04-30,2025-04-30,2026-05-30 13:40:16.593247+00,2026-05-30 13:40:16.593247+00,,,0.00,0,
57a6304b-7077-46f3-8357-b6a6125096d4,LN-0008,bb092b2d-fbd2-4408-8a31-1f9901740e44,89d1c7f8-46de-419f-b2ec-dc69213d45ca,223.13,12.50,24,10.56,30.21,253.34,2.23,emergency,C,active,2025-03-30,2027-03-30,2025-03-30,2026-05-30 13:40:16.593247+00,2026-05-30 13:40:16.593247+00,,,0.00,0,
57b1a83f-c074-4896-8e07-69302ddf3773,LN-0412,eca8bcc4-1b36-475c-9598-f492ad9a0567,89d1c7f8-46de-419f-b2ec-dc69213d45ca,1147.72,12.50,24,54.30,155.35,1303.07,11.48,auto,B,active,2026-03-02,2028-03-02,2026-03-02,2026-05-30 13:40:16.593247+00,2026-05-30 13:40:16.593247+00,,,0.00,0,
57b583e1-9085-4a88-9df7-ce4c958209d4,LN-0523,2358b4e2-264d-456d-bfe0-6d7fb4196f6e,0c6925f4-7d92-41a9-b358-1d126fb41279,251.07,12.50,24,11.88,33.97,285.04,2.51,homeImprovement,D,active,2026-03-02,2028-03-02,2026-03-02,2026-05-30 13:40:16.751319+00,2026-05-30 13:40:16.751319+00,,,0.00,0,
57bc0fb7-cf0b-4ae1-b487-e7867fae9009,LN-1685,9e030668-2d7a-4cd3-975d-2711205efaf6,89d1c7f8-46de-419f-b2ec-dc69213d45ca,100.62,12.50,24,4.76,13.63,114.25,1.01,event,A,paid_off,2024-01-24,2026-01-24,2024-01-24,2026-05-30 13:40:16.990875+00,2026-05-30 13:40:16.990875+00,,,0.00,0,
57c53002-5822-4429-acab-9428c21e723c,LN-1486,ba882aa2-12da-4291-9616-0098a0b42009,89d1c7f8-46de-419f-b2ec-dc69213d45ca,309.50,12.50,24,14.64,41.88,351.38,3.10,medical,A,paid_off,2024-11-07,2026-11-07,2024-11-07,2026-05-30 13:40:16.880606+00,2026-05-30 13:40:16.880606+00,,,0.00,0,
57c6b297-6bd6-4e41-bc90-3a55ef334813,LN-0566,6b7dc3bc-7704-40e7-92ae-0acca31a9ce2,89d1c7f8-46de-419f-b2ec-dc69213d45ca,230.48,12.50,24,10.90,31.19,261.67,2.30,event,A,active,2026-01-30,2028-01-30,2026-01-30,2026-05-30 13:40:16.751319+00,2026-05-30 13:40:16.751319+00,,,0.00,2,2026-06-30
57f8e303-043c-43dd-aa8d-c79ee216a8e3,LN-0156,44ea36ce-c3b2-45d4-ab8a-3a3780cd9de3,0c6925f4-7d92-41a9-b358-1d126fb41279,811.39,12.50,24,38.38,109.89,921.28,8.11,event,C,active,2025-09-30,2027-09-30,2025-09-30,2026-05-30 13:40:16.593247+00,2026-05-30 13:40:16.593247+00,,,0.00,0,
5829b8dc-dac3-4f4f-ab4a-83b8037086ae,LN-0926,f7c0863f-309c-4001-bf2c-e145238d59b2,0c6925f4-7d92-41a9-b358-1d126fb41279,595.45,12.50,24,28.17,80.57,676.02,5.95,consolidation,A,active,2025-11-30,2027-11-30,2025-11-30,2026-05-30 13:40:16.751319+00,2026-05-30 13:40:16.751319+00,,,0.00,0,
586add44-8a39-478e-bbf9-005adba1d1e4,LN-1650,4ee6deff-6308-42bb-a8be-8ef0d598fe7a,0c6925f4-7d92-41a9-b358-1d126fb41279,337.14,12.50,24,15.95,45.65,382.79,3.37,travel,A,paid_off,2024-12-01,2026-12-01,2024-12-01,2026-05-30 13:40:16.990875+00,2026-05-30 13:40:16.990875+00,,,0.00,0,
5877891b-2687-494c-8e9f-3a70186e011f,LN-1207,006c7f4a-2e50-4d4a-831e-c1f21f155c34,0c6925f4-7d92-41a9-b358-1d126fb41279,158.73,12.50,24,7.51,21.49,180.22,1.59,homeImprovement,A,active,2025-11-30,2027-11-30,2025-11-30,2026-05-30 13:40:16.880606+00,2026-05-30 13:40:16.880606+00,,,0.00,0,
589d5d4e-719b-4a3b-9f2b-d338397bd0f8,LN-0352,6bad65cf-15a3-47c5-94c1-4283521d9877,0c6925f4-7d92-41a9-b358-1d126fb41279,444.10,12.50,24,21.01,60.12,504.22,4.44,emergency,C,active,2025-11-30,2027-11-30,2025-11-30,2026-05-30 13:40:16.593247+00,2026-05-30 13:40:16.593247+00,,,0.00,0,
589ea20e-5c1f-4204-990b-f30b856fcdd8,LN-0580,344a22e6-654a-46de-ab26-6942f9f29acf,0c6925f4-7d92-41a9-b358-1d126fb41279,122.22,12.50,24,5.78,16.54,138.76,1.22,emergency,A,active,2025-04-30,2027-04-30,2025-04-30,2026-05-30 13:40:16.751319+00,2026-05-30 13:40:16.751319+00,,,0.00,0,
58ab64d5-7861-4ea7-be57-308a113b95c1,LN-0729,af2a1fc5-1d7f-4e6e-8d9c-f85890709684,0c6925f4-7d92-41a9-b358-1d126fb41279,386.74,12.50,24,18.30,52.32,439.06,3.87,travel,A,active,2025-11-30,2027-11-30,2025-11-30,2026-05-30 13:40:16.751319+00,2026-05-30 13:40:16.751319+00,,,0.00,0,
5911b20e-b663-4667-a591-5b54a24a1a25,LN-0980,05945727-51d0-4f33-81c1-c8bc30d2136c,89d1c7f8-46de-419f-b2ec-dc69213d45ca,457.71,12.50,24,21.65,61.94,519.65,4.58,consolidation,C,active,2026-01-30,2028-01-30,2026-01-30,2026-05-30 13:40:16.751319+00,2026-05-30 13:40:16.751319+00,,,0.00,0,
591ead51-0ad6-4ba2-9c0d-09a466ecbcf2,LN-0406,82b9704d-1bb6-4808-84aa-5cde50fe52db,0c6925f4-7d92-41a9-b358-1d126fb41279,88.38,12.50,24,4.18,11.96,100.34,0.88,medical,D,active,2025-11-30,2027-11-30,2025-11-30,2026-05-30 13:40:16.593247+00,2026-05-30 13:40:16.593247+00,,,0.00,0,
59252f88-d7ec-4733-86ea-afb2690d0cf9,LN-0599,c7b2c033-55e0-4793-8111-3d0a49cbe05f,89d1c7f8-46de-419f-b2ec-dc69213d45ca,463.63,12.50,24,21.93,62.77,526.40,4.64,travel,D,active,2025-07-30,2027-07-30,2025-07-30,2026-05-30 13:40:16.751319+00,2026-05-30 13:40:16.751319+00,,,0.00,0,
5933c22d-7a37-49fd-a4e1-d1d50ecdf62f,LN-1766,a9a08164-ad32-491d-a3b3-17f73e40ed23,89d1c7f8-46de-419f-b2ec-dc69213d45ca,221.10,12.50,24,10.46,29.93,251.03,2.21,consolidation,B,paid_off,2024-02-05,2026-02-05,2024-02-05,2026-05-30 13:40:16.990875+00,2026-05-30 13:40:16.990875+00,,,0.00,0,
594ccd09-204a-497f-b551-1839f995f7df,LN-1799,bbb78e99-047f-4bfe-8dd6-67102895f33c,0c6925f4-7d92-41a9-b358-1d126fb41279,263.09,12.50,24,12.45,35.59,298.68,2.63,auto,A,paid_off,2024-08-04,2026-08-04,2024-08-04,2026-05-30 13:40:16.990875+00,2026-05-30 13:40:16.990875+00,,,0.00,0,
59830d80-b5f1-4810-91c0-7e1a752266d5,LN-0039,9d38dc34-ebf3-459a-9a9d-7c10ace53436,89d1c7f8-46de-419f-b2ec-dc69213d45ca,124.10,12.50,24,5.87,16.82,140.92,1.24,consolidation,D,active,2025-08-30,2027-08-30,2025-08-30,2026-05-30 13:40:16.593247+00,2026-05-30 13:40:16.593247+00,,,0.00,0,
5994d798-32f4-49e9-b295-478af35f3f38,LN-1234,138c7047-4473-4bce-b032-b9faddd4c7ff,0c6925f4-7d92-41a9-b358-1d126fb41279,469.87,12.50,24,22.23,63.59,533.46,4.70,consolidation,A,active,2026-03-30,2028-03-30,2026-03-30,2026-05-30 13:40:16.880606+00,2026-05-30 13:40:16.880606+00,,,0.00,0,
59951b0c-d816-4648-b4b5-55e449c741de,LN-0671,79c55d57-957a-4a41-af82-0043ef9eed5b,0c6925f4-7d92-41a9-b358-1d126fb41279,2289.63,12.50,24,108.32,309.96,2599.59,22.90,travel,A,defaulted,2025-07-30,2027-07-30,2025-07-30,2026-05-30 13:40:16.751319+00,2026-05-30 13:40:16.751319+00,2025-12-30,written_off,2033.57,4,
59b0548d-1c05-44af-9a67-9e7948747637,LN-0530,57603a29-c80b-4a33-8c72-2847a51cb1d8,89d1c7f8-46de-419f-b2ec-dc69213d45ca,410.19,12.50,24,19.40,55.55,465.74,4.10,equipment,A,active,2025-08-30,2027-08-30,2025-08-30,2026-05-30 13:40:16.751319+00,2026-05-30 13:40:16.751319+00,,,0.00,0,
59c3be40-9b80-4aaa-af37-e8772dac5fa7,LN-1965,c30d713a-560a-419e-82df-65c6902934c5,89d1c7f8-46de-419f-b2ec-dc69213d45ca,443.44,12.50,24,20.98,60.03,503.47,4.43,auto,B,paid_off,2024-10-12,2026-10-12,2024-10-12,2026-05-30 13:40:16.990875+00,2026-05-30 13:40:16.990875+00,,,0.00,0,
59efcfbe-73bc-4fb0-ac37-dc82f9365ca0,LN-1064,1fffb3e8-499e-47f6-b1a4-e2aa522d2056,0c6925f4-7d92-41a9-b358-1d126fb41279,334.81,12.50,24,15.84,45.32,380.13,3.35,auto,B,active,2025-05-30,2027-05-30,2025-05-30,2026-05-30 13:40:16.880606+00,2026-05-30 13:40:16.880606+00,,,0.00,0,
5a04f73d-de30-4dbe-af85-70ab43afe9b5,LN-0705,3b7c04ec-3263-4e97-a752-cc9c381cf536,0c6925f4-7d92-41a9-b358-1d126fb41279,380.03,12.50,24,17.98,51.47,431.50,3.80,medical,C,active,2025-05-30,2027-05-30,2025-05-30,2026-05-30 13:40:16.751319+00,2026-05-30 13:40:16.751319+00,,,0.00,0,
5a0fb59f-8702-4413-b8bf-669970e84ee0,LN-0979,bbb78e99-047f-4bfe-8dd6-67102895f33c,0c6925f4-7d92-41a9-b358-1d126fb41279,1248.13,12.50,24,59.05,168.96,1417.09,12.48,emergency,A,active,2025-09-30,2027-09-30,2025-09-30,2026-05-30 13:40:16.751319+00,2026-05-30 13:40:16.751319+00,,,0.00,0,
5a164947-5cc8-42ea-bcdf-30d3e70cd679,LN-0911,e15fb6b7-3c2e-4eb7-b5f8-b3e882678ed8,0c6925f4-7d92-41a9-b358-1d126fb41279,341.01,12.50,24,16.13,46.19,387.20,3.41,medical,D,active,2026-01-30,2028-01-30,2026-01-30,2026-05-30 13:40:16.751319+00,2026-05-30 13:40:16.751319+00,,,0.00,0,
5a54bbdc-1220-4e70-a04d-877086c9633d,LN-1691,b13710c5-3562-44b0-9f2d-78e78d5e7314,0c6925f4-7d92-41a9-b358-1d126fb41279,435.28,12.50,24,20.59,58.93,494.21,4.35,medical,B,paid_off,2024-10-24,2026-10-24,2024-10-24,2026-05-30 13:40:16.990875+00,2026-05-30 13:40:16.990875+00,,,0.00,0,
5a65d7ef-9a90-4e15-a69a-8d68c0103519,LN-0982,5a4e4a88-4c17-4e93-81f0-79549f0c250e,89d1c7f8-46de-419f-b2ec-dc69213d45ca,390.32,12.50,24,18.46,52.85,443.17,3.90,homeImprovement,B,active,2025-04-30,2027-04-30,2025-04-30,2026-05-30 13:40:16.751319+00,2026-05-30 13:40:16.751319+00,,,0.00,0,
5a7777a3-229e-403e-9012-2a1aa5b84b67,LN-0066,1fdc5076-8ce6-4414-8519-1dab52777c04,0c6925f4-7d92-41a9-b358-1d126fb41279,489.08,12.50,24,23.14,66.20,555.28,4.89,equipment,A,active,2025-07-30,2027-07-30,2025-07-30,2026-05-30 13:40:16.593247+00,2026-05-30 13:40:16.593247+00,,,0.00,0,
5a8844f3-9b65-47fe-a75f-d56c49fef4d7,LN-0338,342173ce-d2d5-46e1-bd6d-927a4598c848,89d1c7f8-46de-419f-b2ec-dc69213d45ca,68.70,12.50,24,3.25,9.32,78.02,0.69,equipment,A,active,2025-04-30,2027-04-30,2025-04-30,2026-05-30 13:40:16.593247+00,2026-05-30 13:40:16.593247+00,,,0.00,0,
5aef9cd0-ae98-4794-b126-f5cb7bc4a314,LN-0300,ad1fa418-f7e7-4d60-96eb-8b3f0aad2e0b,0c6925f4-7d92-41a9-b358-1d126fb41279,422.42,12.50,24,19.98,57.20,479.62,4.22,auto,B,active,2025-08-30,2027-08-30,2025-08-30,2026-05-30 13:40:16.593247+00,2026-05-30 13:40:16.593247+00,,,0.00,0,
5b0ff0e2-c8bc-44bb-a841-a8ff7a523207,LN-1619,777f9eb3-351b-4a8c-9fcc-7cd6a4fe2f56,0c6925f4-7d92-41a9-b358-1d126fb41279,343.70,12.50,24,16.26,46.53,390.23,3.44,event,A,paid_off,2024-10-20,2026-10-20,2024-10-20,2026-05-30 13:40:16.990875+00,2026-05-30 13:40:16.990875+00,,,0.00,0,
5b42be95-8967-4118-8455-44e086de01f7,LN-0001,49af21ac-96ba-4c37-b589-df643d8e50dd,89d1c7f8-46de-419f-b2ec-dc69213d45ca,701.97,12.50,24,33.21,95.00,796.97,7.02,medical,C,defaulted,2025-10-30,2027-10-30,2025-10-30,2026-05-30 13:40:16.593247+00,2026-05-30 13:40:16.593247+00,2025-09-30,written_off,701.97,4,
5b5f5343-62a7-4b46-8cf7-845aef05e847,LN-1339,f908e6ae-fe7d-4233-beae-035a0286910b,89d1c7f8-46de-419f-b2ec-dc69213d45ca,137.62,12.50,24,6.51,18.62,156.24,1.38,consolidation,A,active,2025-06-30,2027-06-30,2025-06-30,2026-05-30 13:40:16.880606+00,2026-05-30 13:40:16.880606+00,,,0.00,0,
5b5ff9ce-2da2-4dc5-b728-d6ccc5c0d42e,LN-0014,d83cccd7-5d75-40ba-a8a9-cb28ce32ac56,89d1c7f8-46de-419f-b2ec-dc69213d45ca,204.23,12.50,24,9.66,27.67,231.90,2.04,auto,A,active,2026-01-30,2028-01-30,2026-01-30,2026-05-30 13:40:16.593247+00,2026-05-30 13:40:16.593247+00,,,0.00,0,
5b855aad-c29f-469d-9288-2e62206757d9,LN-1621,84c498da-1576-4a36-a66e-80b70b9bc135,0c6925f4-7d92-41a9-b358-1d126fb41279,390.64,12.50,24,18.48,52.87,443.51,3.91,event,B,paid_off,2024-09-16,2026-09-16,2024-09-16,2026-05-30 13:40:16.990875+00,2026-05-30 13:40:16.990875+00,,,0.00,0,
5b888ae8-82f3-459f-9ef8-bf0555afbea3,LN-1910,de3121ac-8f8e-409d-8d94-8a62767e450c,0c6925f4-7d92-41a9-b358-1d126fb41279,186.93,12.50,24,8.84,25.31,212.24,1.87,consolidation,A,paid_off,2024-10-07,2026-10-07,2024-10-07,2026-05-30 13:40:16.990875+00,2026-05-30 13:40:16.990875+00,,,0.00,0,
5baf5e1e-3920-4155-b6fd-a87516659ca8,LN-0085,03c9a10f-0b08-4c81-a0f1-472f73545656,0c6925f4-7d92-41a9-b358-1d126fb41279,476.20,12.50,24,22.53,64.47,540.67,4.76,auto,D,active,2025-09-30,2027-09-30,2025-09-30,2026-05-30 13:40:16.593247+00,2026-05-30 13:40:16.593247+00,,,0.00,0,
5bf4ac1a-02ad-4667-979f-ef1adaa8fb30,LN-0609,bbb3fc7f-f0bd-47af-a004-92e8380094ae,0c6925f4-7d92-41a9-b358-1d126fb41279,1150.15,12.50,24,54.41,155.71,1305.86,11.50,homeImprovement,D,active,2025-05-30,2027-05-30,2025-05-30,2026-05-30 13:40:16.751319+00,2026-05-30 13:40:16.751319+00,,,0.00,0,
5bfca398-5ea2-4f15-ad8a-52d41b3f9126,LN-0194,8a5ce8dd-c1eb-4750-927f-e25f822f4a36,0c6925f4-7d92-41a9-b358-1d126fb41279,334.09,12.50,24,15.80,45.23,379.32,3.34,travel,A,active,2025-10-30,2027-10-30,2025-10-30,2026-05-30 13:40:16.593247+00,2026-05-30 13:40:16.593247+00,,,0.00,0,
5c12aaa3-00ec-4642-ac8d-711b6cb2ebeb,LN-0407,3e5d0cdf-e30d-4af8-9a99-4b88bc6f6122,0c6925f4-7d92-41a9-b358-1d126fb41279,374.70,12.50,24,17.73,50.70,425.40,3.75,auto,A,active,2025-07-30,2027-07-30,2025-07-30,2026-05-30 13:40:16.593247+00,2026-05-30 13:40:16.593247+00,,,0.00,0,
5c48579d-f04a-4747-a92d-d30f11103c01,LN-1554,27f2d7bd-6c79-4567-99a4-c5ea9722c282,89d1c7f8-46de-419f-b2ec-dc69213d45ca,566.63,12.50,24,26.81,76.70,643.33,5.67,consolidation,B,paid_off,2024-06-27,2026-06-27,2024-06-27,2026-05-30 13:40:16.990875+00,2026-05-30 13:40:16.990875+00,,,0.00,0,
5c6fb585-cb17-462a-8d26-31daf00e0557,LN-0610,c0c9e3f3-d4b1-404f-ab1a-cb3cfbc1e79c,89d1c7f8-46de-419f-b2ec-dc69213d45ca,251.66,12.50,24,11.91,34.05,285.71,2.52,equipment,A,active,2025-03-30,2027-03-30,2025-03-30,2026-05-30 13:40:16.751319+00,2026-05-30 13:40:16.751319+00,,,0.00,0,
5c7dac76-b434-4400-b94b-7a3bd6ec0f54,LN-1772,065c135e-5a9c-4fd6-b7fa-d134c54754e9,866a2b0d-da4d-403f-9343-390a810648e5,698.53,12.50,24,33.05,94.56,793.09,6.99,auto,B,paid_off,2024-08-11,2026-08-11,2024-08-11,2026-05-30 13:40:16.990875+00,2026-05-30 13:40:16.990875+00,,,0.00,0,
5c9f6d87-949b-49ab-bf5e-9525b0ff9cf3,LN-0986,56298099-cdd3-4f81-9ad5-10363621cade,89d1c7f8-46de-419f-b2ec-dc69213d45ca,312.89,12.50,24,14.80,42.37,355.26,3.13,auto,C,active,2026-01-30,2028-01-30,2026-01-30,2026-05-30 13:40:16.751319+00,2026-05-30 13:40:16.751319+00,,,0.00,1,2026-06-30
5d43e703-04ef-49d9-8bd1-54d649de066a,LN-1495,e0d69833-2bbd-4eae-8473-087c60ea15cd,0c6925f4-7d92-41a9-b358-1d126fb41279,77.34,12.50,24,3.66,10.48,87.82,0.77,medical,C,paid_off,2024-07-28,2026-07-28,2024-07-28,2026-05-30 13:40:16.880606+00,2026-05-30 13:40:16.880606+00,,,0.00,0,
5d461321-efdc-41a5-a4df-f513ddbd0091,LN-0996,f077a645-db0f-4e5c-a29e-ccafe8ec8111,0c6925f4-7d92-41a9-b358-1d126fb41279,235.72,12.50,24,11.15,31.91,267.63,2.36,auto,A,active,2025-09-30,2027-09-30,2025-09-30,2026-05-30 13:40:16.751319+00,2026-05-30 13:40:16.751319+00,,,0.00,0,
5d7ae999-5f18-4966-97e8-a2b16b6c28be,LN-1526,8563a7bf-7695-4c46-ac9d-1770aed0f7c1,89d1c7f8-46de-419f-b2ec-dc69213d45ca,102.81,12.50,24,4.86,13.92,116.73,1.03,travel,A,paid_off,2024-02-12,2026-02-12,2024-02-12,2026-05-30 13:40:16.990875+00,2026-05-30 13:40:16.990875+00,,,0.00,0,
5da72652-695e-42e6-a95b-277d90a8e06d,LN-1248,42676421-af40-478c-890b-e4c56b264c11,89d1c7f8-46de-419f-b2ec-dc69213d45ca,359.97,12.50,24,17.03,48.73,408.70,3.60,emergency,B,active,2025-04-30,2027-04-30,2025-04-30,2026-05-30 13:40:16.880606+00,2026-05-30 13:40:16.880606+00,,,0.00,0,
5dcbed56-8b52-4987-8285-652c750993b9,LN-0171,bb23fe3a-d8ec-4cd9-b62e-8efad9a90a79,41340b75-3fa9-4cbd-bee5-5d10bb757dbb,664.99,12.50,24,31.46,90.02,755.01,6.65,auto,D,active,2026-04-30,2028-04-30,2026-04-30,2026-05-30 13:40:16.593247+00,2026-05-30 13:40:16.593247+00,,,0.00,0,
5dcee6a4-aed6-4ff2-987b-87f0de800d70,LN-1514,fb685cc0-af84-4137-9fe8-1a7236199838,89d1c7f8-46de-419f-b2ec-dc69213d45ca,939.67,12.50,24,44.45,127.21,1066.88,9.40,medical,A,paid_off,2024-02-13,2026-02-13,2024-02-13,2026-05-30 13:40:16.990875+00,2026-05-30 13:40:16.990875+00,,,0.00,0,
5dd311b2-7e30-462c-a53b-36e30ce878ec,LN-0955,0bba0959-98a2-4386-b330-6a3fc6d6f000,0c6925f4-7d92-41a9-b358-1d126fb41279,403.52,12.50,24,19.09,54.63,458.15,4.04,medical,C,active,2025-11-30,2027-11-30,2025-11-30,2026-05-30 13:40:16.751319+00,2026-05-30 13:40:16.751319+00,,,0.00,2,2026-06-30
5e3e882d-e51a-4f80-bcb2-9ca8235fcc73,LN-1208,1fdc9006-9546-48d8-9af2-616ca83324bd,0c6925f4-7d92-41a9-b358-1d126fb41279,859.03,12.50,24,40.64,116.28,975.31,8.59,event,A,active,2025-10-30,2027-10-30,2025-10-30,2026-05-30 13:40:16.880606+00,2026-05-30 13:40:16.880606+00,,,0.00,1,2026-06-30
5e4004ec-6730-406e-89e5-04ec7396c30c,LN-0808,5a81ed46-d265-4f7f-b447-f16c4912d0dc,89d1c7f8-46de-419f-b2ec-dc69213d45ca,1043.76,12.50,24,49.38,141.28,1185.04,10.44,homeImprovement,D,active,2025-05-30,2027-05-30,2025-05-30,2026-05-30 13:40:16.751319+00,2026-05-30 13:40:16.751319+00,,,0.00,0,
5e5a26f6-2d6a-4815-9394-a5bc2d29534e,LN-1895,6bcca9af-426e-480b-bc5f-3b3b8437a8f3,89d1c7f8-46de-419f-b2ec-dc69213d45ca,390.52,12.50,24,18.47,52.87,443.39,3.91,auto,A,paid_off,2024-10-12,2026-10-12,2024-10-12,2026-05-30 13:40:16.990875+00,2026-05-30 13:40:16.990875+00,,,0.00,0,
5e91e0a2-e2df-40d7-b5d0-ebda6d920183,LN-0716,8845999d-13cf-44e8-96bd-a6b81f4d6de4,89d1c7f8-46de-419f-b2ec-dc69213d45ca,387.76,12.50,24,18.34,52.51,440.27,3.88,auto,A,defaulted,2025-03-02,2027-03-02,2025-03-02,2026-05-30 13:40:16.751319+00,2026-05-30 13:40:16.751319+00,2025-11-30,written_off,269.09,4,
5ea4f823-fd39-4ee0-b9d0-e68662e812c5,LN-0214,0bc9d98b-817c-4c36-9028-3eb1fc47ac2c,0c6925f4-7d92-41a9-b358-1d126fb41279,426.50,12.50,24,20.18,57.73,484.23,4.26,travel,C,active,2026-03-02,2028-03-02,2026-03-02,2026-05-30 13:40:16.593247+00,2026-05-30 13:40:16.593247+00,,,0.00,0,
5eaef661-bbc5-43ea-ad57-b2a0a9d588c1,LN-0232,4e05a5a3-7078-4c60-931b-dbeaee07b3bd,89d1c7f8-46de-419f-b2ec-dc69213d45ca,589.01,12.50,24,27.86,79.74,668.75,5.89,medical,A,active,2025-12-30,2027-12-30,2025-12-30,2026-05-30 13:40:16.593247+00,2026-05-30 13:40:16.593247+00,,,0.00,0,
5ee6de21-0fe0-45dc-b661-199864f5eb28,LN-0791,81fa4047-66b1-4744-8e1a-62d182bee2df,0c6925f4-7d92-41a9-b358-1d126fb41279,482.12,12.50,24,22.81,65.25,547.37,4.82,emergency,B,active,2026-03-02,2028-03-02,2026-03-02,2026-05-30 13:40:16.751319+00,2026-05-30 13:40:16.751319+00,,,0.00,1,2026-06-30
5eee741e-4002-41c3-8a0c-47b05a37fabc,LN-0558,93330154-f9e3-48dd-aff6-98c49bf7befe,89d1c7f8-46de-419f-b2ec-dc69213d45ca,381.11,12.50,24,18.03,51.58,432.69,3.81,auto,A,active,2026-03-02,2028-03-02,2026-03-02,2026-05-30 13:40:16.751319+00,2026-05-30 13:40:16.751319+00,,,0.00,0,
5f16e56c-9a9d-4570-a096-41b17216f938,LN-1412,ef7360f2-4621-45fa-8794-ef23909859e9,0c6925f4-7d92-41a9-b358-1d126fb41279,136.21,12.50,24,6.44,18.43,154.64,1.36,emergency,A,paid_off,2024-04-19,2026-04-19,2024-04-19,2026-05-30 13:40:16.880606+00,2026-05-30 13:40:16.880606+00,,,0.00,0,
5f1cf070-4560-4623-9338-4555c097fda6,LN-0836,dffc4e79-6f8c-4efd-b7c5-546e76353758,0c6925f4-7d92-41a9-b358-1d126fb41279,1114.05,12.50,24,52.70,150.81,1264.86,11.14,consolidation,B,active,2026-03-30,2028-03-30,2026-03-30,2026-05-30 13:40:16.751319+00,2026-05-30 13:40:16.751319+00,,,0.00,0,
5f2284c7-7cfa-412c-8f63-c0aeed29c496,LN-0829,285b773b-e308-478b-a852-49564f4e0050,0c6925f4-7d92-41a9-b358-1d126fb41279,996.70,12.50,24,47.15,134.92,1131.62,9.97,medical,C,active,2025-04-30,2027-04-30,2025-04-30,2026-05-30 13:40:16.751319+00,2026-05-30 13:40:16.751319+00,,,0.00,0,
5f3594f5-7643-4b3a-bee0-eb0b5816e7ac,LN-0605,49ff1a5c-82ba-468f-bbcb-b2af349a6d6c,89d1c7f8-46de-419f-b2ec-dc69213d45ca,745.42,12.50,24,35.26,100.92,846.34,7.45,homeImprovement,A,active,2025-09-30,2027-09-30,2025-09-30,2026-05-30 13:40:16.751319+00,2026-05-30 13:40:16.751319+00,,,0.00,0,
5f3ce8f9-0e1a-4140-9c1a-ab7f61a01bc9,LN-0754,2fbc0cce-2030-4d24-bc2d-0f4823c82fa1,0c6925f4-7d92-41a9-b358-1d126fb41279,299.20,12.50,24,14.15,40.53,339.73,2.99,auto,A,active,2025-11-30,2027-11-30,2025-11-30,2026-05-30 13:40:16.751319+00,2026-05-30 13:40:16.751319+00,,,0.00,1,2026-06-30
5f963eb1-dc85-466d-918f-c1bda931efc4,LN-0578,01a6d250-a9b0-415a-a410-b62c0ff60f4f,89d1c7f8-46de-419f-b2ec-dc69213d45ca,814.92,12.50,24,38.55,110.35,925.27,8.15,auto,A,active,2025-07-30,2027-07-30,2025-07-30,2026-05-30 13:40:16.751319+00,2026-05-30 13:40:16.751319+00,,,0.00,0,
5fb409c2-c49e-4cee-866d-248194c72e53,LN-0956,cd80828e-2ad9-4008-938a-8a0dd04d50a9,89d1c7f8-46de-419f-b2ec-dc69213d45ca,261.38,12.50,24,12.37,35.36,296.74,2.61,auto,A,active,2025-10-30,2027-10-30,2025-10-30,2026-05-30 13:40:16.751319+00,2026-05-30 13:40:16.751319+00,,,0.00,0,
5fdad773-0410-451a-b2b1-381dcf1196ea,LN-0701,122b220f-0d2d-4712-8730-fa2335ce7f82,41340b75-3fa9-4cbd-bee5-5d10bb757dbb,655.32,12.50,24,31.00,88.74,744.06,6.55,event,C,active,2026-03-02,2028-03-02,2026-03-02,2026-05-30 13:40:16.751319+00,2026-05-30 13:40:16.751319+00,,,0.00,0,
5fdbeb67-ff80-4b9b-91f1-b81bda7d5aa2,LN-0502,065c135e-5a9c-4fd6-b7fa-d134c54754e9,866a2b0d-da4d-403f-9343-390a810648e5,753.73,12.50,24,35.66,102.01,855.74,7.54,auto,B,active,2025-03-30,2027-03-30,2025-03-30,2026-05-30 13:40:16.751319+00,2026-05-30 13:40:16.751319+00,,,0.00,0,
5ff784cf-4174-48af-a4e2-2800ea299646,LN-0131,3e1b1060-74cd-4acc-a8d3-a91a9fef7500,89d1c7f8-46de-419f-b2ec-dc69213d45ca,556.35,12.50,24,26.32,75.33,631.68,5.56,emergency,C,active,2026-03-30,2028-03-30,2026-03-30,2026-05-30 13:40:16.593247+00,2026-05-30 13:40:16.593247+00,,,0.00,0,
600d11a0-5c49-45a4-948a-4d4df2da6b6a,LN-1630,8c9490ff-1201-4b83-a19c-3fb9bf67fa2f,89d1c7f8-46de-419f-b2ec-dc69213d45ca,465.45,12.50,24,22.02,63.01,528.46,4.65,equipment,B,paid_off,2024-09-14,2026-09-14,2024-09-14,2026-05-30 13:40:16.990875+00,2026-05-30 13:40:16.990875+00,,,0.00,0,
60172115-6e05-4ece-abf9-a74910cfbfef,LN-1155,b70b73be-8fa5-473c-92e5-ecba3346ec0b,89d1c7f8-46de-419f-b2ec-dc69213d45ca,826.98,12.50,24,39.12,111.95,938.93,8.27,equipment,A,active,2025-01-30,2027-01-30,2025-01-30,2026-05-30 13:40:16.880606+00,2026-05-30 13:40:16.880606+00,,,0.00,3,2026-06-30
6032bb17-587d-469f-a612-23c9a5469301,LN-1129,59ce2e16-61fb-41ba-8116-4b181c9ad0b1,0c6925f4-7d92-41a9-b358-1d126fb41279,776.12,12.50,24,36.72,105.05,881.17,7.76,homeImprovement,B,active,2025-06-30,2027-06-30,2025-06-30,2026-05-30 13:40:16.880606+00,2026-05-30 13:40:16.880606+00,,,0.00,0,
605b5d69-e945-477a-9830-b684bf83999f,LN-0835,fac115a4-4844-4056-8742-acdb5bc2de19,89d1c7f8-46de-419f-b2ec-dc69213d45ca,320.05,12.50,24,15.14,43.31,363.36,3.20,travel,B,active,2025-10-30,2027-10-30,2025-10-30,2026-05-30 13:40:16.751319+00,2026-05-30 13:40:16.751319+00,,,0.00,0,
605fba1b-0ea0-4cd9-889e-5741b926a2ed,LN-0768,b24aa281-31ee-42bf-9214-1a55543dc031,89d1c7f8-46de-419f-b2ec-dc69213d45ca,1219.12,12.50,24,57.67,165.06,1384.18,12.19,homeImprovement,D,active,2025-07-30,2027-07-30,2025-07-30,2026-05-30 13:40:16.751319+00,2026-05-30 13:40:16.751319+00,,,0.00,0,
60784ea6-91fc-4c26-9534-759fe15969cd,LN-0722,b1de689f-1b18-4f45-98bc-06b4086a6e63,0c6925f4-7d92-41a9-b358-1d126fb41279,326.65,12.50,24,15.45,44.23,370.88,3.27,emergency,C,active,2026-01-30,2028-01-30,2026-01-30,2026-05-30 13:40:16.751319+00,2026-05-30 13:40:16.751319+00,,,0.00,1,2026-06-30
60954b86-35cb-494f-a18f-4c55275c81bd,LN-1276,e339fff5-9e7c-465e-88b0-438acbd1a56b,0c6925f4-7d92-41a9-b358-1d126fb41279,349.80,12.50,24,16.55,47.36,397.16,3.50,event,A,active,2025-08-30,2027-08-30,2025-08-30,2026-05-30 13:40:16.880606+00,2026-05-30 13:40:16.880606+00,,,0.00,1,2026-06-30
60b21152-ad47-4086-ba71-f9ca344f73f1,LN-0591,a120a58f-be90-4447-a6d0-bc821bb81dce,0c6925f4-7d92-41a9-b358-1d126fb41279,431.69,12.50,24,20.42,58.45,490.14,4.32,medical,C,active,2025-05-30,2027-05-30,2025-05-30,2026-05-30 13:40:16.751319+00,2026-05-30 13:40:16.751319+00,,,0.00,0,
60fb94a5-958e-48bc-a036-a7d3068e9f1b,LN-0846,b69f0372-b53c-4d6e-ae4b-d7a654cf57da,89d1c7f8-46de-419f-b2ec-dc69213d45ca,415.94,12.50,24,19.68,56.31,472.25,4.16,travel,A,active,2025-10-30,2027-10-30,2025-10-30,2026-05-30 13:40:16.751319+00,2026-05-30 13:40:16.751319+00,,,0.00,0,
6118e833-337a-460d-ba1e-627202eb4b8d,LN-1472,df87bc25-1a70-4cbf-a337-e464a84b35e6,0c6925f4-7d92-41a9-b358-1d126fb41279,279.89,12.50,24,13.24,37.92,317.81,2.80,event,C,paid_off,2024-02-05,2026-02-05,2024-02-05,2026-05-30 13:40:16.880606+00,2026-05-30 13:40:16.880606+00,,,0.00,0,
611dfe9e-e7d4-4c63-8f20-42f870370050,LN-0064,3286342d-5db2-4d97-9c81-c695c71a1c9e,0c6925f4-7d92-41a9-b358-1d126fb41279,434.47,12.50,24,20.55,58.83,493.30,4.34,emergency,B,active,2025-05-30,2027-05-30,2025-05-30,2026-05-30 13:40:16.593247+00,2026-05-30 13:40:16.593247+00,,,0.00,0,
61495046-a429-452f-b8a1-a0b944081ca7,LN-1763,6f23ea35-c0cb-4005-a49e-2a8d9b4a720c,89d1c7f8-46de-419f-b2ec-dc69213d45ca,593.42,12.50,24,28.07,80.32,673.74,5.93,travel,B,paid_off,2024-04-11,2026-04-11,2024-04-11,2026-05-30 13:40:16.990875+00,2026-05-30 13:40:16.990875+00,,,0.00,0,
61807d6c-8194-42f4-94fe-4273dbdf6070,LN-1574,98533bcb-fd00-4240-91dd-44a23790230d,0c6925f4-7d92-41a9-b358-1d126fb41279,348.24,12.50,24,16.47,47.15,395.39,3.48,homeImprovement,A,paid_off,2024-12-07,2026-12-07,2024-12-07,2026-05-30 13:40:16.990875+00,2026-05-30 13:40:16.990875+00,,,0.00,0,
61a18088-1a57-4801-b323-06b6879e6811,LN-1270,65c3b334-dcf7-49f4-a8e1-b64520b382ef,89d1c7f8-46de-419f-b2ec-dc69213d45ca,268.21,12.50,24,12.69,36.31,304.52,2.68,travel,B,active,2025-07-30,2027-07-30,2025-07-30,2026-05-30 13:40:16.880606+00,2026-05-30 13:40:16.880606+00,,,0.00,0,
61d642bc-8390-4bc0-9e18-a878bf1ba60b,LN-1394,5fb2a980-34d4-43c5-901a-e75a28f63386,0c6925f4-7d92-41a9-b358-1d126fb41279,309.05,12.50,24,14.62,41.82,350.87,3.09,event,B,paid_off,2024-11-23,2026-11-23,2024-11-23,2026-05-30 13:40:16.880606+00,2026-05-30 13:40:16.880606+00,,,0.00,0,
61ddb938-48ae-482f-ace4-faf15deb7994,LN-1267,24e09d1e-b224-4a9f-98fc-02e8806c6545,89d1c7f8-46de-419f-b2ec-dc69213d45ca,666.97,12.50,24,31.55,90.31,757.28,6.67,emergency,A,active,2025-09-30,2027-09-30,2025-09-30,2026-05-30 13:40:16.880606+00,2026-05-30 13:40:16.880606+00,,,0.00,0,
621287d3-c7d8-4ff0-9cad-11b00cb09992,LN-1245,a401eedd-4eea-4d92-b13c-98d2b44fccda,0c6925f4-7d92-41a9-b358-1d126fb41279,1656.67,12.50,24,78.37,224.29,1880.96,16.57,auto,B,defaulted,2025-03-30,2027-03-30,2025-03-30,2026-05-30 13:40:16.880606+00,2026-05-30 13:40:16.880606+00,2026-01-30,written_off,1215.29,4,
62182d56-0949-4a82-b63f-f31cadd9e5dd,LN-1115,f237ebbe-9409-4401-81cb-8590b5225277,0c6925f4-7d92-41a9-b358-1d126fb41279,334.04,12.50,24,15.80,45.21,379.25,3.34,homeImprovement,C,active,2025-03-30,2027-03-30,2025-03-30,2026-05-30 13:40:16.880606+00,2026-05-30 13:40:16.880606+00,,,0.00,0,
622ceea6-332e-4cef-91df-41e374ee86cd,LN-1471,bfabe1f1-828c-49c6-8572-b66cec0c5c2a,89d1c7f8-46de-419f-b2ec-dc69213d45ca,534.31,12.50,24,25.28,72.33,606.64,5.34,homeImprovement,B,paid_off,2024-07-24,2026-07-24,2024-07-24,2026-05-30 13:40:16.880606+00,2026-05-30 13:40:16.880606+00,,,0.00,0,
624e82ec-5e22-40b3-9a1d-8eafced0c166,LN-0822,8a1dc486-6990-44a2-972d-e66373901b28,89d1c7f8-46de-419f-b2ec-dc69213d45ca,468.63,12.50,24,22.17,63.42,532.05,4.69,event,B,active,2025-05-30,2027-05-30,2025-05-30,2026-05-30 13:40:16.751319+00,2026-05-30 13:40:16.751319+00,,,0.00,0,
62aa3e93-8f15-434a-a721-be7f8156115e,LN-0655,bee5ec0a-67d1-48fc-833d-7fe9aa88aed8,866a2b0d-da4d-403f-9343-390a810648e5,771.72,12.50,24,36.51,104.45,876.17,7.72,medical,A,active,2026-01-30,2028-01-30,2026-01-30,2026-05-30 13:40:16.751319+00,2026-05-30 13:40:16.751319+00,,,0.00,1,2026-06-30
62f143cd-e1e1-48d9-bd08-ab990e6026c5,LN-1323,b32dc242-9014-4b88-995e-a7730b3fc81b,866a2b0d-da4d-403f-9343-390a810648e5,721.74,12.50,24,34.14,97.72,819.46,7.22,homeImprovement,D,active,2025-05-30,2027-05-30,2025-05-30,2026-05-30 13:40:16.880606+00,2026-05-30 13:40:16.880606+00,,,0.00,2,2026-06-30
63153b12-df44-40fe-9ad5-12764bf94809,LN-0051,7578807d-67ad-4cee-ba1e-28904ac523b4,0c6925f4-7d92-41a9-b358-1d126fb41279,179.58,12.50,24,8.50,24.30,203.88,1.80,travel,A,active,2026-03-02,2028-03-02,2026-03-02,2026-05-30 13:40:16.593247+00,2026-05-30 13:40:16.593247+00,,,0.00,0,
631a29eb-bdc7-46f3-84b4-d801c6846b21,LN-0732,8f2f082e-8b1f-4cdb-adf0-8ab7f0f03958,866a2b0d-da4d-403f-9343-390a810648e5,983.89,12.50,24,46.55,133.17,1117.06,9.84,consolidation,D,active,2025-08-30,2027-08-30,2025-08-30,2026-05-30 13:40:16.751319+00,2026-05-30 13:40:16.751319+00,,,0.00,0,
636829eb-b0d6-4030-8b06-5c784de3035a,LN-1186,093edc4d-bade-45fa-8593-9b93fdfd7c34,89d1c7f8-46de-419f-b2ec-dc69213d45ca,196.62,12.50,24,9.30,26.63,223.25,1.97,consolidation,A,active,2025-08-30,2027-08-30,2025-08-30,2026-05-30 13:40:16.880606+00,2026-05-30 13:40:16.880606+00,,,0.00,0,
641c194e-4b30-45fb-86ba-0fd972891174,LN-0254,f47e8512-45a7-4d2b-8b75-f9148d0ebe0f,0c6925f4-7d92-41a9-b358-1d126fb41279,77.12,12.50,24,3.65,10.40,87.52,0.77,consolidation,A,active,2025-06-30,2027-06-30,2025-06-30,2026-05-30 13:40:16.593247+00,2026-05-30 13:40:16.593247+00,,,0.00,1,2026-06-30
64236fbb-0d0b-477c-9d1f-a473529e6d57,LN-1978,a421db8d-a032-4c3a-8738-4b3e463477ea,89d1c7f8-46de-419f-b2ec-dc69213d45ca,82.61,12.50,24,3.91,11.18,93.79,0.83,medical,B,paid_off,2024-06-24,2026-06-24,2024-06-24,2026-05-30 13:40:16.990875+00,2026-05-30 13:40:16.990875+00,,,0.00,0,
643423e3-e346-4c5b-875a-bd14c9854183,LN-1265,0902ef1d-a4c9-4566-a2da-4b0f8d087ac7,0c6925f4-7d92-41a9-b358-1d126fb41279,115.36,12.50,24,5.46,15.64,131.00,1.15,homeImprovement,D,active,2025-12-30,2027-12-30,2025-12-30,2026-05-30 13:40:16.880606+00,2026-05-30 13:40:16.880606+00,,,0.00,0,
64494a30-f1a4-47c0-8f5d-437baa4f97bc,LN-1590,4749f3de-97e7-4700-a07c-01909f61c0de,41340b75-3fa9-4cbd-bee5-5d10bb757dbb,670.92,12.50,24,31.74,90.83,761.75,6.71,equipment,C,paid_off,2024-05-27,2026-05-27,2024-05-27,2026-05-30 13:40:16.990875+00,2026-05-30 13:40:16.990875+00,,,0.00,0,
64603e5f-d80c-4e31-97e7-8ef27efdbfcc,LN-1063,0ae66bc2-3ab2-43e6-80ee-ea7607419c52,0c6925f4-7d92-41a9-b358-1d126fb41279,850.99,12.50,24,40.26,115.19,966.18,8.51,emergency,C,active,2025-05-30,2027-05-30,2025-05-30,2026-05-30 13:40:16.880606+00,2026-05-30 13:40:16.880606+00,,,0.00,0,
646a1053-cc75-4bf9-8baa-f5820a10b231,LN-0977,29930311-0377-4206-9ac7-129175b1a959,0c6925f4-7d92-41a9-b358-1d126fb41279,101.46,12.50,24,4.80,13.77,115.23,1.01,equipment,B,active,2025-01-30,2027-01-30,2025-01-30,2026-05-30 13:40:16.751319+00,2026-05-30 13:40:16.751319+00,,,0.00,1,2026-06-30
646b6a6d-5130-4552-88b8-36bce871ad15,LN-1505,f14d9b00-79c2-4842-bdec-505115b8c760,89d1c7f8-46de-419f-b2ec-dc69213d45ca,308.30,12.50,24,14.58,41.75,350.05,3.08,travel,B,paid_off,2024-06-05,2026-06-05,2024-06-05,2026-05-30 13:40:16.990875+00,2026-05-30 13:40:16.990875+00,,,0.00,0,
648a9fac-cf50-4d10-8979-e44b1e40a121,LN-0748,ef68e32e-fe2c-421c-bde8-1e8954e8ce20,0c6925f4-7d92-41a9-b358-1d126fb41279,242.57,12.50,24,11.48,32.81,275.38,2.43,event,B,active,2025-04-30,2027-04-30,2025-04-30,2026-05-30 13:40:16.751319+00,2026-05-30 13:40:16.751319+00,,,0.00,0,
64bca67b-1977-4ca4-987c-d7aede3848fd,LN-0971,67d1071a-75d3-4a9e-8666-fd77ea185969,0c6925f4-7d92-41a9-b358-1d126fb41279,888.48,12.50,24,42.03,120.26,1008.74,8.88,equipment,B,active,2026-04-30,2028-04-30,2026-04-30,2026-05-30 13:40:16.751319+00,2026-05-30 13:40:16.751319+00,,,0.00,0,
653282cc-4f39-48c0-9cd4-d8d3f4afe733,LN-0334,a75f3c1b-eae2-416c-a474-163b3979eab5,89d1c7f8-46de-419f-b2ec-dc69213d45ca,260.30,12.50,24,12.31,35.24,295.54,2.60,auto,B,active,2026-03-30,2028-03-30,2026-03-30,2026-05-30 13:40:16.593247+00,2026-05-30 13:40:16.593247+00,,,0.00,0,
65487912-8424-4bb0-9fe4-8957c844ffd0,LN-1427,aeae92b9-9ba3-49c3-bc63-135dcea3e2b0,89d1c7f8-46de-419f-b2ec-dc69213d45ca,752.14,12.50,24,35.58,101.83,853.97,7.52,equipment,A,paid_off,2024-05-20,2026-05-20,2024-05-20,2026-05-30 13:40:16.880606+00,2026-05-30 13:40:16.880606+00,,,0.00,0,
655fbe43-20a5-4094-b33b-58db2e342bcc,LN-1438,fafd742d-209d-4bc3-a39d-cc06c4c4e82e,89d1c7f8-46de-419f-b2ec-dc69213d45ca,300.66,12.50,24,14.22,40.71,341.37,3.01,equipment,D,paid_off,2024-01-04,2026-01-04,2024-01-04,2026-05-30 13:40:16.880606+00,2026-05-30 13:40:16.880606+00,,,0.00,0,
65655d23-74ab-4971-ac1a-7bdd2bb6d9a9,LN-1164,c233bdbe-a97b-4c48-a90a-09fce905032b,89d1c7f8-46de-419f-b2ec-dc69213d45ca,380.16,12.50,24,17.98,51.49,431.65,3.80,event,B,active,2026-01-30,2028-01-30,2026-01-30,2026-05-30 13:40:16.880606+00,2026-05-30 13:40:16.880606+00,,,0.00,0,
65893fe2-959d-4a11-a1a1-5471799815ba,LN-1906,bbb78e99-047f-4bfe-8dd6-67102895f33c,89d1c7f8-46de-419f-b2ec-dc69213d45ca,145.39,12.50,24,6.88,19.68,165.07,1.45,consolidation,A,paid_off,2024-04-06,2026-04-06,2024-04-06,2026-05-30 13:40:16.990875+00,2026-05-30 13:40:16.990875+00,,,0.00,0,
65995f75-52dc-44e8-a104-3648e3ab3835,LN-0087,8e2b6b08-a907-412b-b48b-a45d3cd1ac22,0c6925f4-7d92-41a9-b358-1d126fb41279,80.21,12.50,24,3.79,10.87,91.08,0.80,medical,C,active,2026-01-30,2028-01-30,2026-01-30,2026-05-30 13:40:16.593247+00,2026-05-30 13:40:16.593247+00,,,0.00,1,2026-06-30
65aa1ad2-a6b7-4c87-9c64-c9cd0683a70a,LN-1059,bdfff640-49d1-45fc-860e-d1075a9938e5,0c6925f4-7d92-41a9-b358-1d126fb41279,1200.47,12.50,24,56.79,162.53,1363.00,12.00,consolidation,B,active,2026-03-02,2028-03-02,2026-03-02,2026-05-30 13:40:16.880606+00,2026-05-30 13:40:16.880606+00,,,0.00,0,
65d79182-22f3-477e-9471-70ad893a04ae,LN-0689,93a10654-925b-4fbb-b5c3-4304d42f3400,41340b75-3fa9-4cbd-bee5-5d10bb757dbb,930.06,12.50,24,44.00,125.90,1055.96,9.30,travel,A,active,2025-03-30,2027-03-30,2025-03-30,2026-05-30 13:40:16.751319+00,2026-05-30 13:40:16.751319+00,,,0.00,0,
66132b53-e62a-4c39-ad87-8c172ef6592f,LN-0949,fdb3dbba-eb8e-4c3b-ba23-580a0b7a0d0a,0c6925f4-7d92-41a9-b358-1d126fb41279,225.95,12.50,24,10.69,30.58,256.53,2.26,auto,A,active,2025-03-30,2027-03-30,2025-03-30,2026-05-30 13:40:16.751319+00,2026-05-30 13:40:16.751319+00,,,0.00,1,2026-06-30
664f3533-da40-45c4-9686-4b9fcaaefc32,LN-0238,8e0c1193-a748-4c49-8439-1db5a68efbd4,0c6925f4-7d92-41a9-b358-1d126fb41279,421.96,12.50,24,19.96,57.14,479.10,4.22,equipment,A,active,2025-08-30,2027-08-30,2025-08-30,2026-05-30 13:40:16.593247+00,2026-05-30 13:40:16.593247+00,,,0.00,0,
6688437f-6ce7-4d5c-89a0-3719a0ee6979,LN-1262,939956bb-8d6e-4e7a-bff6-8d4384e19764,0c6925f4-7d92-41a9-b358-1d126fb41279,451.73,12.50,24,21.37,61.17,512.90,4.52,equipment,A,active,2025-06-30,2027-06-30,2025-06-30,2026-05-30 13:40:16.880606+00,2026-05-30 13:40:16.880606+00,,,0.00,0,
66a16495-73b9-4b5d-b196-1bce9610b680,LN-1608,22325e31-5241-4c3f-bb17-0603d3e679c1,89d1c7f8-46de-419f-b2ec-dc69213d45ca,122.11,12.50,24,5.78,16.52,138.63,1.22,equipment,B,paid_off,2024-04-12,2026-04-12,2024-04-12,2026-05-30 13:40:16.990875+00,2026-05-30 13:40:16.990875+00,,,0.00,0,
66aa7c63-cb26-4422-8681-ed5934f7b47d,LN-1309,c2b01c1f-eb4b-4ca6-8b2b-bd62f79da172,866a2b0d-da4d-403f-9343-390a810648e5,831.93,12.50,24,39.36,112.61,944.54,8.32,auto,A,active,2025-04-30,2027-04-30,2025-04-30,2026-05-30 13:40:16.880606+00,2026-05-30 13:40:16.880606+00,,,0.00,0,
670c6e9a-33b9-42d6-8ce9-e77d09549755,LN-1344,c1d70535-aad2-4047-9959-b0ea4fe3557f,89d1c7f8-46de-419f-b2ec-dc69213d45ca,1057.36,12.50,24,50.02,143.14,1200.50,10.57,consolidation,D,active,2026-03-30,2028-03-30,2026-03-30,2026-05-30 13:40:16.880606+00,2026-05-30 13:40:16.880606+00,,,0.00,0,
6710ff94-9241-4757-8ded-760e547a06b4,LN-0339,408c224d-39db-4386-b584-6b4ac6327e1d,89d1c7f8-46de-419f-b2ec-dc69213d45ca,813.41,12.50,24,38.48,110.13,923.54,8.13,event,B,active,2026-03-02,2028-03-02,2026-03-02,2026-05-30 13:40:16.593247+00,2026-05-30 13:40:16.593247+00,,,0.00,0,
671f6976-134f-4c75-908b-1bacb7067bcd,LN-0811,790251bf-74e6-4787-b69c-7c319d4b53c5,89d1c7f8-46de-419f-b2ec-dc69213d45ca,601.08,12.50,24,28.44,81.32,682.40,6.01,equipment,B,active,2025-06-30,2027-06-30,2025-06-30,2026-05-30 13:40:16.751319+00,2026-05-30 13:40:16.751319+00,,,0.00,0,
6763d18e-61ea-4d23-8487-ae2e61c86628,LN-0524,dd9cfed7-0ef9-445b-9c31-c12fe1bf2869,89d1c7f8-46de-419f-b2ec-dc69213d45ca,258.20,12.50,24,12.21,34.99,293.19,2.58,auto,A,active,2025-03-02,2027-03-02,2025-03-02,2026-05-30 13:40:16.751319+00,2026-05-30 13:40:16.751319+00,,,0.00,1,2026-06-30
67749afd-0d42-4abd-a9c3-8b58dc6bef4f,LN-0115,16013bbe-50ff-429e-9f4f-ff05dbac8bb8,0c6925f4-7d92-41a9-b358-1d126fb41279,437.55,12.50,24,20.70,59.23,496.78,4.38,consolidation,A,active,2026-01-30,2028-01-30,2026-01-30,2026-05-30 13:40:16.593247+00,2026-05-30 13:40:16.593247+00,,,0.00,0,
677caf33-64c0-41a2-ba9f-171ed9747bc4,LN-1581,b4cf8ed1-4ff2-43d1-8385-fd046611a4f3,0c6925f4-7d92-41a9-b358-1d126fb41279,169.22,12.50,24,8.01,22.88,192.10,1.69,travel,B,paid_off,2024-04-24,2026-04-24,2024-04-24,2026-05-30 13:40:16.990875+00,2026-05-30 13:40:16.990875+00,,,0.00,0,
6782b68d-6a41-442b-8001-aa1229690fb5,LN-1123,69780b71-abfd-4292-b261-c061274dd298,89d1c7f8-46de-419f-b2ec-dc69213d45ca,1236.74,12.50,24,58.51,167.40,1404.14,12.37,homeImprovement,A,active,2025-04-30,2027-04-30,2025-04-30,2026-05-30 13:40:16.880606+00,2026-05-30 13:40:16.880606+00,,,0.00,0,
67a09d01-0332-4edc-b59c-16519bfb3209,LN-1920,66fe3d8b-0e6e-483c-becb-ef3f48d3244a,866a2b0d-da4d-403f-9343-390a810648e5,786.74,12.50,24,37.22,106.49,893.23,7.87,medical,D,paid_off,2024-04-13,2026-04-13,2024-04-13,2026-05-30 13:40:16.990875+00,2026-05-30 13:40:16.990875+00,,,0.00,0,
67b009d1-ffc9-4b46-9aa4-4d9af2135f0a,LN-1061,a219a19a-8a53-40c5-9658-8cefb353e07f,89d1c7f8-46de-419f-b2ec-dc69213d45ca,316.05,12.50,24,14.95,42.78,358.83,3.16,emergency,B,active,2025-01-30,2027-01-30,2025-01-30,2026-05-30 13:40:16.880606+00,2026-05-30 13:40:16.880606+00,,,0.00,1,2026-06-30
67e123d4-364d-42c2-af69-e1c6242c9512,LN-0342,0d9cdedd-a19e-4f7d-88ba-a38f37bd3072,89d1c7f8-46de-419f-b2ec-dc69213d45ca,63.82,12.50,24,3.02,8.63,72.45,0.64,consolidation,C,active,2025-08-30,2027-08-30,2025-08-30,2026-05-30 13:40:16.593247+00,2026-05-30 13:40:16.593247+00,,,0.00,0,
67ff04bb-b8b7-4a94-8e0a-154dfa45762a,LN-1258,bb58fd62-eae7-4989-adff-f0c7903442de,0c6925f4-7d92-41a9-b358-1d126fb41279,114.97,12.50,24,5.44,15.57,130.54,1.15,medical,B,active,2025-05-30,2027-05-30,2025-05-30,2026-05-30 13:40:16.880606+00,2026-05-30 13:40:16.880606+00,,,0.00,0,
68003d4a-364e-4484-a203-8c61a3b01d4c,LN-1838,0731b11e-6001-4de1-aa10-5bc290f5ff3f,89d1c7f8-46de-419f-b2ec-dc69213d45ca,857.67,12.50,24,40.57,116.09,973.76,8.58,event,C,paid_off,2024-10-17,2026-10-17,2024-10-17,2026-05-30 13:40:16.990875+00,2026-05-30 13:40:16.990875+00,,,0.00,0,
6800b5de-4667-49ed-8695-6eaa7256e005,LN-1891,16a58f2a-629f-4b60-aab2-b73d68cb0ce8,0c6925f4-7d92-41a9-b358-1d126fb41279,122.67,12.50,24,5.80,16.64,139.31,1.23,emergency,C,paid_off,2024-06-06,2026-06-06,2024-06-06,2026-05-30 13:40:16.990875+00,2026-05-30 13:40:16.990875+00,,,0.00,0,
681459d4-a017-4790-803b-e0e82caf071d,LN-1317,afaf642a-3129-47dd-b7a6-029a89be8729,0c6925f4-7d92-41a9-b358-1d126fb41279,118.66,12.50,24,5.61,16.09,134.75,1.19,consolidation,A,active,2025-06-30,2027-06-30,2025-06-30,2026-05-30 13:40:16.880606+00,2026-05-30 13:40:16.880606+00,,,0.00,0,
684dd696-4125-4af4-9160-f295696b47c9,LN-1032,222a3dc1-2bcb-4afd-943a-55b580598fbb,89d1c7f8-46de-419f-b2ec-dc69213d45ca,677.19,12.50,24,32.04,91.67,768.86,6.77,medical,A,active,2026-04-30,2028-04-30,2026-04-30,2026-05-30 13:40:16.880606+00,2026-05-30 13:40:16.880606+00,,,0.00,0,
685daf82-45f9-4c4e-b4b8-95e9c12bd22e,LN-0223,cc43a49b-7628-4ec4-be75-9de8758e98f0,41340b75-3fa9-4cbd-bee5-5d10bb757dbb,2286.72,12.50,24,108.18,309.54,2596.26,22.87,equipment,B,active,2025-04-30,2027-04-30,2025-04-30,2026-05-30 13:40:16.593247+00,2026-05-30 13:40:16.593247+00,,,0.00,0,
686092e2-ab8a-462d-acaf-5d906405d46c,LN-0639,cbed50a3-5e0d-46db-9f5a-c26237543108,0c6925f4-7d92-41a9-b358-1d126fb41279,927.32,12.50,24,43.87,125.52,1052.84,9.27,auto,A,active,2025-09-30,2027-09-30,2025-09-30,2026-05-30 13:40:16.751319+00,2026-05-30 13:40:16.751319+00,,,0.00,1,2026-06-30
687f0963-95d0-4d3c-bd41-7b52a4375359,LN-0695,9309e6e0-b99a-4917-ad22-d403b7370e91,89d1c7f8-46de-419f-b2ec-dc69213d45ca,196.63,12.50,24,9.30,26.63,223.26,1.97,homeImprovement,A,active,2025-09-30,2027-09-30,2025-09-30,2026-05-30 13:40:16.751319+00,2026-05-30 13:40:16.751319+00,,,0.00,0,
68ac159a-1102-4775-aa33-398f94620586,LN-0628,baad0cb1-4a0e-4bab-ba6c-bbb323ce23d1,89d1c7f8-46de-419f-b2ec-dc69213d45ca,454.53,12.50,24,21.50,61.55,516.08,4.55,auto,C,active,2025-11-30,2027-11-30,2025-11-30,2026-05-30 13:40:16.751319+00,2026-05-30 13:40:16.751319+00,,,0.00,0,
68b00e44-01a5-4ee0-ad36-7e1335881e28,LN-1919,0edcd921-4fab-4b65-b950-850cc312c3a2,89d1c7f8-46de-419f-b2ec-dc69213d45ca,1258.58,12.50,24,59.54,170.38,1428.96,12.59,equipment,A,paid_off,2024-08-22,2026-08-22,2024-08-22,2026-05-30 13:40:16.990875+00,2026-05-30 13:40:16.990875+00,,,0.00,0,
6914661f-003c-4b94-9a1c-d4eeccb0577f,LN-0545,23b3c895-e6d0-4737-a8cb-e22c35568897,866a2b0d-da4d-403f-9343-390a810648e5,670.00,12.50,24,31.70,90.68,760.68,6.70,travel,A,active,2025-10-30,2027-10-30,2025-10-30,2026-05-30 13:40:16.751319+00,2026-05-30 13:40:16.751319+00,,,0.00,0,
695928dd-267f-4f85-9df6-94365e195d27,LN-0170,01c2defa-04b8-4f46-a7b6-b47b81247d01,89d1c7f8-46de-419f-b2ec-dc69213d45ca,260.36,12.50,24,12.32,35.24,295.60,2.60,travel,A,active,2025-06-30,2027-06-30,2025-06-30,2026-05-30 13:40:16.593247+00,2026-05-30 13:40:16.593247+00,,,0.00,0,
6966ab70-9225-4154-9ec3-116f9b4f3fe6,LN-1892,8cceb799-df70-46fc-9c56-3ed514932c0c,866a2b0d-da4d-403f-9343-390a810648e5,555.30,12.50,24,26.27,75.18,630.48,5.55,equipment,C,paid_off,2024-11-16,2026-11-16,2024-11-16,2026-05-30 13:40:16.990875+00,2026-05-30 13:40:16.990875+00,,,0.00,0,
697ee9e2-c58d-433a-9440-27f9cfb10de5,LN-1351,74f3ce5b-edb3-4c13-891c-ad6473918269,866a2b0d-da4d-403f-9343-390a810648e5,785.24,12.50,24,37.15,106.31,891.55,7.85,consolidation,A,active,2025-05-30,2027-05-30,2025-05-30,2026-05-30 13:40:16.880606+00,2026-05-30 13:40:16.880606+00,,,0.00,1,2026-06-30
69860ca5-a87b-4880-b57d-e64c3f0a94a2,LN-1401,3e67a3b5-33f6-4d8b-bde2-29d5537e9015,866a2b0d-da4d-403f-9343-390a810648e5,928.29,12.50,24,43.91,125.66,1053.95,9.28,consolidation,B,paid_off,2024-05-02,2026-05-02,2024-05-02,2026-05-30 13:40:16.880606+00,2026-05-30 13:40:16.880606+00,,,0.00,0,
698f3352-76e8-4793-a18c-d864e3dbb9dc,LN-0873,2b81ee2e-f914-4376-a401-7f7e890a8215,0c6925f4-7d92-41a9-b358-1d126fb41279,1853.66,12.50,24,87.69,250.94,2104.60,18.54,auto,A,defaulted,2025-07-30,2027-07-30,2025-07-30,2026-05-30 13:40:16.751319+00,2026-05-30 13:40:16.751319+00,2025-09-30,written_off,1646.38,4,
69d6a5b4-baf7-42f4-b245-1dff51da45e6,LN-0646,a8163ca4-4c4b-4074-921c-51105d6120af,0c6925f4-7d92-41a9-b358-1d126fb41279,450.40,12.50,24,21.31,61.00,511.40,4.50,medical,C,active,2026-03-30,2028-03-30,2026-03-30,2026-05-30 13:40:16.751319+00,2026-05-30 13:40:16.751319+00,,,0.00,0,
69fd919f-d898-48f0-90f1-29ab645eba23,LN-0032,2a69cb40-fc92-4c0b-8ed1-26b921d326a8,89d1c7f8-46de-419f-b2ec-dc69213d45ca,1122.72,12.50,24,53.11,152.01,1274.73,11.23,homeImprovement,A,active,2025-11-30,2027-11-30,2025-11-30,2026-05-30 13:40:16.593247+00,2026-05-30 13:40:16.593247+00,,,0.00,0,
6a21e71d-a8d2-4fb7-bbb4-a7ca812d88e3,LN-1673,c0c9e3f3-d4b1-404f-ab1a-cb3cfbc1e79c,0c6925f4-7d92-41a9-b358-1d126fb41279,297.10,12.50,24,14.06,40.20,337.30,2.97,equipment,A,paid_off,2024-12-18,2026-12-18,2024-12-18,2026-05-30 13:40:16.990875+00,2026-05-30 13:40:16.990875+00,,,0.00,0,
6a3f9e3e-83d1-4fca-9110-3029feec63f8,LN-0616,564bd015-5ab6-40f6-8f77-428b3053f26a,0c6925f4-7d92-41a9-b358-1d126fb41279,478.14,12.50,24,22.62,64.70,542.84,4.78,homeImprovement,C,active,2025-05-30,2027-05-30,2025-05-30,2026-05-30 13:40:16.751319+00,2026-05-30 13:40:16.751319+00,,,0.00,0,
6a501d82-b7d4-4cb8-8dd8-52595be2482c,LN-1490,1b84fb58-9672-4b31-9164-73b0ee86f891,89d1c7f8-46de-419f-b2ec-dc69213d45ca,156.39,12.50,24,7.40,21.17,177.56,1.56,consolidation,B,paid_off,2024-07-01,2026-07-01,2024-07-01,2026-05-30 13:40:16.880606+00,2026-05-30 13:40:16.880606+00,,,0.00,0,
6a5370d3-0ae8-4080-96a0-fde79b001ebd,LN-1338,25d9922b-5e90-4b8e-8191-5038005154ab,89d1c7f8-46de-419f-b2ec-dc69213d45ca,383.78,12.50,24,18.16,51.94,435.72,3.84,travel,A,active,2026-01-30,2028-01-30,2026-01-30,2026-05-30 13:40:16.880606+00,2026-05-30 13:40:16.880606+00,,,0.00,0,
6a791b9d-1885-42b9-9b40-15fc502849b6,LN-0801,c3a1942a-15e6-4c52-8a5a-4359bd35b327,0c6925f4-7d92-41a9-b358-1d126fb41279,435.83,12.50,24,20.62,58.98,494.81,4.36,equipment,B,active,2025-05-30,2027-05-30,2025-05-30,2026-05-30 13:40:16.751319+00,2026-05-30 13:40:16.751319+00,,,0.00,0,
6a800480-10b6-42bd-8a9b-0704e11416d1,LN-0842,ef558691-1a4b-482e-b563-b396d6cf1ef7,0c6925f4-7d92-41a9-b358-1d126fb41279,587.66,12.50,24,27.80,79.57,667.23,5.88,homeImprovement,A,active,2025-03-02,2027-03-02,2025-03-02,2026-05-30 13:40:16.751319+00,2026-05-30 13:40:16.751319+00,,,0.00,1,2026-06-30
6ac4dddf-a3a0-4b8c-96bf-38063b2bf2fb,LN-1043,20d57b86-f33b-4441-af91-89285b9312e7,866a2b0d-da4d-403f-9343-390a810648e5,801.17,12.50,24,37.90,108.47,909.64,8.01,event,B,active,2025-04-30,2027-04-30,2025-04-30,2026-05-30 13:40:16.880606+00,2026-05-30 13:40:16.880606+00,,,0.00,0,
6b0509ca-e9d5-45b2-9b4d-06aef2e1b55c,LN-1708,72394c39-de22-4c1e-9b77-012b072c87f5,0c6925f4-7d92-41a9-b358-1d126fb41279,318.00,12.50,24,15.04,43.07,361.07,3.18,consolidation,B,paid_off,2024-07-28,2026-07-28,2024-07-28,2026-05-30 13:40:16.990875+00,2026-05-30 13:40:16.990875+00,,,0.00,0,
6b104482-1cc0-470e-9732-d80fb7b20b38,LN-1171,318deddb-0748-4e29-80ff-34ba9c293968,0c6925f4-7d92-41a9-b358-1d126fb41279,200.91,12.50,24,9.50,27.23,228.14,2.01,homeImprovement,A,active,2026-03-30,2028-03-30,2026-03-30,2026-05-30 13:40:16.880606+00,2026-05-30 13:40:16.880606+00,,,0.00,0,
6b241fda-5164-405f-9735-e8f336befc73,LN-0274,24a16e6a-250d-4619-b66c-dec985b6d173,866a2b0d-da4d-403f-9343-390a810648e5,682.09,12.50,24,32.27,92.36,774.45,6.82,emergency,A,active,2026-03-02,2028-03-02,2026-03-02,2026-05-30 13:40:16.593247+00,2026-05-30 13:40:16.593247+00,,,0.00,1,2026-06-30
6b324a35-27aa-4d61-9feb-829b87b19d9f,LN-1220,f91910b4-6847-4dfc-864c-f293997b1bc9,89d1c7f8-46de-419f-b2ec-dc69213d45ca,641.35,12.50,24,30.34,86.81,728.16,6.41,emergency,A,active,2025-07-30,2027-07-30,2025-07-30,2026-05-30 13:40:16.880606+00,2026-05-30 13:40:16.880606+00,,,0.00,0,
6b331dfd-0aea-4a7c-b419-c8bcae69bb21,LN-1108,a6e7ae13-ce65-42cd-9d6f-a169937a0733,0c6925f4-7d92-41a9-b358-1d126fb41279,529.93,12.50,24,25.07,71.74,601.67,5.30,event,D,active,2026-01-30,2028-01-30,2026-01-30,2026-05-30 13:40:16.880606+00,2026-05-30 13:40:16.880606+00,,,0.00,0,
6b48fd1f-4eb6-4aa8-9c15-1087f68bd4c1,LN-0601,5e56ace8-8add-4a0a-9890-f4c16669016b,0c6925f4-7d92-41a9-b358-1d126fb41279,327.32,12.50,24,15.48,44.33,371.65,3.27,medical,B,active,2025-07-30,2027-07-30,2025-07-30,2026-05-30 13:40:16.751319+00,2026-05-30 13:40:16.751319+00,,,0.00,3,2026-06-30
6b75ac6d-0778-4391-b507-9feb8b3793b5,LN-1593,df87bc25-1a70-4cbf-a337-e464a84b35e6,89d1c7f8-46de-419f-b2ec-dc69213d45ca,274.50,12.50,24,12.99,37.16,311.66,2.75,equipment,C,paid_off,2024-02-20,2026-02-20,2024-02-20,2026-05-30 13:40:16.990875+00,2026-05-30 13:40:16.990875+00,,,0.00,0,
6b7889d7-21bb-4e61-99e2-478dabd5b482,LN-0283,4eced0a6-2acd-4c5c-ac1e-c64e5b67b446,89d1c7f8-46de-419f-b2ec-dc69213d45ca,823.78,12.50,24,38.97,111.49,935.27,8.24,travel,A,active,2025-10-30,2027-10-30,2025-10-30,2026-05-30 13:40:16.593247+00,2026-05-30 13:40:16.593247+00,,,0.00,1,2026-06-30
6b78e5e2-dbff-4e00-8cc6-886fd66b2f6a,LN-0844,3f59821c-098b-47ac-b9a7-acbcc9820c38,866a2b0d-da4d-403f-9343-390a810648e5,1012.27,12.50,24,47.89,137.03,1149.30,10.12,equipment,A,active,2025-11-30,2027-11-30,2025-11-30,2026-05-30 13:40:16.751319+00,2026-05-30 13:40:16.751319+00,,,0.00,0,
6ba84a36-245d-4f8d-846e-6079586c1156,LN-0817,d7364e70-5b1a-44ea-a89b-2fce18ebb123,89d1c7f8-46de-419f-b2ec-dc69213d45ca,767.62,12.50,24,36.31,103.94,871.56,7.68,travel,A,active,2025-08-30,2027-08-30,2025-08-30,2026-05-30 13:40:16.751319+00,2026-05-30 13:40:16.751319+00,,,0.00,0,
6bc54869-5836-4623-850a-b4a40cd41b88,LN-0893,9e0abe22-6727-4aef-8e39-68feba648f81,41340b75-3fa9-4cbd-bee5-5d10bb757dbb,768.95,12.50,24,36.38,104.08,873.03,7.69,travel,C,active,2025-04-30,2027-04-30,2025-04-30,2026-05-30 13:40:16.751319+00,2026-05-30 13:40:16.751319+00,,,0.00,0,
6bd0304f-72a2-4c6a-a960-5b279a22b2b2,LN-0130,51dc872e-c99a-49ce-8b08-5d369358f098,0c6925f4-7d92-41a9-b358-1d126fb41279,65.22,12.50,24,3.09,8.77,73.99,0.65,travel,C,active,2025-03-30,2027-03-30,2025-03-30,2026-05-30 13:40:16.593247+00,2026-05-30 13:40:16.593247+00,,,0.00,0,
6bd2d816-e591-4741-bd4a-80626aab487f,LN-1783,7f58c5d8-13c9-4afd-b049-4891781473fd,0c6925f4-7d92-41a9-b358-1d126fb41279,386.77,12.50,24,18.30,52.35,439.12,3.87,homeImprovement,A,paid_off,2024-04-20,2026-04-20,2024-04-20,2026-05-30 13:40:16.990875+00,2026-05-30 13:40:16.990875+00,,,0.00,0,
6be9c945-a851-4f04-92b7-c2985ed95bca,LN-1004,fde547d9-a88a-43a5-9c33-d8f7f883fcd1,89d1c7f8-46de-419f-b2ec-dc69213d45ca,439.81,12.50,24,20.81,59.50,499.31,4.40,medical,A,active,2025-09-30,2027-09-30,2025-09-30,2026-05-30 13:40:16.880606+00,2026-05-30 13:40:16.880606+00,,,0.00,0,
6c17d8d1-6144-4914-a4ec-98040ae405dc,LN-0230,317e9353-508b-4326-8d46-165645d10c0b,0c6925f4-7d92-41a9-b358-1d126fb41279,658.25,12.50,24,31.14,89.11,747.36,6.58,consolidation,C,active,2026-01-30,2028-01-30,2026-01-30,2026-05-30 13:40:16.593247+00,2026-05-30 13:40:16.593247+00,,,0.00,0,
6c21369f-6035-4efd-9dd1-74fb60d4f918,LN-1496,c635391c-b93a-48c3-8918-2a807402a9e1,89d1c7f8-46de-419f-b2ec-dc69213d45ca,267.61,12.50,24,12.66,36.22,303.83,2.68,event,A,paid_off,2024-01-24,2026-01-24,2024-01-24,2026-05-30 13:40:16.880606+00,2026-05-30 13:40:16.880606+00,,,0.00,0,
6c21f2ab-1e4b-4dd0-b865-8525080f409d,LN-1135,2a7766fb-2d21-42a3-98ff-f8a4271beb22,41340b75-3fa9-4cbd-bee5-5d10bb757dbb,941.80,12.50,24,44.55,127.52,1069.32,9.42,event,C,active,2025-09-30,2027-09-30,2025-09-30,2026-05-30 13:40:16.880606+00,2026-05-30 13:40:16.880606+00,,,0.00,0,
6c28b251-cd5b-40fa-890e-703e2ef1ba78,LN-0018,8457e222-be6e-4ef9-b8d3-854940f55db2,0c6925f4-7d92-41a9-b358-1d126fb41279,640.53,12.50,24,30.30,86.71,727.24,6.41,consolidation,C,active,2025-11-30,2027-11-30,2025-11-30,2026-05-30 13:40:16.593247+00,2026-05-30 13:40:16.593247+00,,,0.00,0,
6c6259c8-4b58-4435-91bd-55d5422c53c8,LN-0508,d3e68ba5-6afa-4e3b-b99c-981ce8a11e25,89d1c7f8-46de-419f-b2ec-dc69213d45ca,207.70,12.50,24,9.83,28.11,235.81,2.08,travel,B,active,2026-04-30,2028-04-30,2026-04-30,2026-05-30 13:40:16.751319+00,2026-05-30 13:40:16.751319+00,,,0.00,0,
6cbaaaa9-1025-41af-a820-6e3250879437,LN-1264,9e039d06-8eb4-47df-ae91-8147ab675f43,89d1c7f8-46de-419f-b2ec-dc69213d45ca,901.26,12.50,24,42.64,122.00,1023.26,9.01,emergency,B,active,2025-10-30,2027-10-30,2025-10-30,2026-05-30 13:40:16.880606+00,2026-05-30 13:40:16.880606+00,,,0.00,0,
6cbab62f-1507-4b8d-a588-9a4d37b5ab02,LN-1415,57603a29-c80b-4a33-8c72-2847a51cb1d8,89d1c7f8-46de-419f-b2ec-dc69213d45ca,739.71,12.50,24,34.99,100.14,839.85,7.40,event,A,paid_off,2024-02-14,2026-02-14,2024-02-14,2026-05-30 13:40:16.880606+00,2026-05-30 13:40:16.880606+00,,,0.00,0,
6cdcfd4f-9a9f-4609-9ba5-c14455bd54a7,LN-1644,1e686dbd-a2cd-4295-9d4b-e98f12d53221,89d1c7f8-46de-419f-b2ec-dc69213d45ca,227.28,12.50,24,10.75,30.78,258.06,2.27,event,A,paid_off,2024-04-11,2026-04-11,2024-04-11,2026-05-30 13:40:16.990875+00,2026-05-30 13:40:16.990875+00,,,0.00,0,
6d137616-322b-4d6c-9a35-e12b65834250,LN-1015,86c39193-08ba-43b6-9dc0-d842488d2c48,89d1c7f8-46de-419f-b2ec-dc69213d45ca,341.71,12.50,24,16.17,46.27,387.98,3.42,homeImprovement,A,active,2026-03-30,2028-03-30,2026-03-30,2026-05-30 13:40:16.880606+00,2026-05-30 13:40:16.880606+00,,,0.00,0,
6d4d87d8-e100-40e9-8dff-76ec2424b4eb,LN-1757,8d126f9e-ab64-4585-b2af-16d258194d5b,0c6925f4-7d92-41a9-b358-1d126fb41279,619.61,12.50,24,29.31,83.89,703.50,6.20,travel,C,paid_off,2024-01-25,2026-01-25,2024-01-25,2026-05-30 13:40:16.990875+00,2026-05-30 13:40:16.990875+00,,,0.00,0,
6d9c6f2b-6ab3-49b9-8d0a-044338e23874,LN-1018,ce07c0db-d5b1-4bfd-9979-f6946e16e9fd,89d1c7f8-46de-419f-b2ec-dc69213d45ca,382.70,12.50,24,18.10,51.84,434.54,3.83,medical,A,active,2025-09-30,2027-09-30,2025-09-30,2026-05-30 13:40:16.880606+00,2026-05-30 13:40:16.880606+00,,,0.00,0,
6d9c6f2b-8d0e-4373-add9-f3010d2f8ade,LN-0656,c29a9806-97af-4a1a-821f-524b75097fc1,0c6925f4-7d92-41a9-b358-1d126fb41279,333.59,12.50,24,15.78,45.16,378.75,3.34,consolidation,C,active,2025-04-30,2027-04-30,2025-04-30,2026-05-30 13:40:16.751319+00,2026-05-30 13:40:16.751319+00,,,0.00,3,2026-06-30
6d9d96ee-acac-4645-984b-40733cc10cc0,LN-1957,a380a182-99ed-44e6-93aa-9cd680a27163,89d1c7f8-46de-419f-b2ec-dc69213d45ca,55.24,12.50,24,2.61,7.48,62.72,0.55,emergency,D,paid_off,2024-08-22,2026-08-22,2024-08-22,2026-05-30 13:40:16.990875+00,2026-05-30 13:40:16.990875+00,,,0.00,0,
6da5ee38-7816-4a8e-bca5-f7093c0be3b5,LN-1576,65b36f75-e57f-4bed-b628-3d89efea84f3,0c6925f4-7d92-41a9-b358-1d126fb41279,478.27,12.50,24,22.63,64.70,542.97,4.78,event,A,paid_off,2024-11-09,2026-11-09,2024-11-09,2026-05-30 13:40:16.990875+00,2026-05-30 13:40:16.990875+00,,,0.00,0,
6db834b6-9435-4df5-b21c-230ab2a706ba,LN-0456,be370135-7088-4806-ac2f-5399c087e078,0c6925f4-7d92-41a9-b358-1d126fb41279,302.10,12.50,24,14.29,40.90,343.00,3.02,emergency,C,active,2025-06-30,2027-06-30,2025-06-30,2026-05-30 13:40:16.593247+00,2026-05-30 13:40:16.593247+00,,,0.00,0,
6dc07e55-2065-4a96-af75-6b2ee3969ae7,LN-1324,5a90e720-bca3-4ed6-92fe-94ea7037a46f,89d1c7f8-46de-419f-b2ec-dc69213d45ca,446.39,12.50,24,21.12,60.43,506.82,4.46,consolidation,A,active,2025-12-30,2027-12-30,2025-12-30,2026-05-30 13:40:16.880606+00,2026-05-30 13:40:16.880606+00,,,0.00,0,
6dc4bb55-471c-40b7-b669-0ecddc7f9d8f,LN-1290,85810ea6-eef4-4660-860d-deb49f0149d6,866a2b0d-da4d-403f-9343-390a810648e5,1813.83,12.50,24,85.81,245.52,2059.35,18.14,equipment,A,active,2025-05-30,2027-05-30,2025-05-30,2026-05-30 13:40:16.880606+00,2026-05-30 13:40:16.880606+00,,,0.00,0,
6dd887e4-c4f3-42f1-bd39-487704230971,LN-0896,ef634a99-d75f-48c7-88d0-236941381f99,89d1c7f8-46de-419f-b2ec-dc69213d45ca,295.33,12.50,24,13.97,40.00,335.33,2.95,equipment,C,active,2025-07-30,2027-07-30,2025-07-30,2026-05-30 13:40:16.751319+00,2026-05-30 13:40:16.751319+00,,,0.00,0,
6dee2187-3745-4648-97bc-65b67545acb3,LN-1268,36dda669-4c33-4204-93c5-c79c3c352d7b,0c6925f4-7d92-41a9-b358-1d126fb41279,606.03,12.50,24,28.67,82.04,688.07,6.06,auto,B,active,2025-05-30,2027-05-30,2025-05-30,2026-05-30 13:40:16.880606+00,2026-05-30 13:40:16.880606+00,,,0.00,0,
6df5c57d-816d-4440-a57e-b78f65150972,LN-1824,0dad12da-3717-48b0-8274-45babd95e1ab,89d1c7f8-46de-419f-b2ec-dc69213d45ca,332.03,12.50,24,15.71,44.95,376.98,3.32,auto,C,paid_off,2024-10-28,2026-10-28,2024-10-28,2026-05-30 13:40:16.990875+00,2026-05-30 13:40:16.990875+00,,,0.00,0,
6e44cbd3-3edf-4568-aaf5-6e2f761910e0,LN-1451,c5a49ccd-342c-4bea-a7bd-724e119c2208,89d1c7f8-46de-419f-b2ec-dc69213d45ca,218.60,12.50,24,10.34,29.59,248.19,2.19,travel,A,paid_off,2024-03-22,2026-03-22,2024-03-22,2026-05-30 13:40:16.880606+00,2026-05-30 13:40:16.880606+00,,,0.00,0,
6e52fff8-c096-4b77-9c02-4e6d65ba1957,LN-1533,de586b7c-ee10-403b-b3ba-7250a2c31cb5,0c6925f4-7d92-41a9-b358-1d126fb41279,389.46,12.50,24,18.42,52.76,442.22,3.89,auto,C,paid_off,2024-12-07,2026-12-07,2024-12-07,2026-05-30 13:40:16.990875+00,2026-05-30 13:40:16.990875+00,,,0.00,0,
6e826eef-bcb3-413e-ab5a-fbde0c95255f,LN-1833,73c5bc40-1f71-409c-a92d-15ddbf894781,0c6925f4-7d92-41a9-b358-1d126fb41279,186.77,12.50,24,8.84,25.27,212.04,1.87,equipment,A,paid_off,2024-07-24,2026-07-24,2024-07-24,2026-05-30 13:40:16.990875+00,2026-05-30 13:40:16.990875+00,,,0.00,0,
6e95aad4-75f4-4df6-88c2-ff73d32f1e85,LN-1921,7d2607be-1b2f-4df9-815d-6d529446ed60,0c6925f4-7d92-41a9-b358-1d126fb41279,315.19,12.50,24,14.91,42.68,357.87,3.15,consolidation,A,paid_off,2024-09-11,2026-09-11,2024-09-11,2026-05-30 13:40:16.990875+00,2026-05-30 13:40:16.990875+00,,,0.00,0,
6e9ccc84-ee69-4fba-bff5-57843ebfc980,LN-0445,ec3660c9-4530-49ef-9419-54d4734b8b0d,0c6925f4-7d92-41a9-b358-1d126fb41279,466.99,12.50,24,22.09,63.22,530.21,4.67,consolidation,D,active,2025-11-30,2027-11-30,2025-11-30,2026-05-30 13:40:16.593247+00,2026-05-30 13:40:16.593247+00,,,0.00,0,
6ea342c7-e9cf-4d45-b9a5-c328e1690ea7,LN-0175,2909eed0-4f59-43a3-9df1-f7e17bfe91d5,41340b75-3fa9-4cbd-bee5-5d10bb757dbb,1479.29,12.50,24,69.98,200.26,1679.55,14.79,medical,B,active,2025-09-30,2027-09-30,2025-09-30,2026-05-30 13:40:16.593247+00,2026-05-30 13:40:16.593247+00,,,0.00,0,
6ecf645f-d3e5-406e-bc15-7bd622c03821,LN-1798,a06487ba-c4ee-4fa8-8ff8-fa009192f5a6,866a2b0d-da4d-403f-9343-390a810648e5,720.54,12.50,24,34.09,97.55,818.09,7.21,equipment,B,paid_off,2024-01-10,2026-01-10,2024-01-10,2026-05-30 13:40:16.990875+00,2026-05-30 13:40:16.990875+00,,,0.00,0,
6f12265f-2fe2-4426-b5a4-1d6962776016,LN-1500,8e65a9da-237e-41ed-a582-e3f7cdbf0b33,89d1c7f8-46de-419f-b2ec-dc69213d45ca,279.02,12.50,24,13.20,37.78,316.80,2.79,medical,C,paid_off,2024-03-08,2026-03-08,2024-03-08,2026-05-30 13:40:16.880606+00,2026-05-30 13:40:16.880606+00,,,0.00,0,
6f20bde2-250e-4973-8a01-6073c863944d,LN-0592,cc14c0cd-da7d-48f6-9b33-bccc49ee2678,0c6925f4-7d92-41a9-b358-1d126fb41279,850.25,12.50,24,40.22,115.12,965.37,8.50,homeImprovement,C,active,2025-12-30,2027-12-30,2025-12-30,2026-05-30 13:40:16.751319+00,2026-05-30 13:40:16.751319+00,,,0.00,0,
6f2db56f-b949-4685-a712-475d908f9786,LN-1539,4cfa17d2-f40b-439b-a562-6a204a0e2dd6,0c6925f4-7d92-41a9-b358-1d126fb41279,352.72,12.50,24,16.69,47.73,400.45,3.53,equipment,B,paid_off,2024-05-01,2026-05-01,2024-05-01,2026-05-30 13:40:16.990875+00,2026-05-30 13:40:16.990875+00,,,0.00,0,
6f4879af-6006-4ac4-b9da-8577161a626a,LN-0991,084053c1-f304-4eac-b0e7-6ed776555d11,0c6925f4-7d92-41a9-b358-1d126fb41279,270.30,12.50,24,12.79,36.61,306.91,2.70,event,B,active,2025-05-30,2027-05-30,2025-05-30,2026-05-30 13:40:16.751319+00,2026-05-30 13:40:16.751319+00,,,0.00,0,
6f528e08-f34d-4065-9a72-e9c1958f3c0f,LN-1924,b2d1af78-cb8b-4c9b-916b-d25df7477335,866a2b0d-da4d-403f-9343-390a810648e5,557.44,12.50,24,26.37,75.48,632.92,5.57,equipment,A,paid_off,2024-08-12,2026-08-12,2024-08-12,2026-05-30 13:40:16.990875+00,2026-05-30 13:40:16.990875+00,,,0.00,0,
6f8fa1e1-8ef0-447c-9d2c-25a0491bff6e,LN-1651,fecd89e9-071a-4d98-b635-afc3ea20641e,89d1c7f8-46de-419f-b2ec-dc69213d45ca,294.80,12.50,24,13.95,39.90,334.70,2.95,travel,B,paid_off,2024-11-04,2026-11-04,2024-11-04,2026-05-30 13:40:16.990875+00,2026-05-30 13:40:16.990875+00,,,0.00,0,
6fe9f9d5-a519-4cb1-a858-1d4ada9876f6,LN-0807,de586b7c-ee10-403b-b3ba-7250a2c31cb5,0c6925f4-7d92-41a9-b358-1d126fb41279,578.25,12.50,24,27.36,78.28,656.53,5.78,auto,C,active,2025-04-30,2027-04-30,2025-04-30,2026-05-30 13:40:16.751319+00,2026-05-30 13:40:16.751319+00,,,0.00,1,2026-06-30
7052262a-d595-40a8-a2b2-e112e9964c2e,LN-0652,1e283861-e0c1-4d75-9fd7-f75089e11cd3,41340b75-3fa9-4cbd-bee5-5d10bb757dbb,1264.32,12.50,24,59.81,171.18,1435.50,12.64,equipment,A,active,2025-07-30,2027-07-30,2025-07-30,2026-05-30 13:40:16.751319+00,2026-05-30 13:40:16.751319+00,,,0.00,0,
7067749f-96d4-41e2-8b8c-6830c2fc4fce,LN-0763,56c57062-219f-451f-9567-8edb472100e5,89d1c7f8-46de-419f-b2ec-dc69213d45ca,558.05,12.50,24,26.40,75.53,633.58,5.58,medical,C,active,2026-04-30,2028-04-30,2026-04-30,2026-05-30 13:40:16.751319+00,2026-05-30 13:40:16.751319+00,,,0.00,0,
707e17e4-a4ac-46f9-aa8f-e3e2f19097d5,LN-1218,c2097173-91b9-44b8-a4c7-d61f2ac86db3,89d1c7f8-46de-419f-b2ec-dc69213d45ca,856.94,12.50,24,40.54,116.03,972.97,8.57,emergency,A,active,2025-09-30,2027-09-30,2025-09-30,2026-05-30 13:40:16.880606+00,2026-05-30 13:40:16.880606+00,,,0.00,0,
7097f10b-9acd-4d96-955a-8443ebbbbece,LN-0357,ef1e5231-5b14-4568-8389-5218789c38e4,0c6925f4-7d92-41a9-b358-1d126fb41279,419.27,12.50,24,19.83,56.80,476.07,4.19,travel,C,active,2025-08-30,2027-08-30,2025-08-30,2026-05-30 13:40:16.593247+00,2026-05-30 13:40:16.593247+00,,,0.00,0,
70c76af9-bc9b-4b2c-b93e-72fdf1ac2b2a,LN-1777,71fe3c6f-a95f-43a8-90d4-64095def128d,0c6925f4-7d92-41a9-b358-1d126fb41279,187.46,12.50,24,8.87,25.37,212.83,1.87,emergency,B,paid_off,2024-05-21,2026-05-21,2024-05-21,2026-05-30 13:40:16.990875+00,2026-05-30 13:40:16.990875+00,,,0.00,0,
70d59c48-948f-4db6-b003-22fecbec8992,LN-0137,3587c8f4-7df1-434d-88f1-3a2eff6ff7d7,89d1c7f8-46de-419f-b2ec-dc69213d45ca,243.10,12.50,24,11.50,32.91,276.01,2.43,auto,A,active,2025-11-30,2027-11-30,2025-11-30,2026-05-30 13:40:16.593247+00,2026-05-30 13:40:16.593247+00,,,0.00,0,
70df1ff7-494d-46ed-8b44-65baacc38dd8,LN-1971,e338c75b-dae2-493e-af55-dc08cbb37162,866a2b0d-da4d-403f-9343-390a810648e5,911.48,12.50,24,43.12,123.37,1034.85,9.11,auto,A,paid_off,2024-12-20,2026-12-20,2024-12-20,2026-05-30 13:40:16.990875+00,2026-05-30 13:40:16.990875+00,,,0.00,0,
70e12643-7465-4980-b00d-b6c706ad6ddc,LN-0533,45c9d9b7-e091-428a-9e7e-25ecaf6bd552,0c6925f4-7d92-41a9-b358-1d126fb41279,1630.42,12.50,24,77.13,220.71,1851.13,16.30,equipment,C,active,2025-12-30,2027-12-30,2025-12-30,2026-05-30 13:40:16.751319+00,2026-05-30 13:40:16.751319+00,,,0.00,0,
713b3ecc-f4e7-4c55-9c24-5e69a0cab63b,LN-1106,799e802d-c4e1-4d19-9a70-b83e56ee7f7e,89d1c7f8-46de-419f-b2ec-dc69213d45ca,776.33,12.50,24,36.73,105.07,881.40,7.76,medical,A,active,2025-05-30,2027-05-30,2025-05-30,2026-05-30 13:40:16.880606+00,2026-05-30 13:40:16.880606+00,,,0.00,0,
724cac18-d53e-483e-b309-aa28b02d9da2,LN-1205,33360689-5d6c-4c32-9fc3-5290eb011619,0c6925f4-7d92-41a9-b358-1d126fb41279,81.76,12.50,24,3.87,11.06,92.82,0.82,emergency,C,active,2026-03-30,2028-03-30,2026-03-30,2026-05-30 13:40:16.880606+00,2026-05-30 13:40:16.880606+00,,,0.00,0,
724e6112-e6d7-4b4b-a73b-6806792369ce,LN-0561,3088ee15-3702-4671-8270-11337df12152,0c6925f4-7d92-41a9-b358-1d126fb41279,900.99,12.50,24,42.62,122.00,1022.99,9.01,homeImprovement,B,active,2025-10-30,2027-10-30,2025-10-30,2026-05-30 13:40:16.751319+00,2026-05-30 13:40:16.751319+00,,,0.00,0,
7263a1cd-1d10-40e2-997f-98b504c4ff26,LN-0962,609c1114-91ef-4a6e-a30e-6b57fed75b76,0c6925f4-7d92-41a9-b358-1d126fb41279,591.04,12.50,24,27.96,80.03,671.07,5.91,emergency,A,active,2025-07-30,2027-07-30,2025-07-30,2026-05-30 13:40:16.751319+00,2026-05-30 13:40:16.751319+00,,,0.00,0,
72695942-780d-4901-b42e-1a653f5568c9,LN-0854,ed760f71-a958-4a7a-a2dd-7b6cc858a3d1,89d1c7f8-46de-419f-b2ec-dc69213d45ca,75.54,12.50,24,3.57,10.27,85.81,0.76,auto,A,active,2025-06-30,2027-06-30,2025-06-30,2026-05-30 13:40:16.751319+00,2026-05-30 13:40:16.751319+00,,,0.00,0,
726d183a-0636-4029-9b0d-e74230420173,LN-1826,ead2506b-ad02-448f-af5a-6fd554998597,0c6925f4-7d92-41a9-b358-1d126fb41279,207.13,12.50,24,9.80,28.04,235.17,2.07,consolidation,A,paid_off,2024-12-13,2026-12-13,2024-12-13,2026-05-30 13:40:16.990875+00,2026-05-30 13:40:16.990875+00,,,0.00,0,
72aa3174-daeb-4687-8ec0-8a3fa600a2d2,LN-0424,c12c3499-933e-4598-81a3-5010d752abf1,41340b75-3fa9-4cbd-bee5-5d10bb757dbb,1171.78,12.50,24,55.43,158.65,1330.43,11.72,medical,A,active,2025-09-30,2027-09-30,2025-09-30,2026-05-30 13:40:16.593247+00,2026-05-30 13:40:16.593247+00,,,0.00,0,
72e24015-1caa-4ee7-bc88-80b7bb2f9269,LN-0084,e06d356b-4ead-4c5c-a303-fa2e3c8e1762,0c6925f4-7d92-41a9-b358-1d126fb41279,1945.32,12.50,24,92.03,263.36,2208.68,19.45,homeImprovement,A,defaulted,2026-03-02,2028-03-02,2026-03-02,2026-05-30 13:40:16.593247+00,2026-05-30 13:40:16.593247+00,2025-12-30,written_off,1945.32,4,
72f73f15-5cbc-43a7-9810-bb2f880da6df,LN-1596,eb863dfa-3c5c-426a-936b-20d0536c5d37,0c6925f4-7d92-41a9-b358-1d126fb41279,404.24,12.50,24,19.12,54.73,458.97,4.04,consolidation,A,paid_off,2024-11-26,2026-11-26,2024-11-26,2026-05-30 13:40:16.990875+00,2026-05-30 13:40:16.990875+00,,,0.00,0,
732d8b4a-0dab-4059-96f9-9906dd7c583d,LN-0478,9ffad90f-52d6-4298-90e2-69df39e417c0,89d1c7f8-46de-419f-b2ec-dc69213d45ca,102.84,12.50,24,4.87,13.91,116.75,1.03,auto,C,active,2026-01-30,2028-01-30,2026-01-30,2026-05-30 13:40:16.593247+00,2026-05-30 13:40:16.593247+00,,,0.00,0,
73369179-4b53-4221-901e-2eff62105afd,LN-1161,b7a271d5-e6b4-4121-9d64-ca8e2e026785,41340b75-3fa9-4cbd-bee5-5d10bb757dbb,657.19,12.50,24,31.09,88.98,746.17,6.57,auto,A,active,2026-03-30,2028-03-30,2026-03-30,2026-05-30 13:40:16.880606+00,2026-05-30 13:40:16.880606+00,,,0.00,0,
735f4033-bf65-4506-8d21-24db7d02eac6,LN-0615,b5af39b2-4d4f-412e-9bf3-6dd7b686c2b9,89d1c7f8-46de-419f-b2ec-dc69213d45ca,583.54,12.50,24,27.61,78.99,662.53,5.84,travel,B,active,2025-10-30,2027-10-30,2025-10-30,2026-05-30 13:40:16.751319+00,2026-05-30 13:40:16.751319+00,,,0.00,0,
73703009-7089-460e-9683-26ea3bf58712,LN-0043,d50fc1a8-2911-47d5-9ba3-c5ef5005b755,89d1c7f8-46de-419f-b2ec-dc69213d45ca,822.61,12.50,24,38.92,111.32,933.93,8.23,event,A,active,2025-04-30,2027-04-30,2025-04-30,2026-05-30 13:40:16.593247+00,2026-05-30 13:40:16.593247+00,,,0.00,0,
738af0c4-7e26-4e54-82c4-9a9bcc179109,LN-0905,b90138aa-e1ca-4710-a254-13fae76fea34,866a2b0d-da4d-403f-9343-390a810648e5,729.89,12.50,24,34.53,98.81,828.70,7.30,auto,A,active,2026-01-30,2028-01-30,2026-01-30,2026-05-30 13:40:16.751319+00,2026-05-30 13:40:16.751319+00,,,0.00,0,
7392a4cd-659c-4fa3-9047-36f47f49f107,LN-1008,f00f2741-38bb-45a5-8b31-40f8904cafc5,89d1c7f8-46de-419f-b2ec-dc69213d45ca,440.82,12.50,24,20.85,59.70,500.52,4.41,emergency,A,active,2025-03-02,2027-03-02,2025-03-02,2026-05-30 13:40:16.880606+00,2026-05-30 13:40:16.880606+00,,,0.00,2,2026-06-30
73d7a85f-39ae-49e7-89cf-2c7b6b6e73cc,LN-0451,3441d513-2cbf-42f5-8a68-7f13adbb8c8d,89d1c7f8-46de-419f-b2ec-dc69213d45ca,440.03,12.50,24,20.82,59.54,499.57,4.40,homeImprovement,A,active,2025-05-30,2027-05-30,2025-05-30,2026-05-30 13:40:16.593247+00,2026-05-30 13:40:16.593247+00,,,0.00,0,
73e31779-b201-4268-8ace-6387c8859a92,LN-0647,146068c3-7182-4812-aa3e-8613166b407a,0c6925f4-7d92-41a9-b358-1d126fb41279,1167.28,12.50,24,55.22,158.04,1325.32,11.67,emergency,B,active,2025-06-30,2027-06-30,2025-06-30,2026-05-30 13:40:16.751319+00,2026-05-30 13:40:16.751319+00,,,0.00,0,
740913cb-d994-4de9-a6bf-41a50963bd32,LN-0552,0358882e-01ff-4a87-9fef-2f1ac1f08267,866a2b0d-da4d-403f-9343-390a810648e5,1292.31,12.50,24,61.14,174.92,1467.23,12.92,emergency,A,active,2025-08-30,2027-08-30,2025-08-30,2026-05-30 13:40:16.751319+00,2026-05-30 13:40:16.751319+00,,,0.00,0,
740fa135-a262-4ac5-8658-5e0e93da8f14,LN-0387,e8f4cf51-6ac3-4dae-b25a-59d2f082f30b,89d1c7f8-46de-419f-b2ec-dc69213d45ca,501.54,12.50,24,23.73,67.89,569.43,5.02,medical,B,active,2025-05-30,2027-05-30,2025-05-30,2026-05-30 13:40:16.593247+00,2026-05-30 13:40:16.593247+00,,,0.00,0,
7411f7ea-598a-4cd7-a4c6-1c7d9218fb52,LN-1725,8369a862-0f27-4873-b37c-fde99a31fb6d,0c6925f4-7d92-41a9-b358-1d126fb41279,310.24,12.50,24,14.68,41.99,352.23,3.10,medical,C,paid_off,2024-05-25,2026-05-25,2024-05-25,2026-05-30 13:40:16.990875+00,2026-05-30 13:40:16.990875+00,,,0.00,0,
742bbf87-1fa5-4300-a79b-433c371d5053,LN-1784,f421966a-e762-4461-a3b5-1fdf6570f6ea,866a2b0d-da4d-403f-9343-390a810648e5,688.14,12.50,24,32.55,93.18,781.32,6.88,equipment,A,paid_off,2024-09-10,2026-09-10,2024-09-10,2026-05-30 13:40:16.990875+00,2026-05-30 13:40:16.990875+00,,,0.00,0,
748e49eb-f6b8-4c86-98fa-d7c11db34971,LN-0007,6ff5924d-401d-4ede-861a-8933aa90e7b2,89d1c7f8-46de-419f-b2ec-dc69213d45ca,159.08,12.50,24,7.53,21.53,180.61,1.59,equipment,A,active,2025-09-30,2027-09-30,2025-09-30,2026-05-30 13:40:16.593247+00,2026-05-30 13:40:16.593247+00,,,0.00,0,
74c6f589-97dd-4e33-97ee-2f3888bae6cd,LN-0746,8314def0-892c-445c-9cca-633ff368e821,0c6925f4-7d92-41a9-b358-1d126fb41279,283.82,12.50,24,13.43,38.42,322.24,2.84,travel,A,active,2025-04-30,2027-04-30,2025-04-30,2026-05-30 13:40:16.751319+00,2026-05-30 13:40:16.751319+00,,,0.00,0,
74e5bbf5-f63a-4647-add9-2df27e8b2c3e,LN-0967,8270a5a0-555d-4f88-9e00-f4efbef3a6d9,866a2b0d-da4d-403f-9343-390a810648e5,1216.56,12.50,24,57.55,164.71,1381.27,12.17,equipment,A,active,2025-09-30,2027-09-30,2025-09-30,2026-05-30 13:40:16.751319+00,2026-05-30 13:40:16.751319+00,,,0.00,0,
74ed8843-2188-4af0-bde4-9c7e8f73cbf5,LN-1333,9dcda4c1-08b3-4973-9b78-b2333bd368bc,41340b75-3fa9-4cbd-bee5-5d10bb757dbb,645.48,12.50,24,30.54,87.40,732.88,6.45,consolidation,A,active,2025-07-30,2027-07-30,2025-07-30,2026-05-30 13:40:16.880606+00,2026-05-30 13:40:16.880606+00,,,0.00,0,
7520c608-6fa1-4a3b-aa3f-c5de243eb453,LN-0889,3a32e967-19b0-4754-b6ce-3603f443feff,0c6925f4-7d92-41a9-b358-1d126fb41279,110.07,12.50,24,5.21,14.88,124.95,1.10,homeImprovement,D,active,2025-09-30,2027-09-30,2025-09-30,2026-05-30 13:40:16.751319+00,2026-05-30 13:40:16.751319+00,,,0.00,2,2026-06-30
752ea15d-0f8f-41e9-81d5-59e1e67f544d,LN-1560,ff7c4c46-90c2-4fb0-bde7-abbc9031af44,0c6925f4-7d92-41a9-b358-1d126fb41279,244.65,12.50,24,11.57,33.14,277.79,2.45,emergency,D,paid_off,2024-12-22,2026-12-22,2024-12-22,2026-05-30 13:40:16.990875+00,2026-05-30 13:40:16.990875+00,,,0.00,0,
753d8233-6499-4464-a29a-4278e9098c78,LN-0597,e7ce9217-23fa-4e2c-b99e-bf9d4282be5b,0c6925f4-7d92-41a9-b358-1d126fb41279,584.74,12.50,24,27.66,79.19,663.93,5.85,consolidation,C,active,2025-08-30,2027-08-30,2025-08-30,2026-05-30 13:40:16.751319+00,2026-05-30 13:40:16.751319+00,,,0.00,1,2026-06-30
7564f733-4576-4bdf-9e4c-c909d31beaec,LN-0308,4577e90a-92e5-4365-9ae2-111f50221032,41340b75-3fa9-4cbd-bee5-5d10bb757dbb,856.32,12.50,24,40.51,115.91,972.23,8.56,auto,C,active,2025-09-30,2027-09-30,2025-09-30,2026-05-30 13:40:16.593247+00,2026-05-30 13:40:16.593247+00,,,0.00,0,
757cc088-aeb5-41a0-bfe8-9dd27becfdd8,LN-1335,048530de-e2fd-4e44-8178-ce6166b84e75,89d1c7f8-46de-419f-b2ec-dc69213d45ca,501.21,12.50,24,23.71,67.84,569.05,5.01,travel,A,active,2025-09-30,2027-09-30,2025-09-30,2026-05-30 13:40:16.880606+00,2026-05-30 13:40:16.880606+00,,,0.00,0,
75822b91-c56d-4077-9a0f-e70ddd209960,LN-1330,3c163367-abfe-403c-9529-2aab530a0b3f,89d1c7f8-46de-419f-b2ec-dc69213d45ca,181.84,12.50,24,8.60,24.60,206.44,1.82,event,C,active,2025-07-30,2027-07-30,2025-07-30,2026-05-30 13:40:16.880606+00,2026-05-30 13:40:16.880606+00,,,0.00,0,
75a7f139-fb3d-4838-9b9e-c1d906e59496,LN-0373,ba48c58d-73db-4e94-a4d8-e1a4b38865bf,0c6925f4-7d92-41a9-b358-1d126fb41279,223.04,12.50,24,10.55,30.21,253.25,2.23,equipment,A,active,2026-01-30,2028-01-30,2026-01-30,2026-05-30 13:40:16.593247+00,2026-05-30 13:40:16.593247+00,,,0.00,0,
75aa1e7f-8265-4c92-aaba-f1b1cb89aca2,LN-0932,b66ea347-d3e4-4993-a276-dfb01636a614,0c6925f4-7d92-41a9-b358-1d126fb41279,126.77,12.50,24,6.00,17.14,143.91,1.27,medical,C,active,2025-06-30,2027-06-30,2025-06-30,2026-05-30 13:40:16.751319+00,2026-05-30 13:40:16.751319+00,,,0.00,0,
75b7f7f9-e3d2-458f-ad06-86b7ebe1eb1a,LN-1623,7ebbb6b1-5cfe-487a-a97e-64058c2fafdd,89d1c7f8-46de-419f-b2ec-dc69213d45ca,211.39,12.50,24,10.00,28.64,240.03,2.11,event,A,paid_off,2024-06-22,2026-06-22,2024-06-22,2026-05-30 13:40:16.990875+00,2026-05-30 13:40:16.990875+00,,,0.00,0,
75ba43f8-5158-48f9-8446-ca5873819b39,LN-1485,2be21cc2-a7c9-4a1c-9625-ae789dc5118e,89d1c7f8-46de-419f-b2ec-dc69213d45ca,63.89,12.50,24,3.02,8.65,72.54,0.64,consolidation,A,paid_off,2024-06-05,2026-06-05,2024-06-05,2026-05-30 13:40:16.880606+00,2026-05-30 13:40:16.880606+00,,,0.00,0,
76022a58-0ab9-4b65-b099-b2a88c2db82e,LN-0122,76109a2e-908f-4010-9aea-9371711a1582,0c6925f4-7d92-41a9-b358-1d126fb41279,109.76,12.50,24,5.19,14.84,124.60,1.10,auto,B,active,2025-08-30,2027-08-30,2025-08-30,2026-05-30 13:40:16.593247+00,2026-05-30 13:40:16.593247+00,,,0.00,1,2026-06-30
760d3651-d17e-4e56-b7ea-2cb378974f53,LN-1562,63108b6f-b685-4a09-94ca-a234ed80b85a,0c6925f4-7d92-41a9-b358-1d126fb41279,358.23,12.50,24,16.95,48.50,406.73,3.58,medical,D,paid_off,2024-05-22,2026-05-22,2024-05-22,2026-05-30 13:40:16.990875+00,2026-05-30 13:40:16.990875+00,,,0.00,0,
760e417c-3bd9-4a3a-a736-bc309f12eb2a,LN-0728,a669c996-53e7-47a6-9228-0e72ae8dcf5a,89d1c7f8-46de-419f-b2ec-dc69213d45ca,313.64,12.50,24,14.84,42.44,356.08,3.14,medical,A,active,2025-10-30,2027-10-30,2025-10-30,2026-05-30 13:40:16.751319+00,2026-05-30 13:40:16.751319+00,,,0.00,0,
76275175-25b0-4d16-be6c-de5524e15b8d,LN-1257,4173cf11-bf43-429a-8214-384fd336cfa2,41340b75-3fa9-4cbd-bee5-5d10bb757dbb,771.37,12.50,24,36.49,104.43,875.80,7.71,travel,A,active,2026-04-30,2028-04-30,2026-04-30,2026-05-30 13:40:16.880606+00,2026-05-30 13:40:16.880606+00,,,0.00,0,
763e39eb-76cd-4bfe-9a1a-8bf4dc64205d,LN-1737,93723b04-8649-4812-a5ae-6e8906a6df35,866a2b0d-da4d-403f-9343-390a810648e5,789.87,12.50,24,37.37,106.94,896.81,7.90,equipment,D,paid_off,2024-01-04,2026-01-04,2024-01-04,2026-05-30 13:40:16.990875+00,2026-05-30 13:40:16.990875+00,,,0.00,0,
768227da-2cbb-4355-8572-6d003495b2cd,LN-0267,50af30ea-5944-4eeb-be34-936979d6bf7e,0c6925f4-7d92-41a9-b358-1d126fb41279,148.90,12.50,24,7.04,20.18,169.08,1.49,travel,B,active,2025-10-30,2027-10-30,2025-10-30,2026-05-30 13:40:16.593247+00,2026-05-30 13:40:16.593247+00,,,0.00,0,
76b89bef-b600-47a6-8d32-6f3821cf7644,LN-1492,8777db10-de79-4881-b54d-e33a09eeabc3,0c6925f4-7d92-41a9-b358-1d126fb41279,671.46,12.50,24,31.76,90.92,762.38,6.71,emergency,C,paid_off,2024-01-10,2026-01-10,2024-01-10,2026-05-30 13:40:16.880606+00,2026-05-30 13:40:16.880606+00,,,0.00,0,
76e756c1-bdbf-43aa-92a6-7dfe652673ea,LN-0622,ba4b4aa3-eacf-4cd7-b0cf-8fa833ebfb30,0c6925f4-7d92-41a9-b358-1d126fb41279,714.99,12.50,24,33.82,96.82,811.81,7.15,medical,A,active,2026-03-02,2028-03-02,2026-03-02,2026-05-30 13:40:16.751319+00,2026-05-30 13:40:16.751319+00,,,0.00,0,
76faa3fa-dc41-4ff5-8208-8f4ab7caaeb9,LN-0936,70b9d4da-ae5e-4396-9f86-d4d16fdc3d23,89d1c7f8-46de-419f-b2ec-dc69213d45ca,511.36,12.50,24,24.19,69.23,580.59,5.11,homeImprovement,A,active,2025-07-30,2027-07-30,2025-07-30,2026-05-30 13:40:16.751319+00,2026-05-30 13:40:16.751319+00,,,0.00,0,
7701ee25-e81b-4ab6-99d0-86015dcc2611,LN-0519,95ff7e18-f5df-4145-a1ab-eaae8da9d57c,89d1c7f8-46de-419f-b2ec-dc69213d45ca,277.97,12.50,24,13.15,37.63,315.60,2.78,equipment,A,active,2026-01-30,2028-01-30,2026-01-30,2026-05-30 13:40:16.751319+00,2026-05-30 13:40:16.751319+00,,,0.00,0,
77383b76-039d-438f-bad2-b090aa1ebaa6,LN-1003,774ea904-1261-423f-8f96-aa1a84e0b07f,89d1c7f8-46de-419f-b2ec-dc69213d45ca,564.10,12.50,24,26.69,76.37,640.47,5.64,auto,A,active,2025-03-30,2027-03-30,2025-03-30,2026-05-30 13:40:16.880606+00,2026-05-30 13:40:16.880606+00,,,0.00,0,
7739bb32-2387-420e-bc4f-6ef005856b0e,LN-1541,a75f3c1b-eae2-416c-a474-163b3979eab5,89d1c7f8-46de-419f-b2ec-dc69213d45ca,58.24,12.50,24,2.76,7.88,66.12,0.58,travel,B,paid_off,2024-04-22,2026-04-22,2024-04-22,2026-05-30 13:40:16.990875+00,2026-05-30 13:40:16.990875+00,,,0.00,0,
776a1449-e409-4dd9-8e47-0b28c22d70af,LN-1162,72683f5f-9011-4a79-b962-08b828ba0902,89d1c7f8-46de-419f-b2ec-dc69213d45ca,434.88,12.50,24,20.57,58.87,493.75,4.35,homeImprovement,A,active,2025-10-30,2027-10-30,2025-10-30,2026-05-30 13:40:16.880606+00,2026-05-30 13:40:16.880606+00,,,0.00,0,
776a4b43-daa5-4432-90ba-4908cb2174e3,LN-0556,481f72fa-1e8c-4c7f-91cd-5681723fefb3,0c6925f4-7d92-41a9-b358-1d126fb41279,943.26,12.50,24,44.62,127.70,1070.96,9.43,travel,A,defaulted,2025-12-30,2027-12-30,2025-12-30,2026-05-30 13:40:16.751319+00,2026-05-30 13:40:16.751319+00,2026-03-02,written_off,943.26,4,
7790709c-78a4-4ed3-93fc-1a7280778a0c,LN-1607,0f758a30-a703-40c1-bef7-d9268517253c,89d1c7f8-46de-419f-b2ec-dc69213d45ca,103.71,12.50,24,4.91,14.04,117.75,1.04,emergency,A,paid_off,2024-03-11,2026-03-11,2024-03-11,2026-05-30 13:40:16.990875+00,2026-05-30 13:40:16.990875+00,,,0.00,0,
779ba302-40d2-4d42-a128-63975bcad394,LN-1953,5d1c0a09-276d-4b54-9b61-df145d931eaf,89d1c7f8-46de-419f-b2ec-dc69213d45ca,917.69,12.50,24,43.41,124.24,1041.93,9.18,auto,A,paid_off,2024-04-20,2026-04-20,2024-04-20,2026-05-30 13:40:16.990875+00,2026-05-30 13:40:16.990875+00,,,0.00,0,
77ae59d7-8f62-41ba-9222-787fbf5f9e9e,LN-1703,f237ebbe-9409-4401-81cb-8590b5225277,0c6925f4-7d92-41a9-b358-1d126fb41279,235.05,12.50,24,11.12,31.81,266.86,2.35,travel,C,paid_off,2024-11-16,2026-11-16,2024-11-16,2026-05-30 13:40:16.990875+00,2026-05-30 13:40:16.990875+00,,,0.00,0,
77d3086a-2775-4bd7-843f-53f2d34fed8a,LN-0634,98533bcb-fd00-4240-91dd-44a23790230d,0c6925f4-7d92-41a9-b358-1d126fb41279,687.70,12.50,24,32.53,93.10,780.80,6.88,homeImprovement,A,active,2026-03-02,2028-03-02,2026-03-02,2026-05-30 13:40:16.751319+00,2026-05-30 13:40:16.751319+00,,,0.00,0,
77d34390-73c9-41ee-8b19-f1e2369db729,LN-1469,8595854f-6f1a-4a6a-bfe5-068f5972ecd6,0c6925f4-7d92-41a9-b358-1d126fb41279,139.13,12.50,24,6.58,18.86,157.99,1.39,consolidation,A,paid_off,2024-07-04,2026-07-04,2024-07-04,2026-05-30 13:40:16.880606+00,2026-05-30 13:40:16.880606+00,,,0.00,0,
77e7cbb8-48da-40ea-8d34-61fca1cc3286,LN-0169,df87bc25-1a70-4cbf-a337-e464a84b35e6,0c6925f4-7d92-41a9-b358-1d126fb41279,148.09,12.50,24,7.01,20.02,168.11,1.48,travel,C,active,2025-03-30,2027-03-30,2025-03-30,2026-05-30 13:40:16.593247+00,2026-05-30 13:40:16.593247+00,,,0.00,0,
77eb4553-bd88-4d22-91f7-79e308d9199c,LN-0042,e1694dcb-f4a8-44b4-84bd-5fb544115e38,89d1c7f8-46de-419f-b2ec-dc69213d45ca,449.29,12.50,24,21.25,60.83,510.12,4.49,auto,D,active,2025-12-30,2027-12-30,2025-12-30,2026-05-30 13:40:16.593247+00,2026-05-30 13:40:16.593247+00,,,0.00,0,
7820bdde-ec96-4efa-9e05-23518fc82983,LN-1300,1fadf208-aeab-458a-9924-d20e60a6cab2,866a2b0d-da4d-403f-9343-390a810648e5,1638.44,12.50,24,77.51,221.80,1860.24,16.38,homeImprovement,A,active,2025-04-30,2027-04-30,2025-04-30,2026-05-30 13:40:16.880606+00,2026-05-30 13:40:16.880606+00,,,0.00,0,
784b6170-b17f-4968-9c3b-9841ac52e497,LN-1552,4cfa17d2-f40b-439b-a562-6a204a0e2dd6,0c6925f4-7d92-41a9-b358-1d126fb41279,346.14,12.50,24,16.37,46.90,393.04,3.46,equipment,B,paid_off,2024-04-27,2026-04-27,2024-04-27,2026-05-30 13:40:16.990875+00,2026-05-30 13:40:16.990875+00,,,0.00,0,
784d1b1c-ed62-434f-9e57-b86993fd2711,LN-1198,9a2019c5-9c84-4352-895c-7f38956dfffe,0c6925f4-7d92-41a9-b358-1d126fb41279,467.95,12.50,24,22.14,63.34,531.29,4.68,event,B,active,2026-03-02,2028-03-02,2026-03-02,2026-05-30 13:40:16.880606+00,2026-05-30 13:40:16.880606+00,,,0.00,0,
78721e5e-1d70-433b-aeab-b3ad3ceadbcc,LN-1477,ec87818c-fe35-4576-84b2-49ab349140f6,89d1c7f8-46de-419f-b2ec-dc69213d45ca,216.26,12.50,24,10.23,29.29,245.55,2.16,equipment,B,paid_off,2024-02-17,2026-02-17,2024-02-17,2026-05-30 13:40:16.880606+00,2026-05-30 13:40:16.880606+00,,,0.00,0,
788171c6-00dc-4177-8850-7240948a14de,LN-1701,71871334-892c-4274-9d75-84cde0788726,0c6925f4-7d92-41a9-b358-1d126fb41279,240.34,12.50,24,11.37,32.53,272.87,2.40,consolidation,C,paid_off,2024-12-06,2026-12-06,2024-12-06,2026-05-30 13:40:16.990875+00,2026-05-30 13:40:16.990875+00,,,0.00,0,
78b3a363-8a2b-44a7-9e34-55bf5e272f51,LN-0882,6ec33993-0b85-4e06-801f-be58429800b7,89d1c7f8-46de-419f-b2ec-dc69213d45ca,542.44,12.50,24,25.66,73.45,615.89,5.42,homeImprovement,B,active,2026-01-30,2028-01-30,2026-01-30,2026-05-30 13:40:16.751319+00,2026-05-30 13:40:16.751319+00,,,0.00,0,
78d45d6a-943b-40df-a7ce-67e312a3cb11,LN-1233,6307faf6-eb89-4db9-9592-ec8029610c0d,0c6925f4-7d92-41a9-b358-1d126fb41279,881.13,12.50,24,41.68,119.28,1000.41,8.81,travel,C,active,2025-10-30,2027-10-30,2025-10-30,2026-05-30 13:40:16.880606+00,2026-05-30 13:40:16.880606+00,,,0.00,0,
78e2f304-7887-4816-bf8d-120e20c7ce6f,LN-1397,4bfdae8b-7cff-44d8-8fad-04788391a109,89d1c7f8-46de-419f-b2ec-dc69213d45ca,317.47,12.50,24,15.02,42.98,360.45,3.17,homeImprovement,A,paid_off,2024-11-25,2026-11-25,2024-11-25,2026-05-30 13:40:16.880606+00,2026-05-30 13:40:16.880606+00,,,0.00,0,
7913c11c-c859-45d6-8b67-f1163883503d,LN-0403,95bbc0e1-9127-4245-b97f-5e21fb6ce6d5,866a2b0d-da4d-403f-9343-390a810648e5,811.09,12.50,24,38.37,109.80,920.89,8.11,auto,C,active,2025-04-30,2027-04-30,2025-04-30,2026-05-30 13:40:16.593247+00,2026-05-30 13:40:16.593247+00,,,0.00,0,
7918f4f1-6f54-4ae7-a60d-05b3374793fb,LN-0062,e2649192-1385-4c96-83e0-722bb8c7e4dc,0c6925f4-7d92-41a9-b358-1d126fb41279,445.50,12.50,24,21.08,60.29,505.79,4.46,emergency,A,active,2025-04-30,2027-04-30,2025-04-30,2026-05-30 13:40:16.593247+00,2026-05-30 13:40:16.593247+00,,,0.00,0,
79930e85-64c7-4b47-bea6-f6eabbf3d17b,LN-1912,100afeea-6a3a-4890-a1fa-985a464843fd,89d1c7f8-46de-419f-b2ec-dc69213d45ca,234.00,12.50,24,11.07,31.69,265.69,2.34,travel,D,paid_off,2024-05-06,2026-05-06,2024-05-06,2026-05-30 13:40:16.990875+00,2026-05-30 13:40:16.990875+00,,,0.00,0,
79a2df54-3e2a-40fa-baac-6a7c2864fb0b,LN-0544,a9a08164-ad32-491d-a3b3-17f73e40ed23,89d1c7f8-46de-419f-b2ec-dc69213d45ca,720.10,12.50,24,34.07,97.44,817.54,7.20,consolidation,B,active,2025-10-30,2027-10-30,2025-10-30,2026-05-30 13:40:16.751319+00,2026-05-30 13:40:16.751319+00,,,0.00,0,
79a94ae7-3fce-4c34-9481-d68c02bda837,LN-0069,d17d681a-9af9-4c28-9075-d85055b2118c,89d1c7f8-46de-419f-b2ec-dc69213d45ca,845.59,12.50,24,40.00,114.45,960.04,8.46,medical,A,active,2025-11-30,2027-11-30,2025-11-30,2026-05-30 13:40:16.593247+00,2026-05-30 13:40:16.593247+00,,,0.00,0,
7a1d2b3e-c3f6-4a9e-a4f1-d023a89944e3,LN-1782,6eb1aec3-60aa-413c-9868-c52a32de95f3,0c6925f4-7d92-41a9-b358-1d126fb41279,647.12,12.50,24,30.61,87.63,734.75,6.47,event,C,paid_off,2024-08-15,2026-08-15,2024-08-15,2026-05-30 13:40:16.990875+00,2026-05-30 13:40:16.990875+00,,,0.00,0,
7a549ed0-ad38-4e8e-9497-b11892ffbe8f,LN-1012,0edcd921-4fab-4b65-b950-850cc312c3a2,0c6925f4-7d92-41a9-b358-1d126fb41279,510.58,12.50,24,24.15,69.11,579.69,5.11,emergency,A,active,2026-03-02,2028-03-02,2026-03-02,2026-05-30 13:40:16.880606+00,2026-05-30 13:40:16.880606+00,,,0.00,0,
7a5de97d-c033-43de-91ce-84fdc0db0aac,LN-0579,6b337879-5e7c-4ae8-aae5-dff9b04dd877,89d1c7f8-46de-419f-b2ec-dc69213d45ca,265.07,12.50,24,12.54,35.90,300.97,2.65,homeImprovement,B,active,2026-03-02,2028-03-02,2026-03-02,2026-05-30 13:40:16.751319+00,2026-05-30 13:40:16.751319+00,,,0.00,0,
7a9bb6f9-682e-4e8f-9e92-27d9699df1a3,LN-1031,2b726824-15b6-4b21-956c-aa63e650f406,866a2b0d-da4d-403f-9343-390a810648e5,643.80,12.50,24,30.46,87.14,730.94,6.44,consolidation,A,active,2025-05-30,2027-05-30,2025-05-30,2026-05-30 13:40:16.880606+00,2026-05-30 13:40:16.880606+00,,,0.00,0,
7ad0ace9-0790-4874-905e-74ece2b8a974,LN-1881,47c17988-05f2-41b2-94c5-408848a9b733,866a2b0d-da4d-403f-9343-390a810648e5,886.17,12.50,24,41.92,119.97,1006.14,8.86,event,B,paid_off,2024-09-17,2026-09-17,2024-09-17,2026-05-30 13:40:16.990875+00,2026-05-30 13:40:16.990875+00,,,0.00,0,
7af5ff70-a0eb-429e-b84a-3c24b16df032,LN-0931,f14d9b00-79c2-4842-bdec-505115b8c760,89d1c7f8-46de-419f-b2ec-dc69213d45ca,442.30,12.50,24,20.92,59.92,502.22,4.42,consolidation,B,active,2026-03-30,2028-03-30,2026-03-30,2026-05-30 13:40:16.751319+00,2026-05-30 13:40:16.751319+00,,,0.00,0,
7b028ac9-f021-40c3-874e-ffdb4e274114,LN-0320,d5c6bfd1-d666-4686-8ace-596f6e3e343d,89d1c7f8-46de-419f-b2ec-dc69213d45ca,1075.32,12.50,24,50.87,145.58,1220.90,10.75,consolidation,B,active,2025-07-30,2027-07-30,2025-07-30,2026-05-30 13:40:16.593247+00,2026-05-30 13:40:16.593247+00,,,0.00,0,
7b03e380-3181-42cb-97fb-0141bc0d46fc,LN-1825,8af0f78d-2df2-4911-bdfc-972b51f496c1,0c6925f4-7d92-41a9-b358-1d126fb41279,62.02,12.50,24,2.93,8.40,70.42,0.62,consolidation,A,paid_off,2024-09-11,2026-09-11,2024-09-11,2026-05-30 13:40:16.990875+00,2026-05-30 13:40:16.990875+00,,,0.00,0,
7b32273a-318e-4ae9-8184-bf28ef2f2115,LN-1021,f3ee6c69-e622-45c8-8064-199814b7fd75,89d1c7f8-46de-419f-b2ec-dc69213d45ca,487.31,12.50,24,23.05,65.97,553.28,4.87,travel,B,active,2025-09-30,2027-09-30,2025-09-30,2026-05-30 13:40:16.880606+00,2026-05-30 13:40:16.880606+00,,,0.00,0,
7b5c47ba-4e90-4d93-89a4-e3042693987a,LN-1480,a59aead8-5924-4d49-9d5e-e38fbdfe0d9b,0c6925f4-7d92-41a9-b358-1d126fb41279,694.71,12.50,24,32.86,94.07,788.78,6.95,emergency,D,paid_off,2024-04-14,2026-04-14,2024-04-14,2026-05-30 13:40:16.880606+00,2026-05-30 13:40:16.880606+00,,,0.00,0,
7b639619-9c4e-4534-9094-33410db2c580,LN-1720,9083d6e8-49f8-4b26-8c62-2b2b758d81eb,41340b75-3fa9-4cbd-bee5-5d10bb757dbb,833.65,12.50,24,39.44,112.86,946.51,8.34,emergency,B,paid_off,2024-12-13,2026-12-13,2024-12-13,2026-05-30 13:40:16.990875+00,2026-05-30 13:40:16.990875+00,,,0.00,0,
7b6f25ff-2acf-4404-b018-39121d5f43ff,LN-1527,82277bc2-511a-4e79-b66b-1b9b667aa814,89d1c7f8-46de-419f-b2ec-dc69213d45ca,359.82,12.50,24,17.02,48.73,408.55,3.60,consolidation,A,paid_off,2024-05-07,2026-05-07,2024-05-07,2026-05-30 13:40:16.990875+00,2026-05-30 13:40:16.990875+00,,,0.00,0,
7b8943c7-bace-4164-9701-ef9a216d657f,LN-1877,9fb4a5f4-8dd7-4aac-95a3-c25ed191fbbc,0c6925f4-7d92-41a9-b358-1d126fb41279,117.57,12.50,24,5.56,15.92,133.49,1.18,auto,C,paid_off,2024-06-24,2026-06-24,2024-06-24,2026-05-30 13:40:16.990875+00,2026-05-30 13:40:16.990875+00,,,0.00,0,
7bbd0aca-641f-424b-b35b-530d45d14ac2,LN-1669,b92c8ce0-a886-4f7a-9412-508addee10c5,0c6925f4-7d92-41a9-b358-1d126fb41279,64.43,12.50,24,3.05,8.70,73.13,0.64,consolidation,A,paid_off,2024-12-17,2026-12-17,2024-12-17,2026-05-30 13:40:16.990875+00,2026-05-30 13:40:16.990875+00,,,0.00,0,
7c1bb220-42f0-40e3-b6a7-8f6f0bcdfe10,LN-1716,0edcd921-4fab-4b65-b950-850cc312c3a2,0c6925f4-7d92-41a9-b358-1d126fb41279,610.66,12.50,24,28.89,82.66,693.32,6.11,event,A,paid_off,2024-11-16,2026-11-16,2024-11-16,2026-05-30 13:40:16.990875+00,2026-05-30 13:40:16.990875+00,,,0.00,0,
7c1d4452-0dc4-4635-9f45-1f197bf51844,LN-1649,99c573ee-59e0-466d-9c6d-1cfa604a231e,89d1c7f8-46de-419f-b2ec-dc69213d45ca,367.42,12.50,24,17.38,49.76,417.18,3.67,consolidation,A,paid_off,2024-12-03,2026-12-03,2024-12-03,2026-05-30 13:40:16.990875+00,2026-05-30 13:40:16.990875+00,,,0.00,0,
7c26350c-6649-4486-8de7-34380e21b1ed,LN-1864,b3641568-ba0d-4410-a37b-a0f5b506414a,0c6925f4-7d92-41a9-b358-1d126fb41279,427.80,12.50,24,20.24,57.91,485.71,4.28,medical,A,paid_off,2024-03-11,2026-03-11,2024-03-11,2026-05-30 13:40:16.990875+00,2026-05-30 13:40:16.990875+00,,,0.00,0,
7c4a6279-457c-4e96-9750-74c0598150d3,LN-0053,25dc162d-4638-43b2-8267-0e43c3ed39a0,89d1c7f8-46de-419f-b2ec-dc69213d45ca,809.30,12.50,24,38.29,109.53,918.83,8.09,equipment,A,active,2025-05-30,2027-05-30,2025-05-30,2026-05-30 13:40:16.593247+00,2026-05-30 13:40:16.593247+00,,,0.00,0,
7c6f374e-985e-47fc-89e3-596f96cc7af6,LN-1909,3a32e967-19b0-4754-b6ce-3603f443feff,41340b75-3fa9-4cbd-bee5-5d10bb757dbb,550.81,12.50,24,26.06,74.57,625.38,5.51,auto,D,paid_off,2024-02-12,2026-02-12,2024-02-12,2026-05-30 13:40:16.990875+00,2026-05-30 13:40:16.990875+00,,,0.00,0,
7cb6a176-e0b4-4802-8f7f-a2b6e1200788,LN-1182,9764b78d-4104-498a-a91f-e8fc38a706ab,0c6925f4-7d92-41a9-b358-1d126fb41279,1003.14,12.50,24,47.46,135.75,1138.89,10.03,consolidation,A,active,2025-10-30,2027-10-30,2025-10-30,2026-05-30 13:40:16.880606+00,2026-05-30 13:40:16.880606+00,,,0.00,0,
7ce993ce-80e2-4883-a82e-42547c1497a2,LN-1591,8e65a9da-237e-41ed-a582-e3f7cdbf0b33,41340b75-3fa9-4cbd-bee5-5d10bb757dbb,1792.21,12.50,24,84.78,242.62,2034.83,17.92,equipment,C,paid_off,2024-03-14,2026-03-14,2024-03-14,2026-05-30 13:40:16.990875+00,2026-05-30 13:40:16.990875+00,,,0.00,0,
7d2e3a1c-3605-4b2a-b096-4390f92bdee1,LN-1275,d31f3d36-47b5-44da-aac7-15617304ff9e,41340b75-3fa9-4cbd-bee5-5d10bb757dbb,1166.10,12.50,24,55.17,157.86,1323.96,11.66,travel,B,active,2025-03-30,2027-03-30,2025-03-30,2026-05-30 13:40:16.880606+00,2026-05-30 13:40:16.880606+00,,,0.00,0,
7d35ac1a-70fa-49f8-b05f-e1ab55a765e0,LN-1625,4701194d-76a3-4798-ae46-87b2380893bb,0c6925f4-7d92-41a9-b358-1d126fb41279,943.36,12.50,24,44.63,127.69,1071.05,9.43,travel,C,paid_off,2024-05-13,2026-05-13,2024-05-13,2026-05-30 13:40:16.990875+00,2026-05-30 13:40:16.990875+00,,,0.00,0,
7d7e73a3-796f-44a9-8325-10d3e3161e6f,LN-0186,3cad0e75-012b-4326-81ca-ea7f1d2f136a,89d1c7f8-46de-419f-b2ec-dc69213d45ca,631.73,12.50,24,29.89,85.51,717.24,6.32,emergency,A,defaulted,2025-12-30,2027-12-30,2025-12-30,2026-05-30 13:40:16.593247+00,2026-05-30 13:40:16.593247+00,2025-08-30,written_off,631.73,4,
7da12809-73a0-4e57-929b-22ecac7300eb,LN-0466,c18e42f9-3824-4c2f-89f2-1942d1612378,89d1c7f8-46de-419f-b2ec-dc69213d45ca,108.22,12.50,24,5.12,14.68,122.90,1.08,event,A,active,2026-03-30,2028-03-30,2026-03-30,2026-05-30 13:40:16.593247+00,2026-05-30 13:40:16.593247+00,,,0.00,0,
7da80f46-2612-45fa-b6a6-77c18eb67c33,LN-0620,62fd132d-5018-4606-ac1d-c1ba9231b725,0c6925f4-7d92-41a9-b358-1d126fb41279,763.73,12.50,24,36.13,103.40,867.13,7.64,auto,A,active,2025-11-30,2027-11-30,2025-11-30,2026-05-30 13:40:16.751319+00,2026-05-30 13:40:16.751319+00,,,0.00,0,
7dbcf6b1-654f-4baa-9806-3f3ecbadaab1,LN-1476,f5fe4034-1125-4a99-8517-ef45f7f464a3,89d1c7f8-46de-419f-b2ec-dc69213d45ca,297.35,12.50,24,14.07,40.21,337.56,2.97,travel,C,paid_off,2024-08-27,2026-08-27,2024-08-27,2026-05-30 13:40:16.880606+00,2026-05-30 13:40:16.880606+00,,,0.00,0,
7dcf4551-9513-45e7-877a-80bf391ba50f,LN-0630,57ba31f4-51ec-4466-bb7b-e45e7ff9940b,41340b75-3fa9-4cbd-bee5-5d10bb757dbb,696.15,12.50,24,32.93,94.23,790.38,6.96,event,A,active,2025-08-30,2027-08-30,2025-08-30,2026-05-30 13:40:16.751319+00,2026-05-30 13:40:16.751319+00,,,0.00,0,
7e1af9af-36bf-49b8-a22d-9c104bdbf94a,LN-1244,10687387-cb23-4eb7-b1ef-78044e3e8fb0,41340b75-3fa9-4cbd-bee5-5d10bb757dbb,1043.06,12.50,24,49.34,141.21,1184.27,10.43,consolidation,A,active,2025-12-30,2027-12-30,2025-12-30,2026-05-30 13:40:16.880606+00,2026-05-30 13:40:16.880606+00,,,0.00,0,
7e1b99a4-0b92-461e-8b80-9851d536ef03,LN-0707,23e14df6-375c-4c3d-a8ed-d222e584c07b,89d1c7f8-46de-419f-b2ec-dc69213d45ca,437.92,12.50,24,20.72,59.25,497.17,4.38,medical,B,active,2025-12-30,2027-12-30,2025-12-30,2026-05-30 13:40:16.751319+00,2026-05-30 13:40:16.751319+00,,,0.00,0,
7e1f39d5-59b8-4f80-b67a-ce8883f4b025,LN-0346,aaa3c769-7ac2-48c1-bf29-676ef46cfd0e,866a2b0d-da4d-403f-9343-390a810648e5,1467.19,12.50,24,69.41,198.58,1665.77,14.67,homeImprovement,B,defaulted,2025-06-30,2027-06-30,2025-06-30,2026-05-30 13:40:16.593247+00,2026-05-30 13:40:16.593247+00,2026-04-30,written_off,1247.27,4,
7e365a0b-3f13-455c-8bf0-fba16f4dae71,LN-1617,f5c4f8eb-4881-4bc9-8316-9ef57daa2f68,0c6925f4-7d92-41a9-b358-1d126fb41279,137.73,12.50,24,6.52,18.63,156.36,1.38,consolidation,B,paid_off,2024-12-06,2026-12-06,2024-12-06,2026-05-30 13:40:16.990875+00,2026-05-30 13:40:16.990875+00,,,0.00,0,
7e3788a4-b8af-49e7-a3bc-f01d46c6212e,LN-1307,ad92d805-8d90-43eb-b65f-6f11b4d4b1da,866a2b0d-da4d-403f-9343-390a810648e5,1258.41,12.50,24,59.53,170.36,1428.77,12.58,medical,A,active,2025-10-30,2027-10-30,2025-10-30,2026-05-30 13:40:16.880606+00,2026-05-30 13:40:16.880606+00,,,0.00,0,
7e3b8441-a584-47b3-a07d-a5dea63e010a,LN-0174,69670d23-640a-49e8-9cd9-88e16a722a83,89d1c7f8-46de-419f-b2ec-dc69213d45ca,624.59,12.50,24,29.55,84.53,709.12,6.25,medical,C,active,2025-05-30,2027-05-30,2025-05-30,2026-05-30 13:40:16.593247+00,2026-05-30 13:40:16.593247+00,,,0.00,0,
7e55f61c-3a7b-4514-84a2-46fd5744cfe7,LN-0723,1141795c-11eb-4b2f-bffa-219fce7687f8,41340b75-3fa9-4cbd-bee5-5d10bb757dbb,1943.54,12.50,24,91.94,263.13,2206.67,19.44,travel,B,active,2025-06-30,2027-06-30,2025-06-30,2026-05-30 13:40:16.751319+00,2026-05-30 13:40:16.751319+00,,,0.00,0,
7e5d1526-d8db-4108-b2ae-2b9da6fa473b,LN-1204,428f7203-5312-474a-8f10-76743a776395,89d1c7f8-46de-419f-b2ec-dc69213d45ca,269.95,12.50,24,12.77,36.53,306.48,2.70,emergency,C,active,2025-12-30,2027-12-30,2025-12-30,2026-05-30 13:40:16.880606+00,2026-05-30 13:40:16.880606+00,,,0.00,0,
7e857d04-c342-4085-afb0-560a43bb6ced,LN-1530,a05095ec-0080-4c96-91c4-9e94ae3e18f6,89d1c7f8-46de-419f-b2ec-dc69213d45ca,418.25,12.50,24,19.79,56.59,474.84,4.18,equipment,D,paid_off,2024-05-25,2026-05-25,2024-05-25,2026-05-30 13:40:16.990875+00,2026-05-30 13:40:16.990875+00,,,0.00,0,
7eb10517-0835-4110-a11e-bdc16dd486f1,LN-1474,822a5d67-8419-43dc-b5fc-347be2b17e1f,866a2b0d-da4d-403f-9343-390a810648e5,560.52,12.50,24,26.52,75.87,636.39,5.61,travel,A,paid_off,2024-11-18,2026-11-18,2024-11-18,2026-05-30 13:40:16.880606+00,2026-05-30 13:40:16.880606+00,,,0.00,0,
7eb9dac2-f5e8-4f3d-b2d9-d7a73f5c0517,LN-0199,c989a3a2-1451-4583-8d68-a9db2c56831e,89d1c7f8-46de-419f-b2ec-dc69213d45ca,839.74,12.50,24,39.73,113.68,953.42,8.40,medical,A,active,2025-07-30,2027-07-30,2025-07-30,2026-05-30 13:40:16.593247+00,2026-05-30 13:40:16.593247+00,,,0.00,0,
7f155ae2-a335-494d-8fe0-0b5eceb14bd0,LN-1308,4c0f2c74-abea-4f8c-8864-42c6342857e6,0c6925f4-7d92-41a9-b358-1d126fb41279,953.46,12.50,24,45.11,129.07,1082.53,9.53,auto,C,active,2025-10-30,2027-10-30,2025-10-30,2026-05-30 13:40:16.880606+00,2026-05-30 13:40:16.880606+00,,,0.00,0,
7f2e3916-195c-445a-a30d-2bb4e6b75740,LN-0757,4280ac00-71d2-48ef-b7ad-ab5a788d8816,41340b75-3fa9-4cbd-bee5-5d10bb757dbb,1383.33,12.50,24,65.44,187.30,1570.63,13.83,travel,B,active,2025-08-30,2027-08-30,2025-08-30,2026-05-30 13:40:16.751319+00,2026-05-30 13:40:16.751319+00,,,0.00,0,
7f479627-b281-4f1d-9eaf-40508798c37b,LN-0452,58f67017-2f4c-4e50-b68f-e7f02485b85a,0c6925f4-7d92-41a9-b358-1d126fb41279,1128.21,12.50,24,53.37,152.73,1280.94,11.28,emergency,A,active,2026-01-30,2028-01-30,2026-01-30,2026-05-30 13:40:16.593247+00,2026-05-30 13:40:16.593247+00,,,0.00,0,
7f75fde9-2b59-4cde-89af-bd42e3d4da09,LN-1239,987ad4d4-c5f3-4b3a-b428-ae8f4a7cf4ff,89d1c7f8-46de-419f-b2ec-dc69213d45ca,164.82,12.50,24,7.80,22.29,187.11,1.65,auto,A,active,2025-11-30,2027-11-30,2025-11-30,2026-05-30 13:40:16.880606+00,2026-05-30 13:40:16.880606+00,,,0.00,0,
7f7e622f-d598-4382-a6a8-d50e867b9248,LN-0692,15506b33-5262-44d1-8778-ced2459b20e5,866a2b0d-da4d-403f-9343-390a810648e5,685.64,12.50,24,32.44,92.80,778.44,6.86,equipment,B,active,2025-03-30,2027-03-30,2025-03-30,2026-05-30 13:40:16.751319+00,2026-05-30 13:40:16.751319+00,,,0.00,0,
7f80e78e-f702-49ba-8504-6df23e31f624,LN-0361,3a0a0505-940e-4311-b43f-643a55633b08,0c6925f4-7d92-41a9-b358-1d126fb41279,722.74,12.50,24,34.19,97.84,820.58,7.23,travel,D,active,2025-05-30,2027-05-30,2025-05-30,2026-05-30 13:40:16.593247+00,2026-05-30 13:40:16.593247+00,,,0.00,0,
7fa431c6-66f9-4199-9093-9c9f7df3c3ab,LN-0759,062ec0cb-7b9c-43c3-8ddd-da32d4e3fcb8,0c6925f4-7d92-41a9-b358-1d126fb41279,783.70,12.50,24,37.07,106.13,889.83,7.84,auto,B,active,2026-01-30,2028-01-30,2026-01-30,2026-05-30 13:40:16.751319+00,2026-05-30 13:40:16.751319+00,,,0.00,0,
7fe69c4c-b471-4302-b90b-76e1a297c496,LN-1371,278b4f3b-4b05-4ec7-a325-c5400e350cd4,0c6925f4-7d92-41a9-b358-1d126fb41279,220.24,12.50,24,10.42,29.81,250.05,2.20,auto,A,paid_off,2024-07-06,2026-07-06,2024-07-06,2026-05-30 13:40:16.880606+00,2026-05-30 13:40:16.880606+00,,,0.00,0,
800f8d1e-5026-4318-9c9a-61e743f3aa10,LN-1348,ee951d02-1978-401c-b08b-ff23bed052ee,866a2b0d-da4d-403f-9343-390a810648e5,770.35,12.50,24,36.44,104.31,874.66,7.70,emergency,A,active,2025-07-30,2027-07-30,2025-07-30,2026-05-30 13:40:16.880606+00,2026-05-30 13:40:16.880606+00,,,0.00,0,
802fd1a7-26d7-4009-a2fb-e994603a12f4,LN-1711,b067841f-8151-4e32-b960-368cae75e0ba,41340b75-3fa9-4cbd-bee5-5d10bb757dbb,660.34,12.50,24,31.24,89.42,749.76,6.60,event,A,paid_off,2024-01-04,2026-01-04,2024-01-04,2026-05-30 13:40:16.990875+00,2026-05-30 13:40:16.990875+00,,,0.00,0,
8056ccc3-d1d6-4419-8bab-4febc2c6d8cd,LN-1450,90428331-e198-4e71-97d3-5146dd4781df,0c6925f4-7d92-41a9-b358-1d126fb41279,147.87,12.50,24,7.00,20.00,167.87,1.48,homeImprovement,B,paid_off,2024-11-13,2026-11-13,2024-11-13,2026-05-30 13:40:16.880606+00,2026-05-30 13:40:16.880606+00,,,0.00,0,
807eadc6-341f-4fb6-b5c5-88cad7bec038,LN-0434,3147a229-305d-4cfd-8caa-efbe44ff76ff,89d1c7f8-46de-419f-b2ec-dc69213d45ca,440.79,12.50,24,20.85,59.70,500.49,4.41,medical,A,active,2025-08-30,2027-08-30,2025-08-30,2026-05-30 13:40:16.593247+00,2026-05-30 13:40:16.593247+00,,,0.00,0,
809e1fd7-d6ab-4acd-9457-cebaaa273f22,LN-0673,1dfd26d7-7b13-4c59-8cf0-038d502c78db,0c6925f4-7d92-41a9-b358-1d126fb41279,512.47,12.50,24,24.24,69.40,581.87,5.12,travel,C,active,2025-10-30,2027-10-30,2025-10-30,2026-05-30 13:40:16.751319+00,2026-05-30 13:40:16.751319+00,,,0.00,0,
809ed93e-a290-412a-8c9f-ec32188e744b,LN-0944,d3c92339-ce2c-4d49-97e0-54860c3cbd15,0c6925f4-7d92-41a9-b358-1d126fb41279,747.34,12.50,24,35.35,101.18,848.52,7.47,equipment,B,active,2025-08-30,2027-08-30,2025-08-30,2026-05-30 13:40:16.751319+00,2026-05-30 13:40:16.751319+00,,,0.00,0,
80a461ed-9d70-48bd-b4f1-31dc3032a78e,LN-0461,c415e2cf-d11f-4981-b30c-37ccf1135e7e,89d1c7f8-46de-419f-b2ec-dc69213d45ca,436.39,12.50,24,20.64,59.06,495.45,4.36,auto,C,active,2025-03-02,2027-03-02,2025-03-02,2026-05-30 13:40:16.593247+00,2026-05-30 13:40:16.593247+00,,,0.00,1,2026-06-30
80aa9125-dc4f-4862-b8d8-d2aac0282977,LN-1918,0bc9d98b-817c-4c36-9028-3eb1fc47ac2c,89d1c7f8-46de-419f-b2ec-dc69213d45ca,182.20,12.50,24,8.62,24.69,206.89,1.82,homeImprovement,C,paid_off,2024-06-28,2026-06-28,2024-06-28,2026-05-30 13:40:16.990875+00,2026-05-30 13:40:16.990875+00,,,0.00,0,
80b1c8a0-956f-43b1-97b2-7d5ef685c6e3,LN-1984,4d4e7109-3487-47fe-a50a-8183b471cfa7,0c6925f4-7d92-41a9-b358-1d126fb41279,295.02,12.50,24,13.96,39.91,334.93,2.95,emergency,D,paid_off,2024-08-07,2026-08-07,2024-08-07,2026-05-30 13:40:16.990875+00,2026-05-30 13:40:16.990875+00,,,0.00,0,
80b6064a-205f-4210-a3d6-332fb5169671,LN-0173,49680a8d-f7e7-4fb0-93f4-2a681dfce6a9,0c6925f4-7d92-41a9-b358-1d126fb41279,345.49,12.50,24,16.34,46.79,392.28,3.45,equipment,C,active,2025-08-30,2027-08-30,2025-08-30,2026-05-30 13:40:16.593247+00,2026-05-30 13:40:16.593247+00,,,0.00,1,2026-06-30
80c98be8-de9d-4275-a864-ec9b83018a0d,LN-0551,71871334-892c-4274-9d75-84cde0788726,0c6925f4-7d92-41a9-b358-1d126fb41279,559.27,12.50,24,26.46,75.67,634.94,5.59,equipment,C,active,2025-03-30,2027-03-30,2025-03-30,2026-05-30 13:40:16.751319+00,2026-05-30 13:40:16.751319+00,,,0.00,0,
80d1c8a1-7ebe-4c1e-b8f4-25039f7bb758,LN-1580,d591a2e0-e7ab-4b18-a039-9af8ad1cbc13,0c6925f4-7d92-41a9-b358-1d126fb41279,241.58,12.50,24,11.43,32.71,274.29,2.42,travel,C,paid_off,2024-05-21,2026-05-21,2024-05-21,2026-05-30 13:40:16.990875+00,2026-05-30 13:40:16.990875+00,,,0.00,0,
80eacff7-0561-4925-b733-9a1f4ee3f11c,LN-0386,0cb7a782-6073-4f1d-a52d-c099c945eb49,866a2b0d-da4d-403f-9343-390a810648e5,1010.02,12.50,24,47.78,136.70,1146.72,10.10,homeImprovement,C,active,2025-12-30,2027-12-30,2025-12-30,2026-05-30 13:40:16.593247+00,2026-05-30 13:40:16.593247+00,,,0.00,0,
80ebd15a-fd75-4c5b-af5b-3fcd57d292b4,LN-1140,36efa88b-c1a0-4a31-bf4a-cb5d01ffb3de,89d1c7f8-46de-419f-b2ec-dc69213d45ca,1098.75,12.50,24,51.98,148.77,1247.52,10.99,medical,C,active,2026-01-30,2028-01-30,2026-01-30,2026-05-30 13:40:16.880606+00,2026-05-30 13:40:16.880606+00,,,0.00,0,
811c624b-0342-4ea3-8950-8030f9186cbf,LN-0760,1dbe1421-c0d4-438b-96e4-2acb879f5bdf,89d1c7f8-46de-419f-b2ec-dc69213d45ca,405.36,12.50,24,19.18,54.90,460.26,4.05,equipment,C,active,2025-08-30,2027-08-30,2025-08-30,2026-05-30 13:40:16.751319+00,2026-05-30 13:40:16.751319+00,,,0.00,0,
811fb75a-2b63-485a-98dc-c86b44103d4c,LN-0764,b2af2340-1fbc-4777-8995-81d21de6fc7a,0c6925f4-7d92-41a9-b358-1d126fb41279,624.30,12.50,24,29.53,84.52,708.82,6.24,medical,D,active,2025-08-30,2027-08-30,2025-08-30,2026-05-30 13:40:16.751319+00,2026-05-30 13:40:16.751319+00,,,0.00,0,
8126a74a-799b-44a5-9782-7b4e2b6c1216,LN-0247,c735d58f-e479-4f22-97eb-c36f2124dd76,0c6925f4-7d92-41a9-b358-1d126fb41279,120.83,12.50,24,5.72,16.34,137.17,1.21,equipment,C,active,2025-04-30,2027-04-30,2025-04-30,2026-05-30 13:40:16.593247+00,2026-05-30 13:40:16.593247+00,,,0.00,0,
812de3bd-62d4-4233-824e-068b7c72dd93,LN-0268,82a7e6da-1d54-4d99-b0af-8acc794cb9fc,89d1c7f8-46de-419f-b2ec-dc69213d45ca,594.28,12.50,24,28.11,80.46,674.74,5.94,homeImprovement,C,active,2026-01-30,2028-01-30,2026-01-30,2026-05-30 13:40:16.593247+00,2026-05-30 13:40:16.593247+00,,,0.00,0,
8173dec6-a0d4-43c2-8558-a16a3319987a,LN-0838,778ecee3-3c98-451f-bb6e-d92758268023,89d1c7f8-46de-419f-b2ec-dc69213d45ca,210.11,12.50,24,9.94,28.44,238.55,2.10,equipment,B,active,2026-03-30,2028-03-30,2026-03-30,2026-05-30 13:40:16.751319+00,2026-05-30 13:40:16.751319+00,,,0.00,0,
817aefbf-4434-43e4-89c6-1c44516cf966,LN-0286,8740c0eb-4499-4f6e-bad1-5f6a1bb50f8c,89d1c7f8-46de-419f-b2ec-dc69213d45ca,331.84,12.50,24,15.70,44.95,376.79,3.32,consolidation,B,active,2025-09-30,2027-09-30,2025-09-30,2026-05-30 13:40:16.593247+00,2026-05-30 13:40:16.593247+00,,,0.00,1,2026-06-30
819261b8-fdd5-42fc-87c9-6c1a7f5e2208,LN-1302,f2efea7b-05e2-4fb1-927a-d6254fe7f0db,41340b75-3fa9-4cbd-bee5-5d10bb757dbb,653.44,12.50,24,30.91,88.48,741.92,6.53,medical,D,active,2025-01-30,2027-01-30,2025-01-30,2026-05-30 13:40:16.880606+00,2026-05-30 13:40:16.880606+00,,,0.00,1,2026-06-30
81b581d3-ac4e-4f07-b143-5a1a49462829,LN-0430,0f758a30-a703-40c1-bef7-d9268517253c,89d1c7f8-46de-419f-b2ec-dc69213d45ca,334.76,12.50,24,15.84,45.31,380.07,3.35,event,A,active,2025-12-30,2027-12-30,2025-12-30,2026-05-30 13:40:16.593247+00,2026-05-30 13:40:16.593247+00,,,0.00,0,
81f27ff0-d5c9-4582-8902-7be487b88863,LN-1815,cea29cb3-092e-483a-872b-c74e0cc6f8dc,89d1c7f8-46de-419f-b2ec-dc69213d45ca,787.50,12.50,24,37.25,106.62,894.12,7.88,consolidation,C,paid_off,2024-07-12,2026-07-12,2024-07-12,2026-05-30 13:40:16.990875+00,2026-05-30 13:40:16.990875+00,,,0.00,0,
81fc7b7f-1d62-4312-9f05-45f6689a15fd,LN-0444,51953a2c-bcd5-447f-88cd-81c751718448,89d1c7f8-46de-419f-b2ec-dc69213d45ca,166.55,12.50,24,7.88,22.52,189.07,1.67,medical,C,active,2025-08-30,2027-08-30,2025-08-30,2026-05-30 13:40:16.593247+00,2026-05-30 13:40:16.593247+00,,,0.00,0,
81ff5d88-e4af-4dfe-9266-3b4fb070a700,LN-0517,d5754276-a06f-4f88-91e4-1bcff7d30c33,0c6925f4-7d92-41a9-b358-1d126fb41279,167.29,12.50,24,7.91,22.65,189.94,1.67,event,A,active,2025-10-30,2027-10-30,2025-10-30,2026-05-30 13:40:16.751319+00,2026-05-30 13:40:16.751319+00,,,0.00,0,
821c2d0a-9668-4ae1-8d70-30cae27c22d5,LN-1048,af726b23-c001-42a8-9a65-a62df87153c6,0c6925f4-7d92-41a9-b358-1d126fb41279,220.40,12.50,24,10.43,29.83,250.23,2.20,travel,B,active,2025-09-30,2027-09-30,2025-09-30,2026-05-30 13:40:16.880606+00,2026-05-30 13:40:16.880606+00,,,0.00,0,
82c6992d-d32d-4136-9762-55ed6736eb44,LN-0915,9073727f-e187-4f47-b4b6-cd3b13d148b0,89d1c7f8-46de-419f-b2ec-dc69213d45ca,312.86,12.50,24,14.80,42.36,355.22,3.13,emergency,D,active,2025-07-30,2027-07-30,2025-07-30,2026-05-30 13:40:16.751319+00,2026-05-30 13:40:16.751319+00,,,0.00,0,
82ef8823-3e17-4660-bdea-8ce550fa67ab,LN-1139,92c7ec8e-242c-4b82-bf50-da8d7313cc43,89d1c7f8-46de-419f-b2ec-dc69213d45ca,675.61,12.50,24,31.96,91.48,767.09,6.76,travel,A,defaulted,2025-04-30,2027-04-30,2025-04-30,2026-05-30 13:40:16.880606+00,2026-05-30 13:40:16.880606+00,2025-12-30,written_off,522.13,4,
83184629-4c40-4866-afc2-bd6521a81978,LN-1794,e96d4ec8-bafa-48b0-9972-f2a1f8605b9d,89d1c7f8-46de-419f-b2ec-dc69213d45ca,686.08,12.50,24,32.46,92.86,778.94,6.86,homeImprovement,A,paid_off,2024-07-08,2026-07-08,2024-07-08,2026-05-30 13:40:16.990875+00,2026-05-30 13:40:16.990875+00,,,0.00,0,
8339df2a-d80a-4397-85ed-6feaa0f9a34f,LN-0587,298714d3-3169-4304-925c-f4168505e0f1,89d1c7f8-46de-419f-b2ec-dc69213d45ca,394.85,12.50,24,18.68,53.44,448.29,3.95,homeImprovement,C,active,2025-03-30,2027-03-30,2025-03-30,2026-05-30 13:40:16.751319+00,2026-05-30 13:40:16.751319+00,,,0.00,0,
833ac625-c53a-4991-8222-246fd2373ffa,LN-0310,01a48dad-ff78-4398-b02d-4b32ea3a8399,0c6925f4-7d92-41a9-b358-1d126fb41279,93.98,12.50,24,4.45,12.72,106.70,0.94,emergency,D,active,2025-01-30,2027-01-30,2025-01-30,2026-05-30 13:40:16.593247+00,2026-05-30 13:40:16.593247+00,,,0.00,1,2026-06-30
8340c1ba-f76e-4b17-9683-9549a384e024,LN-1854,0f263dfb-3628-490f-a090-3c0c30bc8020,0c6925f4-7d92-41a9-b358-1d126fb41279,375.09,12.50,24,17.74,50.79,425.88,3.75,emergency,A,paid_off,2024-08-07,2026-08-07,2024-08-07,2026-05-30 13:40:16.990875+00,2026-05-30 13:40:16.990875+00,,,0.00,0,
836a1d9f-fe51-4dd0-bb40-b6fad46e1cb5,LN-1352,447f4dbf-8f8c-4bff-b9a8-265251fafdf9,89d1c7f8-46de-419f-b2ec-dc69213d45ca,655.86,12.50,24,31.03,88.80,744.66,6.56,travel,D,active,2026-03-30,2028-03-30,2026-03-30,2026-05-30 13:40:16.880606+00,2026-05-30 13:40:16.880606+00,,,0.00,0,
8393aa99-9c9e-4c5d-b1a0-42c3dbc82f14,LN-1304,cbdf1ea8-815a-447d-b587-2bee03b748be,0c6925f4-7d92-41a9-b358-1d126fb41279,452.25,12.50,24,21.39,61.25,513.50,4.52,equipment,A,defaulted,2025-03-30,2027-03-30,2025-03-30,2026-05-30 13:40:16.880606+00,2026-05-30 13:40:16.880606+00,2026-03-30,written_off,331.78,4,
8393dd0b-637a-4f87-be8e-7b9713ee82c4,LN-0448,8eadbdb8-0e2e-426a-9a6c-b8f10f73e195,866a2b0d-da4d-403f-9343-390a810648e5,1293.59,12.50,24,61.20,175.10,1468.69,12.94,auto,C,active,2025-04-30,2027-04-30,2025-04-30,2026-05-30 13:40:16.593247+00,2026-05-30 13:40:16.593247+00,,,0.00,0,
83ad4d68-5252-4971-a3be-9ff2aef314b2,LN-0433,8670f63d-05d5-4626-91ff-383e09ebbc35,89d1c7f8-46de-419f-b2ec-dc69213d45ca,137.84,12.50,24,6.52,18.67,156.51,1.38,travel,B,active,2025-12-30,2027-12-30,2025-12-30,2026-05-30 13:40:16.593247+00,2026-05-30 13:40:16.593247+00,,,0.00,2,2026-06-30
83d33953-2d21-428a-9c92-ba5b3fdfd97f,LN-1846,2a69cb40-fc92-4c0b-8ed1-26b921d326a8,89d1c7f8-46de-419f-b2ec-dc69213d45ca,479.69,12.50,24,22.69,64.99,544.68,4.80,equipment,A,paid_off,2024-06-12,2026-06-12,2024-06-12,2026-05-30 13:40:16.990875+00,2026-05-30 13:40:16.990875+00,,,0.00,0,
84014d6d-f6e4-4b60-bf6c-f24f94d48865,LN-1601,1880b1e2-2c04-4f26-9e0e-965695bfb3da,41340b75-3fa9-4cbd-bee5-5d10bb757dbb,1709.31,12.50,24,80.86,231.40,1940.71,17.09,travel,D,paid_off,2024-03-20,2026-03-20,2024-03-20,2026-05-30 13:40:16.990875+00,2026-05-30 13:40:16.990875+00,,,0.00,0,
84457a1a-ec94-428e-8668-0026d0d44a47,LN-1800,f954b41b-e5cb-4090-a013-23b0c131c5e1,89d1c7f8-46de-419f-b2ec-dc69213d45ca,90.66,12.50,24,4.29,12.26,102.92,0.91,homeImprovement,B,paid_off,2024-03-26,2026-03-26,2024-03-26,2026-05-30 13:40:16.990875+00,2026-05-30 13:40:16.990875+00,,,0.00,0,
84c29845-57a3-473a-9aeb-11d7b745f277,LN-1586,60ae27f7-57b6-4bf1-9b9b-049d6b1ff565,89d1c7f8-46de-419f-b2ec-dc69213d45ca,393.82,12.50,24,18.63,53.31,447.13,3.94,homeImprovement,B,paid_off,2024-08-14,2026-08-14,2024-08-14,2026-05-30 13:40:16.990875+00,2026-05-30 13:40:16.990875+00,,,0.00,0,
84e021fe-9f4c-4d13-9bc6-ae58c3f40f43,LN-1337,7f9bca5c-536a-488e-bbc6-0ca0f065654a,89d1c7f8-46de-419f-b2ec-dc69213d45ca,427.98,12.50,24,20.25,57.92,485.90,4.28,auto,A,active,2025-05-30,2027-05-30,2025-05-30,2026-05-30 13:40:16.880606+00,2026-05-30 13:40:16.880606+00,,,0.00,0,
84e5d642-2cf1-43eb-983d-d2d122d3cd7f,LN-1442,2ab54acb-a1f1-4c1f-a6ff-b74c9765994e,89d1c7f8-46de-419f-b2ec-dc69213d45ca,280.10,12.50,24,13.25,37.92,318.02,2.80,auto,A,paid_off,2024-09-12,2026-09-12,2024-09-12,2026-05-30 13:40:16.880606+00,2026-05-30 13:40:16.880606+00,,,0.00,0,
84f48efd-ea8b-4db9-b16c-c79a9967e85f,LN-1645,22325e31-5241-4c3f-bb17-0603d3e679c1,89d1c7f8-46de-419f-b2ec-dc69213d45ca,63.64,12.50,24,3.01,8.60,72.24,0.64,emergency,B,paid_off,2024-06-28,2026-06-28,2024-06-28,2026-05-30 13:40:16.990875+00,2026-05-30 13:40:16.990875+00,,,0.00,0,
84fe7a98-67be-40e0-8216-a80625262f9a,LN-0322,0e28d2eb-e58c-448d-b52f-774310511b19,866a2b0d-da4d-403f-9343-390a810648e5,867.94,12.50,24,41.06,117.51,985.45,8.68,emergency,A,active,2025-11-30,2027-11-30,2025-11-30,2026-05-30 13:40:16.593247+00,2026-05-30 13:40:16.593247+00,,,0.00,0,
8545310f-2d39-4eac-8bcd-a3ddf87212b6,LN-1230,960321d5-7076-4ea6-b0b1-d3467255694b,89d1c7f8-46de-419f-b2ec-dc69213d45ca,697.78,12.50,24,33.01,94.48,792.26,6.98,homeImprovement,A,active,2026-01-30,2028-01-30,2026-01-30,2026-05-30 13:40:16.880606+00,2026-05-30 13:40:16.880606+00,,,0.00,0,
856afad9-6159-415c-bf68-618b03e2b7eb,LN-0391,d4ba58fc-ef5e-4daa-b443-c629454bb1c1,89d1c7f8-46de-419f-b2ec-dc69213d45ca,241.92,12.50,24,11.44,32.78,274.70,2.42,consolidation,A,active,2025-11-30,2027-11-30,2025-11-30,2026-05-30 13:40:16.593247+00,2026-05-30 13:40:16.593247+00,,,0.00,0,
85823c0c-294f-48fa-b0d1-f4f5f113f3c1,LN-1750,ba3d1f9b-91d2-4bc0-b82b-7a93dad36e6e,0c6925f4-7d92-41a9-b358-1d126fb41279,425.63,12.50,24,20.14,57.62,483.25,4.26,consolidation,A,paid_off,2024-02-05,2026-02-05,2024-02-05,2026-05-30 13:40:16.990875+00,2026-05-30 13:40:16.990875+00,,,0.00,0,
858f94b1-1f63-40bf-a929-b70c7467a2dc,LN-1785,3182091b-0a45-407b-a856-bf263d78ee19,89d1c7f8-46de-419f-b2ec-dc69213d45ca,292.11,12.50,24,13.82,39.54,331.65,2.92,consolidation,A,paid_off,2024-09-27,2026-09-27,2024-09-27,2026-05-30 13:40:16.990875+00,2026-05-30 13:40:16.990875+00,,,0.00,0,
859e6420-c7a4-41c6-86b2-236b7d73ff78,LN-1571,b0eaf2a1-d5a6-49df-85d2-809dbce5d06d,0c6925f4-7d92-41a9-b358-1d126fb41279,274.92,12.50,24,13.01,37.20,312.12,2.75,equipment,A,paid_off,2024-05-06,2026-05-06,2024-05-06,2026-05-30 13:40:16.990875+00,2026-05-30 13:40:16.990875+00,,,0.00,0,
85aad446-358a-4b23-92fa-d6304c367ebc,LN-0392,c5104558-aa5d-4781-9280-42da03548fca,41340b75-3fa9-4cbd-bee5-5d10bb757dbb,1225.41,12.50,24,57.97,165.89,1391.30,12.25,consolidation,A,active,2026-03-02,2028-03-02,2026-03-02,2026-05-30 13:40:16.593247+00,2026-05-30 13:40:16.593247+00,,,0.00,0,
8623fa50-77dc-4cdb-b17f-353f0b661254,LN-1277,fe858389-1d98-4948-b62b-723b87de959f,89d1c7f8-46de-419f-b2ec-dc69213d45ca,204.25,12.50,24,9.66,27.67,231.92,2.04,emergency,A,active,2025-11-30,2027-11-30,2025-11-30,2026-05-30 13:40:16.880606+00,2026-05-30 13:40:16.880606+00,,,0.00,0,
862d12ad-3787-42c5-a8d9-e9e037001ba2,LN-0157,4049c008-3cdd-4f59-bc0e-299883f26a70,866a2b0d-da4d-403f-9343-390a810648e5,1485.78,12.50,24,70.29,201.14,1686.92,14.86,emergency,C,active,2025-03-30,2027-03-30,2025-03-30,2026-05-30 13:40:16.593247+00,2026-05-30 13:40:16.593247+00,,,0.00,0,
864575cf-7532-41bf-a5d7-3493dc03c88a,LN-1559,0d9cdedd-a19e-4f7d-88ba-a38f37bd3072,866a2b0d-da4d-403f-9343-390a810648e5,745.96,12.50,24,35.29,100.98,846.94,7.46,auto,C,paid_off,2024-06-18,2026-06-18,2024-06-18,2026-05-30 13:40:16.990875+00,2026-05-30 13:40:16.990875+00,,,0.00,0,
86669d04-8c13-4f47-bb64-cf8303d3a8eb,LN-1948,ae8014be-b106-472f-8da8-6d37306009ff,89d1c7f8-46de-419f-b2ec-dc69213d45ca,73.99,12.50,24,3.50,10.01,84.00,0.74,event,A,paid_off,2024-06-08,2026-06-08,2024-06-08,2026-05-30 13:40:16.990875+00,2026-05-30 13:40:16.990875+00,,,0.00,0,
8669d0c2-49f2-4f0d-a319-37f48592c3aa,LN-1626,2686076e-ca86-4a01-a479-27985f1aa264,0c6925f4-7d92-41a9-b358-1d126fb41279,640.22,12.50,24,30.29,86.66,726.88,6.40,travel,B,paid_off,2024-06-05,2026-06-05,2024-06-05,2026-05-30 13:40:16.990875+00,2026-05-30 13:40:16.990875+00,,,0.00,0,
86a08ca0-0e54-4fc2-afaa-5b9965532056,LN-1467,5a81ed46-d265-4f7f-b447-f16c4912d0dc,89d1c7f8-46de-419f-b2ec-dc69213d45ca,576.25,12.50,24,27.26,78.01,654.26,5.76,event,D,paid_off,2024-03-25,2026-03-25,2024-03-25,2026-05-30 13:40:16.880606+00,2026-05-30 13:40:16.880606+00,,,0.00,0,
86b9b542-11f7-4cad-a272-f3c1a3dcc4ef,LN-1346,dc859b27-ef6f-4a66-b90b-7266eedee3d0,866a2b0d-da4d-403f-9343-390a810648e5,1183.20,12.50,24,55.97,160.21,1343.41,11.83,emergency,B,active,2026-01-30,2028-01-30,2026-01-30,2026-05-30 13:40:16.880606+00,2026-05-30 13:40:16.880606+00,,,0.00,0,
86ffd28f-48dd-4464-a3bb-3e732d53fbf6,LN-0325,7c48cf27-eaaa-4d92-a4c8-498c01f8cc20,0c6925f4-7d92-41a9-b358-1d126fb41279,67.50,12.50,24,3.19,9.11,76.61,0.68,travel,A,active,2025-12-30,2027-12-30,2025-12-30,2026-05-30 13:40:16.593247+00,2026-05-30 13:40:16.593247+00,,,0.00,0,
8710b0f3-57a6-4f98-b6e4-ddd5cb31c8d9,LN-1949,e106383d-4407-4924-9d39-26392a98e3aa,0c6925f4-7d92-41a9-b358-1d126fb41279,208.63,12.50,24,9.87,28.20,236.83,2.09,auto,C,paid_off,2024-09-28,2026-09-28,2024-09-28,2026-05-30 13:40:16.990875+00,2026-05-30 13:40:16.990875+00,,,0.00,0,
876c79d1-3c43-45ac-bf54-3e370565ba8f,LN-1667,3b48bc9d-d30c-4e51-81fb-3e6796e0173f,89d1c7f8-46de-419f-b2ec-dc69213d45ca,381.34,12.50,24,18.04,51.64,432.98,3.81,homeImprovement,A,paid_off,2024-02-02,2026-02-02,2024-02-02,2026-05-30 13:40:16.990875+00,2026-05-30 13:40:16.990875+00,,,0.00,0,
876deb60-068c-4817-a00d-52070c1f3473,LN-0914,584f6159-51bb-4fa1-a4a8-cfa08bf59487,0c6925f4-7d92-41a9-b358-1d126fb41279,380.42,12.50,24,18.00,51.49,431.91,3.80,emergency,D,active,2026-03-30,2028-03-30,2026-03-30,2026-05-30 13:40:16.751319+00,2026-05-30 13:40:16.751319+00,,,0.00,0,
879ca9d8-e31c-4f6c-b8fa-8bf04a65fe11,LN-0781,31491938-9ae6-4339-9661-483ad6ed46a8,89d1c7f8-46de-419f-b2ec-dc69213d45ca,762.78,12.50,24,36.09,103.23,866.01,7.63,emergency,A,active,2025-04-30,2027-04-30,2025-04-30,2026-05-30 13:40:16.751319+00,2026-05-30 13:40:16.751319+00,,,0.00,0,
87a2af5b-648e-4696-9840-babfe98ddc34,LN-1113,08461546-9a8c-4e69-bb2d-75afe092d29e,0c6925f4-7d92-41a9-b358-1d126fb41279,524.76,12.50,24,24.82,71.05,595.81,5.25,emergency,C,active,2026-03-30,2028-03-30,2026-03-30,2026-05-30 13:40:16.880606+00,2026-05-30 13:40:16.880606+00,,,0.00,0,
87a4af1b-2df6-4a8b-bc75-4e7ad2a7e27f,LN-0923,aeff6e19-d2be-42ca-9259-085d295eb6c5,0c6925f4-7d92-41a9-b358-1d126fb41279,281.15,12.50,24,13.30,38.06,319.21,2.81,homeImprovement,A,active,2026-04-30,2028-04-30,2026-04-30,2026-05-30 13:40:16.751319+00,2026-05-30 13:40:16.751319+00,,,0.00,0,
87ae8303-6512-4b92-a1c7-24bd8f07c39d,LN-1686,fe9f3b73-d294-46bb-baff-1ace47ada34c,0c6925f4-7d92-41a9-b358-1d126fb41279,494.28,12.50,24,23.38,66.93,561.21,4.94,event,C,paid_off,2024-09-09,2026-09-09,2024-09-09,2026-05-30 13:40:16.990875+00,2026-05-30 13:40:16.990875+00,,,0.00,0,
87d58e99-d551-409e-abc7-267043904491,LN-1099,61bf7659-b79a-4c81-ad3f-5f88d8b98d69,0c6925f4-7d92-41a9-b358-1d126fb41279,467.51,12.50,24,22.12,63.30,530.81,4.68,medical,A,active,2025-08-30,2027-08-30,2025-08-30,2026-05-30 13:40:16.880606+00,2026-05-30 13:40:16.880606+00,,,0.00,0,
87d8df2b-b50e-4ca7-947b-7623251f5be9,LN-0968,dd6b1142-90ee-4449-86e6-28c802d41e07,0c6925f4-7d92-41a9-b358-1d126fb41279,607.18,12.50,24,28.72,82.23,689.41,6.07,emergency,D,active,2025-03-30,2027-03-30,2025-03-30,2026-05-30 13:40:16.751319+00,2026-05-30 13:40:16.751319+00,,,0.00,0,
87dc0e25-c873-4d9b-a524-2454d1147661,LN-0142,c9950f5e-56f8-411f-a686-479dd8151ec4,866a2b0d-da4d-403f-9343-390a810648e5,652.69,12.50,24,30.88,88.35,741.04,6.53,consolidation,A,active,2025-09-30,2027-09-30,2025-09-30,2026-05-30 13:40:16.593247+00,2026-05-30 13:40:16.593247+00,,,0.00,0,
87fe18ac-da8d-4aae-9ae6-47bc9b47619a,LN-0037,4141ef79-6200-4ab5-b867-ab3d19e5be9a,0c6925f4-7d92-41a9-b358-1d126fb41279,972.08,12.50,24,45.99,131.60,1103.68,9.72,travel,A,active,2025-03-30,2027-03-30,2025-03-30,2026-05-30 13:40:16.593247+00,2026-05-30 13:40:16.593247+00,,,0.00,0,
88247a5b-2fca-4e88-82e6-ebea19e00a75,LN-1081,2e5ad4be-01f8-4c3e-99b2-5eb8402006a1,0c6925f4-7d92-41a9-b358-1d126fb41279,302.56,12.50,24,14.31,40.96,343.52,3.03,travel,A,active,2026-03-30,2028-03-30,2026-03-30,2026-05-30 13:40:16.880606+00,2026-05-30 13:40:16.880606+00,,,0.00,0,
88293986-7732-4c08-a99c-f08ea727591f,LN-1817,bab3d9e0-1ea8-42ef-ac14-536e709e6a1f,0c6925f4-7d92-41a9-b358-1d126fb41279,461.68,12.50,24,21.84,62.50,524.18,4.62,emergency,A,paid_off,2024-11-05,2026-11-05,2024-11-05,2026-05-30 13:40:16.990875+00,2026-05-30 13:40:16.990875+00,,,0.00,0,
8851db07-3f0c-4131-bb5c-04aaabe34aa7,LN-1862,dbf99134-348e-4f8b-b8d9-11255d6d8cb3,0c6925f4-7d92-41a9-b358-1d126fb41279,222.89,12.50,24,10.54,30.17,253.06,2.23,medical,B,paid_off,2024-10-18,2026-10-18,2024-10-18,2026-05-30 13:40:16.990875+00,2026-05-30 13:40:16.990875+00,,,0.00,0,
886bf8f3-ee70-4ac4-bbfc-4ccef8d8cfad,LN-0290,b0eaf2a1-d5a6-49df-85d2-809dbce5d06d,0c6925f4-7d92-41a9-b358-1d126fb41279,287.82,12.50,24,13.62,38.97,326.79,2.88,equipment,A,active,2025-12-30,2027-12-30,2025-12-30,2026-05-30 13:40:16.593247+00,2026-05-30 13:40:16.593247+00,,,0.00,0,
887f4853-e04b-4d0b-9f17-4c5aa5bb2226,LN-1529,d3e68ba5-6afa-4e3b-b99c-981ce8a11e25,89d1c7f8-46de-419f-b2ec-dc69213d45ca,288.02,12.50,24,13.63,38.97,326.99,2.88,equipment,B,paid_off,2024-04-10,2026-04-10,2024-04-10,2026-05-30 13:40:16.990875+00,2026-05-30 13:40:16.990875+00,,,0.00,0,
889487c2-682a-40f0-8805-caf0b66b96cc,LN-1147,c88c131e-aed6-47e6-906e-1b88b711f4d4,89d1c7f8-46de-419f-b2ec-dc69213d45ca,367.56,12.50,24,17.39,49.76,417.32,3.68,equipment,A,active,2025-03-30,2027-03-30,2025-03-30,2026-05-30 13:40:16.880606+00,2026-05-30 13:40:16.880606+00,,,0.00,1,2026-06-30
88afc247-bac2-48f5-af31-24679d2babd7,LN-1379,71d4f7b7-1e45-46d9-bba6-7fa1aeb5ac6e,89d1c7f8-46de-419f-b2ec-dc69213d45ca,307.21,12.50,24,14.53,41.59,348.80,3.07,travel,C,paid_off,2024-11-06,2026-11-06,2024-11-06,2026-05-30 13:40:16.880606+00,2026-05-30 13:40:16.880606+00,,,0.00,0,
88c97da2-ddab-49cf-9169-dead8b482a6f,LN-0292,868be2a3-b765-4965-93ac-ddcf285ae475,89d1c7f8-46de-419f-b2ec-dc69213d45ca,474.32,12.50,24,22.44,64.21,538.53,4.74,emergency,A,active,2025-12-30,2027-12-30,2025-12-30,2026-05-30 13:40:16.593247+00,2026-05-30 13:40:16.593247+00,,,0.00,0,
88d2f9b8-8f2e-435c-9df6-ccc7231ef502,LN-0575,91e9124b-538f-4bdb-bd54-2d3dbf3a1dd8,866a2b0d-da4d-403f-9343-390a810648e5,1046.78,12.50,24,49.52,141.73,1188.51,10.47,travel,A,active,2025-08-30,2027-08-30,2025-08-30,2026-05-30 13:40:16.751319+00,2026-05-30 13:40:16.751319+00,,,0.00,0,
88db37e3-ca85-4100-9f1a-666c5c7a7977,LN-0935,7904da94-9f96-4cfd-ba17-7175ac5e9b17,0c6925f4-7d92-41a9-b358-1d126fb41279,223.91,12.50,24,10.59,30.31,254.22,2.24,emergency,B,active,2026-01-30,2028-01-30,2026-01-30,2026-05-30 13:40:16.751319+00,2026-05-30 13:40:16.751319+00,,,0.00,2,2026-06-30
890db330-c0c3-4702-803b-e91574c589b1,LN-1082,15759b8e-1b96-415a-b28b-ad0b9baedcc6,89d1c7f8-46de-419f-b2ec-dc69213d45ca,503.07,12.50,24,23.80,68.07,571.14,5.03,event,D,active,2026-01-30,2028-01-30,2026-01-30,2026-05-30 13:40:16.880606+00,2026-05-30 13:40:16.880606+00,,,0.00,0,
8920f617-e677-4069-8cc3-9584f397a0f2,LN-1802,fecd89e9-071a-4d98-b635-afc3ea20641e,89d1c7f8-46de-419f-b2ec-dc69213d45ca,107.72,12.50,24,5.10,14.58,122.30,1.08,travel,B,paid_off,2024-03-06,2026-03-06,2024-03-06,2026-05-30 13:40:16.990875+00,2026-05-30 13:40:16.990875+00,,,0.00,0,
8937c801-b6c1-496b-9897-fb8a3e8c0699,LN-0161,2f99c790-a1ab-41dc-bdda-7a2bcd0ac627,0c6925f4-7d92-41a9-b358-1d126fb41279,75.20,12.50,24,3.56,10.18,85.38,0.75,equipment,A,active,2026-04-30,2028-04-30,2026-04-30,2026-05-30 13:40:16.593247+00,2026-05-30 13:40:16.593247+00,,,0.00,0,
8945e4c2-909c-4445-9009-4e3b2b08d8c5,LN-1897,98e91105-ecf4-497b-b39f-c8bd9efc7d8e,89d1c7f8-46de-419f-b2ec-dc69213d45ca,369.58,12.50,24,17.48,50.01,419.59,3.70,event,A,paid_off,2024-03-11,2026-03-11,2024-03-11,2026-05-30 13:40:16.990875+00,2026-05-30 13:40:16.990875+00,,,0.00,0,
894d3040-b638-4706-a2f4-0b030bd05abb,LN-1481,0c039208-6245-4b0a-a25d-7f9c3c18e8ad,0c6925f4-7d92-41a9-b358-1d126fb41279,250.84,12.50,24,11.87,33.95,284.79,2.51,event,A,paid_off,2024-06-21,2026-06-21,2024-06-21,2026-05-30 13:40:16.880606+00,2026-05-30 13:40:16.880606+00,,,0.00,0,
8976aab6-bf95-4ab0-91c8-26efbcc68c90,LN-1166,2d569e54-7703-46ff-b213-70b81102a982,89d1c7f8-46de-419f-b2ec-dc69213d45ca,491.71,12.50,24,23.26,66.55,558.26,4.92,event,A,active,2025-11-30,2027-11-30,2025-11-30,2026-05-30 13:40:16.880606+00,2026-05-30 13:40:16.880606+00,,,0.00,0,
899ec869-180b-4584-ae25-9630ab77636a,LN-1001,ead2506b-ad02-448f-af5a-6fd554998597,0c6925f4-7d92-41a9-b358-1d126fb41279,618.66,12.50,24,29.27,83.75,702.41,6.19,auto,A,defaulted,2026-03-02,2028-03-02,2026-03-02,2026-05-30 13:40:16.880606+00,2026-05-30 13:40:16.880606+00,2025-10-30,written_off,618.66,4,
899fe620-a5c3-4c0d-b4e9-2530e07c5e3c,LN-0405,c19fc042-8a26-494d-8cc2-bae9372b2f13,89d1c7f8-46de-419f-b2ec-dc69213d45ca,772.57,12.50,24,36.55,104.59,877.16,7.73,auto,A,active,2025-12-30,2027-12-30,2025-12-30,2026-05-30 13:40:16.593247+00,2026-05-30 13:40:16.593247+00,,,0.00,0,
89bd6c97-8cec-4383-8244-ec202dbb9b2b,LN-0067,cd739577-3e5f-43e3-afb5-35cc68c1c2e3,41340b75-3fa9-4cbd-bee5-5d10bb757dbb,1081.46,12.50,24,51.16,146.43,1227.89,10.81,travel,A,active,2025-11-30,2027-11-30,2025-11-30,2026-05-30 13:40:16.593247+00,2026-05-30 13:40:16.593247+00,,,0.00,0,
8a13e5af-b905-4077-acac-5f3fe6a0a57e,LN-0994,0f263dfb-3628-490f-a090-3c0c30bc8020,866a2b0d-da4d-403f-9343-390a810648e5,802.74,12.50,24,37.98,108.67,911.41,8.03,auto,A,active,2025-05-30,2027-05-30,2025-05-30,2026-05-30 13:40:16.751319+00,2026-05-30 13:40:16.751319+00,,,0.00,1,2026-06-30
8a3c2d5b-97bf-458f-aee8-16407f7242b6,LN-1281,01c610a8-1861-41e0-991b-886b93f15cc1,41340b75-3fa9-4cbd-bee5-5d10bb757dbb,690.20,12.50,24,32.65,93.47,783.67,6.90,consolidation,D,active,2025-03-30,2027-03-30,2025-03-30,2026-05-30 13:40:16.880606+00,2026-05-30 13:40:16.880606+00,,,0.00,0,
8a484b97-4895-40d2-87d6-aaf15609da51,LN-1935,3ae0ff9a-18e9-4b88-a025-639626edc2ee,89d1c7f8-46de-419f-b2ec-dc69213d45ca,160.28,12.50,24,7.58,21.73,182.01,1.60,event,D,paid_off,2024-05-03,2026-05-03,2024-05-03,2026-05-30 13:40:16.990875+00,2026-05-30 13:40:16.990875+00,,,0.00,0,
8a5b0be2-78cc-4005-8bbc-f5e432106bc9,LN-0285,14f0b631-fcf6-4619-9fbd-6fa6fb469a5f,89d1c7f8-46de-419f-b2ec-dc69213d45ca,578.56,12.50,24,27.37,78.32,656.88,5.79,medical,A,active,2025-10-30,2027-10-30,2025-10-30,2026-05-30 13:40:16.593247+00,2026-05-30 13:40:16.593247+00,,,0.00,0,
8a664dc9-c04b-4470-ad77-16e0a5b60fe2,LN-1687,62fd132d-5018-4606-ac1d-c1ba9231b725,0c6925f4-7d92-41a9-b358-1d126fb41279,290.43,12.50,24,13.74,39.32,329.75,2.90,travel,A,paid_off,2024-11-12,2026-11-12,2024-11-12,2026-05-30 13:40:16.990875+00,2026-05-30 13:40:16.990875+00,,,0.00,0,
8a6fb758-0996-44aa-92b4-f6a286294498,LN-0953,2ef6b002-d112-44f3-b8f7-df80f878d595,89d1c7f8-46de-419f-b2ec-dc69213d45ca,558.39,12.50,24,26.42,75.59,633.98,5.58,homeImprovement,A,active,2025-05-30,2027-05-30,2025-05-30,2026-05-30 13:40:16.751319+00,2026-05-30 13:40:16.751319+00,,,0.00,0,
8a74c6fe-27af-4831-8bd7-d5260d14790f,LN-1702,c1055b1b-6cbf-46e5-84f4-3a35403ce9cf,0c6925f4-7d92-41a9-b358-1d126fb41279,119.92,12.50,24,5.67,16.26,136.18,1.20,emergency,D,paid_off,2024-03-17,2026-03-17,2024-03-17,2026-05-30 13:40:16.990875+00,2026-05-30 13:40:16.990875+00,,,0.00,0,
8a7a8a8f-a8e0-4eb3-9ce1-b8f914635c6a,LN-0845,b69180c0-3cfd-483f-81be-9574e9d1add7,89d1c7f8-46de-419f-b2ec-dc69213d45ca,162.47,12.50,24,7.69,21.99,184.46,1.62,consolidation,B,active,2025-09-30,2027-09-30,2025-09-30,2026-05-30 13:40:16.751319+00,2026-05-30 13:40:16.751319+00,,,0.00,0,
8ae5e7c1-a8b4-40ae-bcc8-499b32bb4173,LN-1627,66fda37b-3a75-49a9-b9bd-2d055943e9d5,41340b75-3fa9-4cbd-bee5-5d10bb757dbb,827.44,12.50,24,39.14,112.04,939.48,8.27,auto,A,paid_off,2024-12-06,2026-12-06,2024-12-06,2026-05-30 13:40:16.990875+00,2026-05-30 13:40:16.990875+00,,,0.00,0,
8af6aed2-16bd-41ae-a448-e9579b9b7133,LN-1247,e05771e1-0463-4692-9c41-eb1fc90f7bbc,89d1c7f8-46de-419f-b2ec-dc69213d45ca,771.28,12.50,24,36.49,104.41,875.69,7.71,travel,A,active,2025-06-30,2027-06-30,2025-06-30,2026-05-30 13:40:16.880606+00,2026-05-30 13:40:16.880606+00,,,0.00,0,
8b207144-f5ac-40e2-8f64-66b458b07920,LN-0548,bc5d27ba-75e9-4714-b9ba-4f77160e5f65,0c6925f4-7d92-41a9-b358-1d126fb41279,427.17,12.50,24,20.21,57.83,485.00,4.27,travel,A,active,2025-11-30,2027-11-30,2025-11-30,2026-05-30 13:40:16.751319+00,2026-05-30 13:40:16.751319+00,,,0.00,0,
8b26f1d9-ffd6-4fa7-ae6c-635d4097518e,LN-0183,88a5690f-58c0-4a59-b90e-d09ec2f35c27,89d1c7f8-46de-419f-b2ec-dc69213d45ca,504.07,12.50,24,23.85,68.22,572.29,5.04,auto,D,active,2025-12-30,2027-12-30,2025-12-30,2026-05-30 13:40:16.593247+00,2026-05-30 13:40:16.593247+00,,,0.00,0,
8b9b898f-f425-4205-ae63-440a41294445,LN-0423,cc8d7d33-1061-4ddc-bbcd-e7b4034b18ab,0c6925f4-7d92-41a9-b358-1d126fb41279,592.83,12.50,24,28.05,80.25,673.08,5.93,auto,B,active,2025-05-30,2027-05-30,2025-05-30,2026-05-30 13:40:16.593247+00,2026-05-30 13:40:16.593247+00,,,0.00,0,
8bb41148-00ad-406b-be8a-458d97f71d6c,LN-1597,d473a7ed-f282-4e33-ba51-e74dd9eb2ee2,89d1c7f8-46de-419f-b2ec-dc69213d45ca,157.27,12.50,24,7.44,21.30,178.57,1.57,equipment,B,paid_off,2024-12-18,2026-12-18,2024-12-18,2026-05-30 13:40:16.990875+00,2026-05-30 13:40:16.990875+00,,,0.00,0,
8be41c2c-c4fa-4eeb-8fc5-3ba9081dbf7b,LN-1298,0169cce7-3824-4ce1-85ef-591412ca4e0e,866a2b0d-da4d-403f-9343-390a810648e5,696.83,12.50,24,32.97,94.31,791.14,6.97,homeImprovement,A,active,2025-06-30,2027-06-30,2025-06-30,2026-05-30 13:40:16.880606+00,2026-05-30 13:40:16.880606+00,,,0.00,1,2026-06-30
8bf73bb7-cc0f-4663-b0b4-ce9faeb4913d,LN-1045,fac5756f-7be7-4995-b78e-11404879606c,89d1c7f8-46de-419f-b2ec-dc69213d45ca,110.80,12.50,24,5.24,15.01,125.81,1.11,equipment,C,active,2026-04-30,2028-04-30,2026-04-30,2026-05-30 13:40:16.880606+00,2026-05-30 13:40:16.880606+00,,,0.00,0,
8bfe6796-7f65-4458-bde9-6dc0d4720396,LN-0485,6380e864-dfc6-4896-8794-80413ab32de7,0c6925f4-7d92-41a9-b358-1d126fb41279,304.63,12.50,24,14.41,41.27,345.90,3.05,consolidation,A,active,2025-11-30,2027-11-30,2025-11-30,2026-05-30 13:40:16.593247+00,2026-05-30 13:40:16.593247+00,,,0.00,0,
8c0d6a1e-88b8-440a-b823-3fcbdade670f,LN-1237,47c17988-05f2-41b2-94c5-408848a9b733,866a2b0d-da4d-403f-9343-390a810648e5,765.14,12.50,24,36.20,103.58,868.72,7.65,event,B,active,2025-05-30,2027-05-30,2025-05-30,2026-05-30 13:40:16.880606+00,2026-05-30 13:40:16.880606+00,,,0.00,0,
8c3b2882-98e2-4f14-9c07-19001f1f0cea,LN-0600,f91fe4cb-4ef6-46fc-aa46-21a9e68d7b33,41340b75-3fa9-4cbd-bee5-5d10bb757dbb,723.03,12.50,24,34.20,97.88,820.91,7.23,consolidation,D,active,2026-03-02,2028-03-02,2026-03-02,2026-05-30 13:40:16.751319+00,2026-05-30 13:40:16.751319+00,,,0.00,0,
8c670202-4820-4dfe-8166-6814c07b5338,LN-1672,85f24df5-8fe8-4faa-a825-d8a40b023663,41340b75-3fa9-4cbd-bee5-5d10bb757dbb,519.46,12.50,24,24.57,70.34,589.80,5.19,homeImprovement,C,paid_off,2024-03-19,2026-03-19,2024-03-19,2026-05-30 13:40:16.990875+00,2026-05-30 13:40:16.990875+00,,,0.00,0,
8c959b1e-5b4e-4d02-8b13-1119678b977b,LN-0543,dbf99134-348e-4f8b-b8d9-11255d6d8cb3,0c6925f4-7d92-41a9-b358-1d126fb41279,521.24,12.50,24,24.66,70.59,591.83,5.21,travel,B,active,2025-03-02,2027-03-02,2025-03-02,2026-05-30 13:40:16.751319+00,2026-05-30 13:40:16.751319+00,,,0.00,1,2026-06-30
8cc94ad1-54dd-42af-99de-ce7d59ce4d7e,LN-1632,609c1114-91ef-4a6e-a30e-6b57fed75b76,866a2b0d-da4d-403f-9343-390a810648e5,934.97,12.50,24,44.23,126.59,1061.56,9.35,auto,A,paid_off,2024-11-20,2026-11-20,2024-11-20,2026-05-30 13:40:16.990875+00,2026-05-30 13:40:16.990875+00,,,0.00,0,
8cecf0e6-c3f2-47ca-a4e0-3ea128da210f,LN-0618,f41eeb80-82dd-495a-9dac-a365ec4fc39a,89d1c7f8-46de-419f-b2ec-dc69213d45ca,300.94,12.50,24,14.24,40.70,341.64,3.01,medical,C,active,2025-03-30,2027-03-30,2025-03-30,2026-05-30 13:40:16.751319+00,2026-05-30 13:40:16.751319+00,,,0.00,0,
8d136037-59c9-4546-97fc-583e131c4c88,LN-0034,3efaba86-6ddd-472a-be2d-995cfd0a68c0,89d1c7f8-46de-419f-b2ec-dc69213d45ca,670.52,12.50,24,31.72,90.77,761.29,6.71,auto,C,active,2025-08-30,2027-08-30,2025-08-30,2026-05-30 13:40:16.593247+00,2026-05-30 13:40:16.593247+00,,,0.00,2,2026-06-30
8d2080e4-3e7f-4e37-9489-0688418410d3,LN-1532,1ca7571e-add3-4422-854e-2eafdb98c75b,89d1c7f8-46de-419f-b2ec-dc69213d45ca,439.67,12.50,24,20.80,59.51,499.18,4.40,auto,C,paid_off,2024-07-13,2026-07-13,2024-07-13,2026-05-30 13:40:16.990875+00,2026-05-30 13:40:16.990875+00,,,0.00,0,
8d288562-efa0-489f-a2b1-fe04a084b03e,LN-1200,0f0ca9c5-6ad3-4775-9055-ca80e658fba2,89d1c7f8-46de-419f-b2ec-dc69213d45ca,72.63,12.50,24,3.44,9.79,82.42,0.73,travel,C,active,2025-03-30,2027-03-30,2025-03-30,2026-05-30 13:40:16.880606+00,2026-05-30 13:40:16.880606+00,,,0.00,0,
8d36bb09-e37f-4637-9331-b750599002ab,LN-0565,822a5d67-8419-43dc-b5fc-347be2b17e1f,0c6925f4-7d92-41a9-b358-1d126fb41279,594.49,12.50,24,28.12,80.50,674.99,5.94,medical,A,active,2025-03-30,2027-03-30,2025-03-30,2026-05-30 13:40:16.751319+00,2026-05-30 13:40:16.751319+00,,,0.00,0,
8d3a6451-4e3e-4575-9897-d014955feb6c,LN-1754,4287521b-2674-4e3d-ad05-deed9b56b034,89d1c7f8-46de-419f-b2ec-dc69213d45ca,218.31,12.50,24,10.33,29.56,247.87,2.18,travel,B,paid_off,2024-06-16,2026-06-16,2024-06-16,2026-05-30 13:40:16.990875+00,2026-05-30 13:40:16.990875+00,,,0.00,0,
8d47dad0-e424-49aa-b600-e7621413f71f,LN-1692,9c376121-bb16-4d42-8d8e-ae687407893f,0c6925f4-7d92-41a9-b358-1d126fb41279,170.80,12.50,24,8.08,23.12,193.92,1.71,auto,A,paid_off,2024-01-06,2026-01-06,2024-01-06,2026-05-30 13:40:16.990875+00,2026-05-30 13:40:16.990875+00,,,0.00,0,
8d4adbc1-10f2-4401-8f1d-5cacc73fb751,LN-1449,8a1dc486-6990-44a2-972d-e66373901b28,89d1c7f8-46de-419f-b2ec-dc69213d45ca,367.38,12.50,24,17.38,49.76,417.14,3.67,consolidation,B,paid_off,2024-10-20,2026-10-20,2024-10-20,2026-05-30 13:40:16.880606+00,2026-05-30 13:40:16.880606+00,,,0.00,0,
8d51f5e9-8244-4653-bf9b-aeecb2e4354a,LN-0954,02d29f86-f03b-4b57-9f3c-9a73841eea07,89d1c7f8-46de-419f-b2ec-dc69213d45ca,159.76,12.50,24,7.56,21.59,181.35,1.60,auto,D,active,2026-01-30,2028-01-30,2026-01-30,2026-05-30 13:40:16.751319+00,2026-05-30 13:40:16.751319+00,,,0.00,0,
8d65c865-b6a3-4cd2-9b5f-6ff949267416,LN-1878,fafd742d-209d-4bc3-a39d-cc06c4c4e82e,89d1c7f8-46de-419f-b2ec-dc69213d45ca,282.94,12.50,24,13.39,38.31,321.25,2.83,travel,D,paid_off,2024-08-28,2026-08-28,2024-08-28,2026-05-30 13:40:16.990875+00,2026-05-30 13:40:16.990875+00,,,0.00,0,
8d67eb34-454b-4f89-becf-872734c86839,LN-1616,a4e5c857-43a0-4a04-b3a1-5ba89a52685c,89d1c7f8-46de-419f-b2ec-dc69213d45ca,54.62,12.50,24,2.58,7.43,62.05,0.55,medical,D,paid_off,2024-07-02,2026-07-02,2024-07-02,2026-05-30 13:40:16.990875+00,2026-05-30 13:40:16.990875+00,,,0.00,0,
8d84895b-7e13-414a-a90c-c32b1c87e9c5,LN-1468,a01ff66a-77cc-45dc-8e24-e1340ac7b06f,89d1c7f8-46de-419f-b2ec-dc69213d45ca,217.31,12.50,24,10.28,29.43,246.74,2.17,equipment,B,paid_off,2024-11-26,2026-11-26,2024-11-26,2026-05-30 13:40:16.880606+00,2026-05-30 13:40:16.880606+00,,,0.00,0,
8d8bc99a-7c52-4daa-bb90-7f159d0b2584,LN-1172,46a44c39-d02a-4eb7-a079-b7f38b316610,89d1c7f8-46de-419f-b2ec-dc69213d45ca,68.19,12.50,24,3.23,9.24,77.43,0.68,auto,B,active,2025-07-30,2027-07-30,2025-07-30,2026-05-30 13:40:16.880606+00,2026-05-30 13:40:16.880606+00,,,0.00,0,
8db1f956-d7a8-4619-844d-42a0b7df5b5c,LN-1743,e05771e1-0463-4692-9c41-eb1fc90f7bbc,41340b75-3fa9-4cbd-bee5-5d10bb757dbb,566.74,12.50,24,26.81,76.74,643.48,5.67,travel,A,paid_off,2024-07-14,2026-07-14,2024-07-14,2026-05-30 13:40:16.990875+00,2026-05-30 13:40:16.990875+00,,,0.00,0,
8db50381-2ea2-4a89-90be-1f8ffdb04cda,LN-1646,3b48bc9d-d30c-4e51-81fb-3e6796e0173f,866a2b0d-da4d-403f-9343-390a810648e5,607.30,12.50,24,28.73,82.24,689.54,6.07,emergency,A,paid_off,2024-12-13,2026-12-13,2024-12-13,2026-05-30 13:40:16.990875+00,2026-05-30 13:40:16.990875+00,,,0.00,0,
8dd01d16-8cc4-4aec-988f-d366d29639f9,LN-1606,b7a897d4-4468-4b3c-96d6-ed8097f9230f,0c6925f4-7d92-41a9-b358-1d126fb41279,706.25,12.50,24,33.41,95.62,801.87,7.06,equipment,B,paid_off,2024-07-12,2026-07-12,2024-07-12,2026-05-30 13:40:16.990875+00,2026-05-30 13:40:16.990875+00,,,0.00,0,
8ddf0de8-59b7-494d-9148-cefcfce8643e,LN-0525,69f8ac7a-2816-43f1-a10d-f9a8253592c3,89d1c7f8-46de-419f-b2ec-dc69213d45ca,355.40,12.50,24,16.81,48.15,403.55,3.55,medical,B,active,2026-03-30,2028-03-30,2026-03-30,2026-05-30 13:40:16.751319+00,2026-05-30 13:40:16.751319+00,,,0.00,0,
8deb77a6-26bf-4c21-818d-3917e1cfe283,LN-1312,80c7318b-81a8-4f76-aadd-6490e23ea103,0c6925f4-7d92-41a9-b358-1d126fb41279,303.95,12.50,24,14.38,41.15,345.10,3.04,homeImprovement,C,active,2025-05-30,2027-05-30,2025-05-30,2026-05-30 13:40:16.880606+00,2026-05-30 13:40:16.880606+00,,,0.00,0,
8df0259e-d18c-4bd0-98a5-ffcef33bf292,LN-1585,7f68191a-50b4-4163-81d4-10f50cfbb421,0c6925f4-7d92-41a9-b358-1d126fb41279,228.52,12.50,24,10.81,30.91,259.43,2.29,consolidation,A,paid_off,2024-07-03,2026-07-03,2024-07-03,2026-05-30 13:40:16.990875+00,2026-05-30 13:40:16.990875+00,,,0.00,0,
8dfb6a43-b8eb-41b7-af47-6eb102fd359f,LN-1430,c00ffc7b-1744-47a3-a51f-0b7cfb144176,866a2b0d-da4d-403f-9343-390a810648e5,722.06,12.50,24,34.16,97.72,819.78,7.22,event,A,paid_off,2024-09-22,2026-09-22,2024-09-22,2026-05-30 13:40:16.880606+00,2026-05-30 13:40:16.880606+00,,,0.00,0,
8e23a10f-996b-4c01-bb11-3b54c6c093d7,LN-0832,d72672b1-88a7-40b4-af3a-6888d6b86360,89d1c7f8-46de-419f-b2ec-dc69213d45ca,232.55,12.50,24,11.00,31.50,264.05,2.33,homeImprovement,A,active,2025-08-30,2027-08-30,2025-08-30,2026-05-30 13:40:16.751319+00,2026-05-30 13:40:16.751319+00,,,0.00,0,
8e728c7f-a2f9-46cb-9211-9b6a3912eb98,LN-1077,3182091b-0a45-407b-a856-bf263d78ee19,89d1c7f8-46de-419f-b2ec-dc69213d45ca,450.52,12.50,24,21.31,61.02,511.54,4.51,medical,A,active,2025-08-30,2027-08-30,2025-08-30,2026-05-30 13:40:16.880606+00,2026-05-30 13:40:16.880606+00,,,0.00,0,
8e8c55ef-cd6d-42c4-a098-b389ceb1f8cd,LN-0108,d96fe4c8-a774-4a2f-8722-7f879c7ab2e9,89d1c7f8-46de-419f-b2ec-dc69213d45ca,90.21,12.50,24,4.27,12.22,102.43,0.90,auto,A,active,2025-07-30,2027-07-30,2025-07-30,2026-05-30 13:40:16.593247+00,2026-05-30 13:40:16.593247+00,,,0.00,0,
8e9cb996-b1ba-4680-af3a-ba3d7b59a35a,LN-0321,53aacef9-a2ce-467c-a9b2-e3b9dcafc536,89d1c7f8-46de-419f-b2ec-dc69213d45ca,89.85,12.50,24,4.25,12.19,102.04,0.90,auto,C,active,2026-04-30,2028-04-30,2026-04-30,2026-05-30 13:40:16.593247+00,2026-05-30 13:40:16.593247+00,,,0.00,0,
8ef50532-016d-4120-8816-de0f3b42b2b2,LN-1575,61ff5fd9-9933-41c5-8ba0-119578126cb0,89d1c7f8-46de-419f-b2ec-dc69213d45ca,348.14,12.50,24,16.47,47.12,395.26,3.48,emergency,A,paid_off,2024-06-12,2026-06-12,2024-06-12,2026-05-30 13:40:16.990875+00,2026-05-30 13:40:16.990875+00,,,0.00,0,
8f001fe6-83ae-43b9-9d75-140c493991f5,LN-1278,10249fb7-35b9-4141-ac09-3cadd8c86a2e,866a2b0d-da4d-403f-9343-390a810648e5,1123.26,12.50,24,53.14,152.06,1275.32,11.23,homeImprovement,D,active,2025-08-30,2027-08-30,2025-08-30,2026-05-30 13:40:16.880606+00,2026-05-30 13:40:16.880606+00,,,0.00,0,
8f39b9a5-1cdc-4e4d-b0be-0758d8b5577b,LN-1764,ba12dfdb-d6d2-48da-b667-2a00ba04039d,89d1c7f8-46de-419f-b2ec-dc69213d45ca,393.26,12.50,24,18.60,53.27,446.53,3.93,equipment,B,paid_off,2024-04-16,2026-04-16,2024-04-16,2026-05-30 13:40:16.990875+00,2026-05-30 13:40:16.990875+00,,,0.00,0,
8f7c056f-3c4f-4020-bb79-1d2f8a1bb911,LN-0927,5b7aefe7-202a-490c-be0d-c6551d3e68ef,89d1c7f8-46de-419f-b2ec-dc69213d45ca,363.21,12.50,24,17.18,49.18,412.39,3.63,emergency,C,active,2025-12-30,2027-12-30,2025-12-30,2026-05-30 13:40:16.751319+00,2026-05-30 13:40:16.751319+00,,,0.00,3,2026-06-30
8f887bb2-477a-4c5e-bd46-3a17feb889bf,LN-1034,445afd8a-81be-43c3-a975-8dd10918b737,89d1c7f8-46de-419f-b2ec-dc69213d45ca,151.80,12.50,24,7.18,20.52,172.32,1.52,medical,B,active,2025-03-30,2027-03-30,2025-03-30,2026-05-30 13:40:16.880606+00,2026-05-30 13:40:16.880606+00,,,0.00,0,
8fcd7ae0-208b-480f-af8b-f9fd49a56d8e,LN-0818,2a42319b-ea9c-496a-bc54-fc45a49ad050,41340b75-3fa9-4cbd-bee5-5d10bb757dbb,952.73,12.50,24,45.07,129.01,1081.74,9.53,auto,B,active,2025-08-30,2027-08-30,2025-08-30,2026-05-30 13:40:16.751319+00,2026-05-30 13:40:16.751319+00,,,0.00,0,
9034c403-a7c4-438d-8a83-a2c94f63e653,LN-1009,34533c4e-63ee-4db0-8da9-ce429eea4a24,89d1c7f8-46de-419f-b2ec-dc69213d45ca,65.14,12.50,24,3.08,8.82,73.96,0.65,medical,B,active,2025-03-30,2027-03-30,2025-03-30,2026-05-30 13:40:16.880606+00,2026-05-30 13:40:16.880606+00,,,0.00,3,2026-06-30
903c560d-b2ca-44ec-b7fe-722cdd1bd885,LN-1981,c43c520f-67b2-49e0-878a-8f286027343a,0c6925f4-7d92-41a9-b358-1d126fb41279,300.21,12.50,24,14.20,40.67,340.88,3.00,medical,D,paid_off,2024-02-14,2026-02-14,2024-02-14,2026-05-30 13:40:16.990875+00,2026-05-30 13:40:16.990875+00,,,0.00,0,
903d2e60-2e43-4177-bf51-a540e8961ee9,LN-1553,8d6d73f2-0918-424d-bb90-8e8bcb842749,89d1c7f8-46de-419f-b2ec-dc69213d45ca,337.39,12.50,24,15.96,45.68,383.07,3.37,equipment,D,paid_off,2024-03-22,2026-03-22,2024-03-22,2026-05-30 13:40:16.990875+00,2026-05-30 13:40:16.990875+00,,,0.00,0,
9047ac6d-0ddc-4097-9a94-85b0afc4afce,LN-1375,8777db10-de79-4881-b54d-e33a09eeabc3,0c6925f4-7d92-41a9-b358-1d126fb41279,404.51,12.50,24,19.14,54.73,459.24,4.05,event,C,paid_off,2024-07-25,2026-07-25,2024-07-25,2026-05-30 13:40:16.880606+00,2026-05-30 13:40:16.880606+00,,,0.00,0,
907ce864-6ee5-4c48-8fa6-71bb678b4845,LN-0641,6e14ec94-6068-42bc-842c-5d75efd068e4,0c6925f4-7d92-41a9-b358-1d126fb41279,67.88,12.50,24,3.21,9.20,77.08,0.68,emergency,C,active,2025-10-30,2027-10-30,2025-10-30,2026-05-30 13:40:16.751319+00,2026-05-30 13:40:16.751319+00,,,0.00,0,
90b81de1-7415-4c5f-8de3-1bd0057c06dd,LN-1899,485b2ce4-59d2-4f62-9386-b8e20412f603,0c6925f4-7d92-41a9-b358-1d126fb41279,428.71,12.50,24,20.28,58.05,486.76,4.29,equipment,B,paid_off,2024-09-16,2026-09-16,2024-09-16,2026-05-30 13:40:16.990875+00,2026-05-30 13:40:16.990875+00,,,0.00,0,
90d65998-e64b-40ee-ad8d-766f2a5c08e6,LN-1577,c635a20d-21b0-4878-8a67-7a86229d0090,866a2b0d-da4d-403f-9343-390a810648e5,698.09,12.50,24,33.02,94.49,792.58,6.98,homeImprovement,A,paid_off,2024-07-08,2026-07-08,2024-07-08,2026-05-30 13:40:16.990875+00,2026-05-30 13:40:16.990875+00,,,0.00,0,
90f2ccb8-6456-45d9-9220-7522a4588c80,LN-0737,399fcfcb-243f-4533-8c88-1e2b31c15a5c,89d1c7f8-46de-419f-b2ec-dc69213d45ca,483.83,12.50,24,22.89,65.51,549.34,4.84,travel,C,active,2025-10-30,2027-10-30,2025-10-30,2026-05-30 13:40:16.751319+00,2026-05-30 13:40:16.751319+00,,,0.00,0,
91235de5-9d6a-4c69-be24-62d2bd8bff58,LN-0168,a18703c3-f41c-4a3e-b135-4bbba18891b1,866a2b0d-da4d-403f-9343-390a810648e5,955.29,12.50,24,45.19,129.32,1084.61,9.55,medical,C,active,2026-03-30,2028-03-30,2026-03-30,2026-05-30 13:40:16.593247+00,2026-05-30 13:40:16.593247+00,,,0.00,0,
9142b592-775b-420c-b706-a784f1f20e8c,LN-1197,e39a56f2-50a4-47b2-982c-a505704c7919,89d1c7f8-46de-419f-b2ec-dc69213d45ca,245.15,12.50,24,11.60,33.16,278.31,2.45,equipment,A,active,2026-01-30,2028-01-30,2026-01-30,2026-05-30 13:40:16.880606+00,2026-05-30 13:40:16.880606+00,,,0.00,0,
915cbbf2-5c78-4bad-952e-53067dce64ac,LN-0570,02f02991-9f7c-4144-9460-f8125fc5d069,89d1c7f8-46de-419f-b2ec-dc69213d45ca,125.08,12.50,24,5.92,16.94,142.02,1.25,homeImprovement,B,active,2025-08-30,2027-08-30,2025-08-30,2026-05-30 13:40:16.751319+00,2026-05-30 13:40:16.751319+00,,,0.00,1,2026-06-30
91aa8da9-c717-48fa-aa2c-b45e968706a9,LN-0226,8e470700-3fd5-4447-a3e2-2ce69077684c,0c6925f4-7d92-41a9-b358-1d126fb41279,1190.26,12.50,24,56.31,161.10,1351.36,11.90,travel,A,active,2025-09-30,2027-09-30,2025-09-30,2026-05-30 13:40:16.593247+00,2026-05-30 13:40:16.593247+00,,,0.00,0,
91cca2f7-9093-49d8-a337-450129d9517f,LN-1142,7ec649b7-f628-47e9-934d-078e98112b46,0c6925f4-7d92-41a9-b358-1d126fb41279,613.91,12.50,24,29.04,83.12,697.03,6.14,equipment,A,active,2025-08-30,2027-08-30,2025-08-30,2026-05-30 13:40:16.880606+00,2026-05-30 13:40:16.880606+00,,,0.00,0,
91ce07aa-028a-4e75-b22c-4b3ce85e3cc9,LN-0415,9429554a-0f15-446f-bd0a-cf67f8d733b3,0c6925f4-7d92-41a9-b358-1d126fb41279,503.30,12.50,24,23.81,68.16,571.46,5.03,emergency,A,active,2025-07-30,2027-07-30,2025-07-30,2026-05-30 13:40:16.593247+00,2026-05-30 13:40:16.593247+00,,,0.00,1,2026-06-30
91d4a5d5-62b0-46bc-a8b8-f7bb14f5abe1,LN-0431,8c4e3fde-de60-4460-be4c-31861dbdf50d,0c6925f4-7d92-41a9-b358-1d126fb41279,487.43,12.50,24,23.06,65.97,553.40,4.87,event,A,active,2025-04-30,2027-04-30,2025-04-30,2026-05-30 13:40:16.593247+00,2026-05-30 13:40:16.593247+00,,,0.00,0,
92072b70-e5ea-4ce1-9325-703fbb4e31fb,LN-1655,8857c386-41d8-41a9-b4e3-9834b3b2864f,0c6925f4-7d92-41a9-b358-1d126fb41279,240.28,12.50,24,11.37,32.50,272.78,2.40,equipment,B,paid_off,2024-06-10,2026-06-10,2024-06-10,2026-05-30 13:40:16.990875+00,2026-05-30 13:40:16.990875+00,,,0.00,0,
9288e799-b76d-4b20-8aa7-265b5046d641,LN-0263,a4f4b324-c0d9-4c93-8d85-7118256e8027,41340b75-3fa9-4cbd-bee5-5d10bb757dbb,1544.13,12.50,24,73.05,209.03,1753.16,15.44,homeImprovement,B,active,2026-01-30,2028-01-30,2026-01-30,2026-05-30 13:40:16.593247+00,2026-05-30 13:40:16.593247+00,,,0.00,0,
928ffccc-661d-4f77-870f-00fb229ee62e,LN-0203,3652d91b-8508-4244-bd0b-e1bd945cfff9,41340b75-3fa9-4cbd-bee5-5d10bb757dbb,1735.62,12.50,24,82.11,234.94,1970.56,17.36,emergency,A,active,2025-08-30,2027-08-30,2025-08-30,2026-05-30 13:40:16.593247+00,2026-05-30 13:40:16.593247+00,,,0.00,0,
9299e006-df0c-4ecb-9cfc-7094d30fcf2e,LN-1002,3b3ae272-caca-406b-b169-d8e6a3b07b36,89d1c7f8-46de-419f-b2ec-dc69213d45ca,531.76,12.50,24,25.16,71.99,603.75,5.32,consolidation,B,active,2026-04-30,2028-04-30,2026-04-30,2026-05-30 13:40:16.880606+00,2026-05-30 13:40:16.880606+00,,,0.00,0,
92b32f21-6e8a-44b1-ac9a-389dcb480513,LN-0864,caf378a6-c428-44fe-b236-691f48c1d1c4,41340b75-3fa9-4cbd-bee5-5d10bb757dbb,2161.67,12.50,24,102.26,292.67,2454.34,21.62,medical,C,active,2025-09-30,2027-09-30,2025-09-30,2026-05-30 13:40:16.751319+00,2026-05-30 13:40:16.751319+00,,,0.00,0,
92d05067-607b-45ca-a24c-fc940e3bcdb2,LN-0865,8cceb799-df70-46fc-9c56-3ed514932c0c,89d1c7f8-46de-419f-b2ec-dc69213d45ca,1529.75,12.50,24,72.37,207.06,1736.81,15.30,homeImprovement,C,defaulted,2026-03-02,2028-03-02,2026-03-02,2026-05-30 13:40:16.751319+00,2026-05-30 13:40:16.751319+00,2025-07-30,written_off,1529.75,4,
92d1785c-ea0d-4e8b-9027-ffd153fa7249,LN-1079,0c79c6dc-df2a-4486-8102-e3e720288541,0c6925f4-7d92-41a9-b358-1d126fb41279,163.28,12.50,24,7.72,22.10,185.38,1.63,consolidation,A,active,2025-03-30,2027-03-30,2025-03-30,2026-05-30 13:40:16.880606+00,2026-05-30 13:40:16.880606+00,,,0.00,0,
92e7c99b-29a4-470c-aed9-9a9a8a871de7,LN-0101,8bb5af60-fd26-4d1f-8f8f-94cdf7325401,0c6925f4-7d92-41a9-b358-1d126fb41279,281.27,12.50,24,13.31,38.07,319.34,2.81,travel,C,active,2025-09-30,2027-09-30,2025-09-30,2026-05-30 13:40:16.593247+00,2026-05-30 13:40:16.593247+00,,,0.00,0,
930c2265-9f38-4ef3-8867-c84fa3e2701c,LN-0554,eed72f4f-b980-4277-9b0a-b4bc5b6235d5,89d1c7f8-46de-419f-b2ec-dc69213d45ca,426.47,12.50,24,20.18,57.73,484.20,4.26,travel,A,active,2026-01-30,2028-01-30,2026-01-30,2026-05-30 13:40:16.751319+00,2026-05-30 13:40:16.751319+00,,,0.00,0,
93601153-8ea1-444b-90ea-2a92c59c3274,LN-0513,05e3bfe8-3c8c-4e14-bbde-dea12eb02ef7,89d1c7f8-46de-419f-b2ec-dc69213d45ca,821.48,12.50,24,38.86,111.21,932.69,8.21,equipment,B,active,2025-05-30,2027-05-30,2025-05-30,2026-05-30 13:40:16.751319+00,2026-05-30 13:40:16.751319+00,,,0.00,1,2026-06-30
93c4c769-8c08-4c78-81b3-045e8eadd7ba,LN-1787,430bf25f-fd26-4539-8741-d1af1d5c4d8d,0c6925f4-7d92-41a9-b358-1d126fb41279,376.89,12.50,24,17.83,51.03,427.92,3.77,equipment,B,paid_off,2024-02-06,2026-02-06,2024-02-06,2026-05-30 13:40:16.990875+00,2026-05-30 13:40:16.990875+00,,,0.00,0,
93c62d28-ec1c-41d1-89ec-457de808c566,LN-1098,b12d4cd6-b82d-4f23-818a-8879049e433a,0c6925f4-7d92-41a9-b358-1d126fb41279,131.84,12.50,24,6.24,17.83,149.67,1.32,auto,A,active,2025-10-30,2027-10-30,2025-10-30,2026-05-30 13:40:16.880606+00,2026-05-30 13:40:16.880606+00,,,0.00,0,
940189ab-662a-4ce5-9c00-890e4d895cae,LN-0439,95da2f55-3ea6-4ad8-8bc9-07c91cc0051f,89d1c7f8-46de-419f-b2ec-dc69213d45ca,882.73,12.50,24,41.76,119.52,1002.25,8.83,travel,B,active,2025-07-30,2027-07-30,2025-07-30,2026-05-30 13:40:16.593247+00,2026-05-30 13:40:16.593247+00,,,0.00,0,
942ac79a-6b16-49f5-85a4-70fa053883fa,LN-1663,0592ffa3-711f-432a-a0a7-d46a80617134,89d1c7f8-46de-419f-b2ec-dc69213d45ca,125.43,12.50,24,5.93,16.98,142.41,1.25,medical,B,paid_off,2024-11-05,2026-11-05,2024-11-05,2026-05-30 13:40:16.990875+00,2026-05-30 13:40:16.990875+00,,,0.00,0,
9448ddc0-be06-4df0-975b-00e34ec2dcac,LN-0550,8f684a6b-2006-4b24-8b3b-7f7d0423bce5,866a2b0d-da4d-403f-9343-390a810648e5,1138.95,12.50,24,53.88,154.20,1293.15,11.39,auto,A,active,2025-01-30,2027-01-30,2025-01-30,2026-05-30 13:40:16.751319+00,2026-05-30 13:40:16.751319+00,,,0.00,1,2026-06-30
944dbfdf-1871-48a4-8446-2810e65b850a,LN-1507,aa9bc2f6-99f4-4ab0-8263-64823cbd98d7,0c6925f4-7d92-41a9-b358-1d126fb41279,54.70,12.50,24,2.59,7.41,62.11,0.55,emergency,C,paid_off,2024-08-18,2026-08-18,2024-08-18,2026-05-30 13:40:16.990875+00,2026-05-30 13:40:16.990875+00,,,0.00,0,
94667671-68ef-4fcb-afcc-c7e9042baa55,LN-1146,5781cd93-daa6-4bd0-833f-d0936c924d00,0c6925f4-7d92-41a9-b358-1d126fb41279,397.13,12.50,24,18.79,53.73,450.86,3.97,medical,B,active,2025-09-30,2027-09-30,2025-09-30,2026-05-30 13:40:16.880606+00,2026-05-30 13:40:16.880606+00,,,0.00,0,
94746fb1-fd62-4bee-a59c-753aae35a9b4,LN-1622,ea564c1c-ee10-4cec-98b2-96d74d0c941d,89d1c7f8-46de-419f-b2ec-dc69213d45ca,391.37,12.50,24,18.51,53.01,444.38,3.91,medical,B,paid_off,2024-07-18,2026-07-18,2024-07-18,2026-05-30 13:40:16.990875+00,2026-05-30 13:40:16.990875+00,,,0.00,0,
94c88e86-0fdf-43ce-a302-c1ea61635fa4,LN-0717,0a7e6cdc-630a-4ab1-9b65-af0aca4eac5f,89d1c7f8-46de-419f-b2ec-dc69213d45ca,582.92,12.50,24,27.58,78.86,661.78,5.83,medical,A,defaulted,2025-04-30,2027-04-30,2025-04-30,2026-05-30 13:40:16.751319+00,2026-05-30 13:40:16.751319+00,2026-03-02,written_off,450.46,4,
950d6f7a-35c1-4bd0-bb37-544ea5f2ec63,LN-0885,7f58c5d8-13c9-4afd-b049-4891781473fd,0c6925f4-7d92-41a9-b358-1d126fb41279,415.15,12.50,24,19.64,56.18,471.33,4.15,auto,A,active,2025-06-30,2027-06-30,2025-06-30,2026-05-30 13:40:16.751319+00,2026-05-30 13:40:16.751319+00,,,0.00,0,
959069c0-c75c-4a9a-a76c-9926ae53d92b,LN-1922,cf6ccdfa-2f1e-4919-a521-b28485fce1fc,0c6925f4-7d92-41a9-b358-1d126fb41279,163.16,12.50,24,7.72,22.07,185.23,1.63,homeImprovement,B,paid_off,2024-03-08,2026-03-08,2024-03-08,2026-05-30 13:40:16.990875+00,2026-05-30 13:40:16.990875+00,,,0.00,0,
95ad178a-bd1a-4b30-9809-b785a99fadd2,LN-1599,e39a56f2-50a4-47b2-982c-a505704c7919,89d1c7f8-46de-419f-b2ec-dc69213d45ca,850.23,12.50,24,40.22,115.11,965.34,8.50,auto,A,paid_off,2024-03-21,2026-03-21,2024-03-21,2026-05-30 13:40:16.990875+00,2026-05-30 13:40:16.990875+00,,,0.00,0,
95ce329d-71ec-4743-b10a-b7151e7d9e36,LN-0048,fe4243bf-4ea5-4c91-930c-265dc710ff7f,0c6925f4-7d92-41a9-b358-1d126fb41279,110.04,12.50,24,5.21,14.88,124.92,1.10,equipment,C,active,2025-05-30,2027-05-30,2025-05-30,2026-05-30 13:40:16.593247+00,2026-05-30 13:40:16.593247+00,,,0.00,1,2026-06-30
9607644a-8009-4585-acb6-e05e7c83e03d,LN-1736,af31f377-148f-40f8-aa15-ea744cbf76a0,0c6925f4-7d92-41a9-b358-1d126fb41279,526.26,12.50,24,24.90,71.24,597.50,5.26,medical,B,paid_off,2024-02-15,2026-02-15,2024-02-15,2026-05-30 13:40:16.990875+00,2026-05-30 13:40:16.990875+00,,,0.00,0,
96313667-0bfb-49b3-91dc-0c40df0e329f,LN-0730,131c7519-d006-4791-ab13-e8507a8f2b2f,89d1c7f8-46de-419f-b2ec-dc69213d45ca,746.83,12.50,24,35.33,101.08,847.91,7.47,equipment,A,active,2025-12-30,2027-12-30,2025-12-30,2026-05-30 13:40:16.751319+00,2026-05-30 13:40:16.751319+00,,,0.00,0,
96c8b001-761a-497c-a7bb-71f332383577,LN-0379,b7a315e0-240a-4ad4-ab74-6638b188e96b,0c6925f4-7d92-41a9-b358-1d126fb41279,562.96,12.50,24,26.63,76.23,639.19,5.63,equipment,C,active,2025-11-30,2027-11-30,2025-11-30,2026-05-30 13:40:16.593247+00,2026-05-30 13:40:16.593247+00,,,0.00,0,
96dc9e1d-9c99-4132-b9e8-dc3db1395e4b,LN-1056,0d6afa2e-10d2-415e-add9-2170daf0ee0e,866a2b0d-da4d-403f-9343-390a810648e5,1212.16,12.50,24,57.34,164.12,1376.28,12.12,travel,B,active,2025-05-30,2027-05-30,2025-05-30,2026-05-30 13:40:16.880606+00,2026-05-30 13:40:16.880606+00,,,0.00,0,
96f0748b-4eb8-48bb-a637-961f5c83aa10,LN-1272,55a56afc-c2e6-4368-ad3a-e91da534ef02,0c6925f4-7d92-41a9-b358-1d126fb41279,448.70,12.50,24,21.23,60.72,509.42,4.49,emergency,C,active,2025-04-30,2027-04-30,2025-04-30,2026-05-30 13:40:16.880606+00,2026-05-30 13:40:16.880606+00,,,0.00,0,
96f3393e-c3b7-4ad7-be84-dbfa903314a8,LN-0399,615004df-639e-4d9c-9b06-ee2a1ee54e21,89d1c7f8-46de-419f-b2ec-dc69213d45ca,251.37,12.50,24,11.89,34.03,285.40,2.51,event,D,active,2026-03-30,2028-03-30,2026-03-30,2026-05-30 13:40:16.593247+00,2026-05-30 13:40:16.593247+00,,,0.00,0,
972473bb-8d70-434f-babe-7dfb5671ce54,LN-0740,e106383d-4407-4924-9d39-26392a98e3aa,89d1c7f8-46de-419f-b2ec-dc69213d45ca,750.08,12.50,24,35.48,101.53,851.61,7.50,medical,C,active,2025-08-30,2027-08-30,2025-08-30,2026-05-30 13:40:16.751319+00,2026-05-30 13:40:16.751319+00,,,0.00,0,
9738bd37-8376-4872-8ea4-4eabf24c8cbe,LN-1933,b2af2340-1fbc-4777-8995-81d21de6fc7a,89d1c7f8-46de-419f-b2ec-dc69213d45ca,604.67,12.50,24,28.61,81.82,686.49,6.05,event,D,paid_off,2024-03-09,2026-03-09,2024-03-09,2026-05-30 13:40:16.990875+00,2026-05-30 13:40:16.990875+00,,,0.00,0,
9773fb9c-2783-42fa-9c38-8adea1619056,LN-0138,88089a51-e2d8-4e4c-af0f-2633e35e5e4b,0c6925f4-7d92-41a9-b358-1d126fb41279,550.38,12.50,24,26.04,74.49,624.87,5.50,homeImprovement,A,active,2025-09-30,2027-09-30,2025-09-30,2026-05-30 13:40:16.593247+00,2026-05-30 13:40:16.593247+00,,,0.00,0,
9774fe62-c0ba-4616-9754-3d08765e29b9,LN-1983,b4719966-d266-4eec-b3d7-3dddceb240ef,0c6925f4-7d92-41a9-b358-1d126fb41279,444.88,12.50,24,21.05,60.20,505.08,4.45,travel,A,paid_off,2024-08-16,2026-08-16,2024-08-16,2026-05-30 13:40:16.990875+00,2026-05-30 13:40:16.990875+00,,,0.00,0,
97a6c4b8-1b5f-4218-9ce4-b878ac958ad0,LN-0020,af31f377-148f-40f8-aa15-ea744cbf76a0,41340b75-3fa9-4cbd-bee5-5d10bb757dbb,642.17,12.50,24,30.38,86.92,729.09,6.42,homeImprovement,B,active,2026-01-30,2028-01-30,2026-01-30,2026-05-30 13:40:16.593247+00,2026-05-30 13:40:16.593247+00,,,0.00,0,
97e53a90-f592-44c1-bf85-f6275ccee5c1,LN-0779,f11deea9-4183-4fa0-9982-0f636610d488,89d1c7f8-46de-419f-b2ec-dc69213d45ca,178.70,12.50,24,8.45,24.18,202.88,1.79,travel,A,active,2026-03-02,2028-03-02,2026-03-02,2026-05-30 13:40:16.751319+00,2026-05-30 13:40:16.751319+00,,,0.00,3,2026-06-30
97eaf14b-9efd-446e-8ecd-428efe9b47d1,LN-1697,fab9493c-998c-4726-bca7-d5e684e9542f,0c6925f4-7d92-41a9-b358-1d126fb41279,265.66,12.50,24,12.57,35.97,301.63,2.66,homeImprovement,A,paid_off,2024-08-27,2026-08-27,2024-08-27,2026-05-30 13:40:16.990875+00,2026-05-30 13:40:16.990875+00,,,0.00,0,
97f00b5a-b55a-4367-8b99-0f96f7011490,LN-1414,c2b01c1f-eb4b-4ca6-8b2b-bd62f79da172,89d1c7f8-46de-419f-b2ec-dc69213d45ca,334.97,12.50,24,15.85,45.33,380.30,3.35,auto,A,paid_off,2024-04-23,2026-04-23,2024-04-23,2026-05-30 13:40:16.880606+00,2026-05-30 13:40:16.880606+00,,,0.00,0,
981708b8-7fd2-4db6-9d20-a6451effdf54,LN-1484,33bea7f8-b640-4fcb-87d1-d73f60de40f2,41340b75-3fa9-4cbd-bee5-5d10bb757dbb,679.35,12.50,24,32.14,91.97,771.32,6.79,medical,C,paid_off,2024-01-24,2026-01-24,2024-01-24,2026-05-30 13:40:16.880606+00,2026-05-30 13:40:16.880606+00,,,0.00,0,
981f081a-dc10-4e7d-b420-3effb451f272,LN-0180,c860bf0b-6daf-42ec-9126-cef9d64e3daf,0c6925f4-7d92-41a9-b358-1d126fb41279,283.45,12.50,24,13.41,38.36,321.81,2.83,travel,B,active,2026-03-02,2028-03-02,2026-03-02,2026-05-30 13:40:16.593247+00,2026-05-30 13:40:16.593247+00,,,0.00,0,
9844913c-c350-4d02-b7b8-35ec29521818,LN-0672,ffbc2da7-c77a-49b1-a880-2fb09f327768,0c6925f4-7d92-41a9-b358-1d126fb41279,731.28,12.50,24,34.59,99.04,830.32,7.31,medical,B,active,2025-08-30,2027-08-30,2025-08-30,2026-05-30 13:40:16.751319+00,2026-05-30 13:40:16.751319+00,,,0.00,0,
98523fb5-9abd-4a35-a433-509a9636d658,LN-0736,6651732a-2d93-4965-9433-7cfdcac13b26,89d1c7f8-46de-419f-b2ec-dc69213d45ca,215.43,12.50,24,10.19,29.15,244.58,2.15,emergency,C,active,2025-05-30,2027-05-30,2025-05-30,2026-05-30 13:40:16.751319+00,2026-05-30 13:40:16.751319+00,,,0.00,0,
98707a86-0ff0-45e9-91c4-4f038d5b6193,LN-1353,e231b371-f8f5-49e2-aa94-22c11acbf003,0c6925f4-7d92-41a9-b358-1d126fb41279,388.73,12.50,24,18.39,52.64,441.37,3.89,emergency,D,active,2026-04-30,2028-04-30,2026-04-30,2026-05-30 13:40:16.880606+00,2026-05-30 13:40:16.880606+00,,,0.00,0,
98baa153-9e1c-4aa8-812e-7fcd2f38c935,LN-1029,32cbe077-5c46-4004-9c2b-ce0341f3c36d,0c6925f4-7d92-41a9-b358-1d126fb41279,366.55,12.50,24,17.34,49.65,416.20,3.67,event,A,active,2025-07-30,2027-07-30,2025-07-30,2026-05-30 13:40:16.880606+00,2026-05-30 13:40:16.880606+00,,,0.00,1,2026-06-30
99104fe9-e694-44ac-ad56-e97400e07e0c,LN-0753,afa339f6-7fd1-4639-a861-1ef09a1149b2,866a2b0d-da4d-403f-9343-390a810648e5,2021.61,12.50,24,95.64,273.66,2295.27,20.22,equipment,D,active,2025-09-30,2027-09-30,2025-09-30,2026-05-30 13:40:16.751319+00,2026-05-30 13:40:16.751319+00,,,0.00,1,2026-06-30
9915c072-944a-4747-9fcd-b300d5b8abff,LN-0904,c6c4d2b4-744b-4860-9c71-12eebb980886,0c6925f4-7d92-41a9-b358-1d126fb41279,340.33,12.50,24,16.10,46.05,386.38,3.40,emergency,B,active,2026-03-30,2028-03-30,2026-03-30,2026-05-30 13:40:16.751319+00,2026-05-30 13:40:16.751319+00,,,0.00,0,
99271e04-4640-48c1-aef4-067869af079c,LN-0747,0d7c7431-2538-437d-add1-69ec07a273ca,89d1c7f8-46de-419f-b2ec-dc69213d45ca,147.58,12.50,24,6.98,19.99,167.57,1.48,equipment,A,active,2025-12-30,2027-12-30,2025-12-30,2026-05-30 13:40:16.751319+00,2026-05-30 13:40:16.751319+00,,,0.00,0,
992dd2ad-40c8-4413-b54a-da0720baa431,LN-0262,0a02fa2f-b484-43f7-8677-981be9f9c1ad,0c6925f4-7d92-41a9-b358-1d126fb41279,336.55,12.50,24,15.92,45.58,382.13,3.37,auto,A,active,2026-01-30,2028-01-30,2026-01-30,2026-05-30 13:40:16.593247+00,2026-05-30 13:40:16.593247+00,,,0.00,1,2026-06-30
993b3093-b8ec-469e-816a-d8f2a0f7e8d7,LN-1314,77045b00-882f-42d7-b26b-4313f9fc5111,0c6925f4-7d92-41a9-b358-1d126fb41279,316.45,12.50,24,14.97,42.85,359.30,3.16,homeImprovement,C,active,2025-12-30,2027-12-30,2025-12-30,2026-05-30 13:40:16.880606+00,2026-05-30 13:40:16.880606+00,,,0.00,0,
996bf2a9-6052-4c4f-9da9-d9ea45aae4d9,LN-1386,08325a14-ec37-4600-936d-f766ab55f6da,866a2b0d-da4d-403f-9343-390a810648e5,526.45,12.50,24,24.90,71.26,597.71,5.26,consolidation,C,paid_off,2024-11-06,2026-11-06,2024-11-06,2026-05-30 13:40:16.880606+00,2026-05-30 13:40:16.880606+00,,,0.00,0,
997072f8-339e-477f-ac8c-151bfec8e973,LN-0721,fa0f4449-c30c-4e4e-824c-992850904330,89d1c7f8-46de-419f-b2ec-dc69213d45ca,762.78,12.50,24,36.09,103.23,866.01,7.63,medical,A,active,2025-11-30,2027-11-30,2025-11-30,2026-05-30 13:40:16.751319+00,2026-05-30 13:40:16.751319+00,,,0.00,0,
998591d7-135f-498c-976f-56ee7b90f0b5,LN-1758,4ca7f4fe-0a64-41e5-b387-55fb5a076605,89d1c7f8-46de-419f-b2ec-dc69213d45ca,395.58,12.50,24,18.71,53.55,449.13,3.96,consolidation,D,paid_off,2024-09-23,2026-09-23,2024-09-23,2026-05-30 13:40:16.990875+00,2026-05-30 13:40:16.990875+00,,,0.00,0,
99aa99d0-978f-4f84-90f5-872452b7bf02,LN-1331,2be21cc2-a7c9-4a1c-9625-ae789dc5118e,89d1c7f8-46de-419f-b2ec-dc69213d45ca,443.19,12.50,24,20.97,60.00,503.19,4.43,event,A,active,2025-06-30,2027-06-30,2025-06-30,2026-05-30 13:40:16.880606+00,2026-05-30 13:40:16.880606+00,,,0.00,0,
99afb377-92aa-43eb-96f2-f06757e1ccd9,LN-1759,e106383d-4407-4924-9d39-26392a98e3aa,89d1c7f8-46de-419f-b2ec-dc69213d45ca,917.41,12.50,24,43.40,124.20,1041.61,9.17,auto,C,paid_off,2024-10-11,2026-10-11,2024-10-11,2026-05-30 13:40:16.990875+00,2026-05-30 13:40:16.990875+00,,,0.00,0,
99cd68e9-389d-44d2-9ded-214d7a440112,LN-0626,19c68ae4-c5d9-41ae-b044-132d57ea171f,89d1c7f8-46de-419f-b2ec-dc69213d45ca,911.10,12.50,24,43.10,123.34,1034.44,9.11,auto,A,active,2026-01-30,2028-01-30,2026-01-30,2026-05-30 13:40:16.751319+00,2026-05-30 13:40:16.751319+00,,,0.00,0,
99f9a890-6826-4d2d-8075-08fb178f2e14,LN-1428,6f5ec0ef-a3f5-425c-a10a-166e96cc66be,41340b75-3fa9-4cbd-bee5-5d10bb757dbb,669.64,12.50,24,31.68,90.67,760.31,6.70,equipment,A,paid_off,2024-12-01,2026-12-01,2024-12-01,2026-05-30 13:40:16.880606+00,2026-05-30 13:40:16.880606+00,,,0.00,0,
99ffec42-cd4f-4454-bdcc-9e255f1772e7,LN-0793,c93ccaf1-32cc-4e4e-8563-3415980c45fc,0c6925f4-7d92-41a9-b358-1d126fb41279,634.04,12.50,24,29.99,85.84,719.88,6.34,travel,B,active,2025-12-30,2027-12-30,2025-12-30,2026-05-30 13:40:16.751319+00,2026-05-30 13:40:16.751319+00,,,0.00,2,2026-06-30
9a046731-0d91-4559-8b7c-915d0a98c4de,LN-0498,c7fba199-ed64-4a70-a1c5-a42f079bc20d,41340b75-3fa9-4cbd-bee5-5d10bb757dbb,834.32,12.50,24,39.47,112.95,947.27,8.34,travel,B,active,2026-01-30,2028-01-30,2026-01-30,2026-05-30 13:40:16.593247+00,2026-05-30 13:40:16.593247+00,,,0.00,1,2026-06-30
9a0cd8ad-192e-417f-a640-6d85556934ab,LN-0549,3779484f-95f5-4f58-a7a9-577c88390a22,0c6925f4-7d92-41a9-b358-1d126fb41279,221.25,12.50,24,10.47,29.93,251.18,2.21,auto,A,active,2025-05-30,2027-05-30,2025-05-30,2026-05-30 13:40:16.751319+00,2026-05-30 13:40:16.751319+00,,,0.00,0,
9a1f73f8-0c92-4cb7-b08b-8b63b3ef5b0f,LN-0681,344e4c86-3d72-407c-806b-6870192265a3,866a2b0d-da4d-403f-9343-390a810648e5,877.30,12.50,24,41.50,118.78,996.08,8.77,emergency,C,active,2026-04-30,2028-04-30,2026-04-30,2026-05-30 13:40:16.751319+00,2026-05-30 13:40:16.751319+00,,,0.00,0,
9a27f587-58ca-4ce0-93f4-7a06921cb99f,LN-1295,3848db57-a78a-4369-a232-aaafe1d0fcf6,89d1c7f8-46de-419f-b2ec-dc69213d45ca,708.78,12.50,24,33.53,95.98,804.76,7.09,equipment,C,active,2025-05-30,2027-05-30,2025-05-30,2026-05-30 13:40:16.880606+00,2026-05-30 13:40:16.880606+00,,,0.00,0,
9a4da9c2-2c3f-4b73-8d7e-04b13f105ba6,LN-0136,e0b0416f-ba6e-497b-9b5a-a53da1d7a8ca,89d1c7f8-46de-419f-b2ec-dc69213d45ca,239.03,12.50,24,11.31,32.38,271.41,2.39,event,A,active,2025-08-30,2027-08-30,2025-08-30,2026-05-30 13:40:16.593247+00,2026-05-30 13:40:16.593247+00,,,0.00,1,2026-06-30
9a53d7a2-6ab8-4cb0-b9eb-2f1eee9d3df9,LN-0703,adff6f66-b0bc-4607-8d4d-7bc263f85743,41340b75-3fa9-4cbd-bee5-5d10bb757dbb,2474.63,12.50,24,117.07,334.98,2809.61,24.75,medical,A,active,2025-06-30,2027-06-30,2025-06-30,2026-05-30 13:40:16.751319+00,2026-05-30 13:40:16.751319+00,,,0.00,1,2026-06-30
9a70b339-a311-45bc-b36d-5047b2131422,LN-1944,3b4745d1-174f-4f9b-9665-1791af23f6dd,89d1c7f8-46de-419f-b2ec-dc69213d45ca,73.63,12.50,24,3.48,9.97,83.60,0.74,auto,C,paid_off,2024-04-24,2026-04-24,2024-04-24,2026-05-30 13:40:16.990875+00,2026-05-30 13:40:16.990875+00,,,0.00,0,
9a86789f-3a50-4fbf-a62c-0111076e5ba8,LN-1366,a43a82ba-b21d-43c9-8da7-df809a444be8,89d1c7f8-46de-419f-b2ec-dc69213d45ca,516.67,12.50,24,24.44,69.94,586.61,5.17,travel,A,active,2026-01-30,2028-01-30,2026-01-30,2026-05-30 13:40:16.880606+00,2026-05-30 13:40:16.880606+00,,,0.00,0,
9a8a4724-74f4-4b8a-b9f5-853d9c576e1e,LN-0061,b5e7277a-b4d9-4f47-8e87-c4b2412142ea,0c6925f4-7d92-41a9-b358-1d126fb41279,635.38,12.50,24,30.06,86.01,721.39,6.35,travel,A,active,2025-05-30,2027-05-30,2025-05-30,2026-05-30 13:40:16.593247+00,2026-05-30 13:40:16.593247+00,,,0.00,0,
9aa19276-7187-4910-838d-7f744a33280b,LN-0526,70865beb-8d58-4ddc-b5a6-6123bd88c588,0c6925f4-7d92-41a9-b358-1d126fb41279,323.21,12.50,24,15.29,43.76,366.97,3.23,auto,B,active,2025-05-30,2027-05-30,2025-05-30,2026-05-30 13:40:16.751319+00,2026-05-30 13:40:16.751319+00,,,0.00,0,
9aa6f90e-b6c7-4b7c-b52c-d4777445b9d7,LN-1842,99e7ab6f-6a41-48cf-8fe2-a5c3fd7402b8,89d1c7f8-46de-419f-b2ec-dc69213d45ca,397.94,12.50,24,18.83,53.86,451.80,3.98,emergency,B,paid_off,2024-09-26,2026-09-26,2024-09-26,2026-05-30 13:40:16.990875+00,2026-05-30 13:40:16.990875+00,,,0.00,0,
9ac339a5-9f26-42e3-860c-a0aff397b342,LN-0360,ca3fcf93-9032-4809-bfa0-b0520cba6181,0c6925f4-7d92-41a9-b358-1d126fb41279,366.50,12.50,24,17.34,49.64,416.14,3.67,emergency,D,active,2025-08-30,2027-08-30,2025-08-30,2026-05-30 13:40:16.593247+00,2026-05-30 13:40:16.593247+00,,,0.00,0,
9ad4f840-9aa7-482d-baed-5b04dd1a0714,LN-0806,9c8b2958-b50d-40a8-812a-f4c8f182bade,866a2b0d-da4d-403f-9343-390a810648e5,929.75,12.50,24,43.98,125.85,1055.60,9.30,emergency,A,active,2025-05-30,2027-05-30,2025-05-30,2026-05-30 13:40:16.751319+00,2026-05-30 13:40:16.751319+00,,,0.00,0,
9aeb021f-b9db-4611-b381-1a65c5437cd7,LN-0742,a05d7bc1-b91d-458a-ab93-213c2f18c23e,89d1c7f8-46de-419f-b2ec-dc69213d45ca,482.57,12.50,24,22.83,65.34,547.91,4.83,consolidation,C,active,2025-03-30,2027-03-30,2025-03-30,2026-05-30 13:40:16.751319+00,2026-05-30 13:40:16.751319+00,,,0.00,0,
9b8cf0ba-54fe-42c4-8701-9789472a0a9b,LN-0840,3b48bc9d-d30c-4e51-81fb-3e6796e0173f,0c6925f4-7d92-41a9-b358-1d126fb41279,507.38,12.50,24,24.00,68.71,576.09,5.07,travel,A,active,2026-03-02,2028-03-02,2026-03-02,2026-05-30 13:40:16.751319+00,2026-05-30 13:40:16.751319+00,,,0.00,0,
9ba71033-6245-4cad-93a7-23e3b924f6c5,LN-0898,8413b793-fb53-4f91-8b17-be6c2ae29e8c,0c6925f4-7d92-41a9-b358-1d126fb41279,680.98,12.50,24,32.22,92.18,773.16,6.81,event,D,active,2025-09-30,2027-09-30,2025-09-30,2026-05-30 13:40:16.751319+00,2026-05-30 13:40:16.751319+00,,,0.00,0,
9bbb40ee-80a5-4a36-99d7-129b6265fa33,LN-0734,fecd89e9-071a-4d98-b635-afc3ea20641e,89d1c7f8-46de-419f-b2ec-dc69213d45ca,422.87,12.50,24,20.00,57.24,480.11,4.23,homeImprovement,B,active,2025-06-30,2027-06-30,2025-06-30,2026-05-30 13:40:16.751319+00,2026-05-30 13:40:16.751319+00,,,0.00,0,
9bdbef02-98be-49c4-9f83-855a53b56b19,LN-0112,3d53a2ea-6b69-44e0-89be-35d24e44e456,0c6925f4-7d92-41a9-b358-1d126fb41279,275.37,12.50,24,13.03,37.28,312.65,2.75,auto,A,active,2026-04-30,2028-04-30,2026-04-30,2026-05-30 13:40:16.593247+00,2026-05-30 13:40:16.593247+00,,,0.00,0,
9bdc9e6a-0bad-4395-b1c5-e84932e5e2a2,LN-1828,6247b486-cb41-4d61-bc1d-ac4e93d1d55d,89d1c7f8-46de-419f-b2ec-dc69213d45ca,173.55,12.50,24,8.21,23.47,197.02,1.74,medical,D,paid_off,2024-09-07,2026-09-07,2024-09-07,2026-05-30 13:40:16.990875+00,2026-05-30 13:40:16.990875+00,,,0.00,0,
9c0947c3-b4a4-4fc9-af4a-65ead2faa82a,LN-1260,6694209a-7306-4b3f-9a87-86f853288712,89d1c7f8-46de-419f-b2ec-dc69213d45ca,171.52,12.50,24,8.11,23.23,194.75,1.72,homeImprovement,A,active,2025-11-30,2027-11-30,2025-11-30,2026-05-30 13:40:16.880606+00,2026-05-30 13:40:16.880606+00,,,0.00,0,
9c0af3a8-e511-4f8c-8bb3-0ed7e05cc474,LN-1592,939956bb-8d6e-4e7a-bff6-8d4384e19764,866a2b0d-da4d-403f-9343-390a810648e5,1019.25,12.50,24,48.22,138.01,1157.26,10.19,equipment,A,paid_off,2024-07-18,2026-07-18,2024-07-18,2026-05-30 13:40:16.990875+00,2026-05-30 13:40:16.990875+00,,,0.00,0,
9c35d203-7a7e-4c48-9cd7-2b92934f9434,LN-1201,9a69f1e5-d7b6-4072-8d6b-6399d83dd078,0c6925f4-7d92-41a9-b358-1d126fb41279,745.06,12.50,24,35.25,100.85,845.91,7.45,homeImprovement,B,defaulted,2026-01-30,2028-01-30,2026-01-30,2026-05-30 13:40:16.880606+00,2026-05-30 13:40:16.880606+00,2025-10-30,written_off,745.06,4,
9c410a0e-937d-4c9e-b08b-227803769607,LN-0056,429b61e1-86c9-4eff-8115-a0765b571944,866a2b0d-da4d-403f-9343-390a810648e5,1169.44,12.50,24,55.32,158.32,1327.76,11.69,event,B,active,2025-09-30,2027-09-30,2025-09-30,2026-05-30 13:40:16.593247+00,2026-05-30 13:40:16.593247+00,,,0.00,0,
9c47a7cc-078a-465c-bb3f-9c02efb42822,LN-0244,b1a4223f-ee7f-44c3-805d-214cee0ae677,89d1c7f8-46de-419f-b2ec-dc69213d45ca,350.62,12.50,24,16.59,47.45,398.07,3.51,consolidation,C,active,2025-10-30,2027-10-30,2025-10-30,2026-05-30 13:40:16.593247+00,2026-05-30 13:40:16.593247+00,,,0.00,0,
9cb6630f-53d1-4e93-a23d-57e0deca52e9,LN-0076,82277bc2-511a-4e79-b66b-1b9b667aa814,41340b75-3fa9-4cbd-bee5-5d10bb757dbb,860.68,12.50,24,40.72,116.52,977.20,8.61,auto,A,active,2026-03-02,2028-03-02,2026-03-02,2026-05-30 13:40:16.593247+00,2026-05-30 13:40:16.593247+00,,,0.00,0,
9cd3f894-9a1f-4119-9735-754f1e442ba3,LN-1982,958460b9-d7b7-4a36-872c-1d6d38683f25,0c6925f4-7d92-41a9-b358-1d126fb41279,435.70,12.50,24,20.61,58.98,494.68,4.36,travel,D,paid_off,2024-03-21,2026-03-21,2024-03-21,2026-05-30 13:40:16.990875+00,2026-05-30 13:40:16.990875+00,,,0.00,0,
9ce6d3be-d734-4668-96df-d1ba7d0f6c44,LN-0496,f76de6a9-1c96-4f21-9bcc-17952d733d9b,41340b75-3fa9-4cbd-bee5-5d10bb757dbb,1068.14,12.50,24,50.53,144.60,1212.74,10.68,equipment,A,active,2026-03-02,2028-03-02,2026-03-02,2026-05-30 13:40:16.593247+00,2026-05-30 13:40:16.593247+00,,,0.00,0,
9d2217dd-e839-4ee0-b917-deaec9edc784,LN-1624,27c66573-18b9-4d5e-a223-ebd2abb68cca,0c6925f4-7d92-41a9-b358-1d126fb41279,690.61,12.50,24,32.67,93.51,784.12,6.91,emergency,B,paid_off,2024-09-25,2026-09-25,2024-09-25,2026-05-30 13:40:16.990875+00,2026-05-30 13:40:16.990875+00,,,0.00,0,
9d39adb3-1e75-4db3-9f4b-9d9870752b37,LN-0969,1327d5eb-7d3f-4b92-95ab-ed5736ed01f5,89d1c7f8-46de-419f-b2ec-dc69213d45ca,489.46,12.50,24,23.16,66.25,555.71,4.89,equipment,A,active,2025-03-02,2027-03-02,2025-03-02,2026-05-30 13:40:16.751319+00,2026-05-30 13:40:16.751319+00,,,0.00,1,2026-06-30
9d59ae8e-8ded-4bb3-b2c2-ae33ee973594,LN-0950,ea634e24-ba58-4787-b13a-7ef4d878d86a,0c6925f4-7d92-41a9-b358-1d126fb41279,513.03,12.50,24,24.27,69.46,582.49,5.13,equipment,A,active,2025-07-30,2027-07-30,2025-07-30,2026-05-30 13:40:16.751319+00,2026-05-30 13:40:16.751319+00,,,0.00,0,
9d627041-4d9a-4a19-bf39-9e409ac9ecdb,LN-1856,78691666-682e-4a03-8b64-2ba6b135d6ae,89d1c7f8-46de-419f-b2ec-dc69213d45ca,655.31,12.50,24,31.00,88.74,744.05,6.55,event,A,paid_off,2024-10-03,2026-10-03,2024-10-03,2026-05-30 13:40:16.990875+00,2026-05-30 13:40:16.990875+00,,,0.00,0,
9d71f198-6371-4420-ad1c-1b3d9c9858d8,LN-0584,45cd2bfd-3d41-47c6-a2f6-257a009452b0,0c6925f4-7d92-41a9-b358-1d126fb41279,289.53,12.50,24,13.70,39.20,328.73,2.90,equipment,A,active,2025-10-30,2027-10-30,2025-10-30,2026-05-30 13:40:16.751319+00,2026-05-30 13:40:16.751319+00,,,0.00,0,
9dcf0e13-1e3b-4b7f-b3f0-a6a2a974af02,LN-0185,878181b8-bcf6-4066-bc27-21b8bebd94b6,89d1c7f8-46de-419f-b2ec-dc69213d45ca,669.40,12.50,24,31.67,90.64,760.04,6.69,event,C,active,2025-03-30,2027-03-30,2025-03-30,2026-05-30 13:40:16.593247+00,2026-05-30 13:40:16.593247+00,,,0.00,0,
9dfe8c4e-37ee-4c88-bc11-5cfe35daecf5,LN-0868,fc11c6fd-cb67-41ed-81e5-745624068d87,89d1c7f8-46de-419f-b2ec-dc69213d45ca,289.24,12.50,24,13.68,39.18,328.42,2.89,emergency,A,active,2025-06-30,2027-06-30,2025-06-30,2026-05-30 13:40:16.751319+00,2026-05-30 13:40:16.751319+00,,,0.00,0,
9e430f47-ccdd-4af4-8907-f7d1648d0f63,LN-0571,39c26a06-b751-4915-b819-a4c2abed3104,0c6925f4-7d92-41a9-b358-1d126fb41279,188.66,12.50,24,8.92,25.56,214.22,1.89,auto,A,active,2026-04-30,2028-04-30,2026-04-30,2026-05-30 13:40:16.751319+00,2026-05-30 13:40:16.751319+00,,,0.00,0,
9e4de665-b2a3-46ac-8a2b-bfda911b1b0c,LN-0941,cfc77b10-7578-4758-9456-11515a756cf8,0c6925f4-7d92-41a9-b358-1d126fb41279,574.85,12.50,24,27.19,77.83,652.68,5.75,auto,A,active,2026-01-30,2028-01-30,2026-01-30,2026-05-30 13:40:16.751319+00,2026-05-30 13:40:16.751319+00,,,0.00,0,
9e50f97c-494b-43a2-b930-ff9320587040,LN-0741,d5b983df-6e60-496e-a9ca-57e63d35ab58,89d1c7f8-46de-419f-b2ec-dc69213d45ca,123.75,12.50,24,5.85,16.79,140.54,1.24,consolidation,A,active,2026-01-30,2028-01-30,2026-01-30,2026-05-30 13:40:16.751319+00,2026-05-30 13:40:16.751319+00,,,0.00,0,
9e5ab801-6a5c-4f39-9bd7-12b38db6b5ee,LN-1863,14f6d048-433e-4753-9b0e-4455c55b64ef,41340b75-3fa9-4cbd-bee5-5d10bb757dbb,645.53,12.50,24,30.54,87.40,732.93,6.46,emergency,A,paid_off,2024-05-09,2026-05-09,2024-05-09,2026-05-30 13:40:16.990875+00,2026-05-30 13:40:16.990875+00,,,0.00,0,
9e7e3fd6-243b-407a-b322-c1c326eb4320,LN-0307,937ff0cd-ddb3-49e9-b901-81f3a99d3b0f,89d1c7f8-46de-419f-b2ec-dc69213d45ca,135.82,12.50,24,6.43,18.36,154.18,1.36,auto,B,active,2026-04-30,2028-04-30,2026-04-30,2026-05-30 13:40:16.593247+00,2026-05-30 13:40:16.593247+00,,,0.00,0,
9e892fb8-1106-41b9-b31d-23625aea8e87,LN-0866,4af05f8b-b541-4765-b578-d2b5843fffcc,866a2b0d-da4d-403f-9343-390a810648e5,870.13,12.50,24,41.16,117.82,987.95,8.70,travel,D,active,2025-06-30,2027-06-30,2025-06-30,2026-05-30 13:40:16.751319+00,2026-05-30 13:40:16.751319+00,,,0.00,0,
9f09a56a-446f-44e5-b15a-ef1b88c40281,LN-1791,f02c9edc-7c67-4421-b477-e49cee925adf,89d1c7f8-46de-419f-b2ec-dc69213d45ca,86.95,12.50,24,4.11,11.80,98.75,0.87,auto,B,paid_off,2024-01-03,2026-01-03,2024-01-03,2026-05-30 13:40:16.990875+00,2026-05-30 13:40:16.990875+00,,,0.00,0,
9f172507-1f8d-434d-98c2-051ed8041a2a,LN-0151,64ef19bd-2394-4816-a21e-9087e59e77e1,866a2b0d-da4d-403f-9343-390a810648e5,758.16,12.50,24,35.87,102.60,860.76,7.58,homeImprovement,C,active,2025-12-30,2027-12-30,2025-12-30,2026-05-30 13:40:16.593247+00,2026-05-30 13:40:16.593247+00,,,0.00,0,
9f27d2f3-7f30-4bec-bbb4-5bc7b00167f1,LN-0984,bebdffc9-8d0b-4d08-a7ba-ea33e7093a78,89d1c7f8-46de-419f-b2ec-dc69213d45ca,317.86,12.50,24,15.04,43.03,360.89,3.18,emergency,B,active,2025-09-30,2027-09-30,2025-09-30,2026-05-30 13:40:16.751319+00,2026-05-30 13:40:16.751319+00,,,0.00,0,
9f8c5031-e01a-4e47-a5ec-8cc75c60ae59,LN-1808,d3ff2edb-605a-48f3-a635-2733104d69b5,0c6925f4-7d92-41a9-b358-1d126fb41279,305.92,12.50,24,14.47,41.40,347.32,3.06,consolidation,C,paid_off,2024-04-07,2026-04-07,2024-04-07,2026-05-30 13:40:16.990875+00,2026-05-30 13:40:16.990875+00,,,0.00,0,
9fa7a4f8-6679-485e-b7e4-89df0c7ed240,LN-0078,0731b11e-6001-4de1-aa10-5bc290f5ff3f,89d1c7f8-46de-419f-b2ec-dc69213d45ca,460.34,12.50,24,21.78,62.33,522.67,4.60,travel,C,active,2026-04-30,2028-04-30,2026-04-30,2026-05-30 13:40:16.593247+00,2026-05-30 13:40:16.593247+00,,,0.00,0,
9fc1823d-9b14-4fb6-8bc0-df4eacb2e44a,LN-0438,492a7024-5703-4eff-b2c1-eac2b76fa271,866a2b0d-da4d-403f-9343-390a810648e5,681.57,12.50,24,32.24,92.27,773.84,6.82,medical,C,active,2026-03-30,2028-03-30,2026-03-30,2026-05-30 13:40:16.593247+00,2026-05-30 13:40:16.593247+00,,,0.00,0,
9fec587d-df08-44db-9beb-c65d48ab7cb0,LN-0454,3f5258fd-8ac4-4681-a6d8-bb8120ef85aa,0c6925f4-7d92-41a9-b358-1d126fb41279,165.96,12.50,24,7.85,22.49,188.45,1.66,homeImprovement,A,active,2026-01-30,2028-01-30,2026-01-30,2026-05-30 13:40:16.593247+00,2026-05-30 13:40:16.593247+00,,,0.00,0,
a0253f8f-6f07-4771-a5cd-667c79c4e600,LN-0948,b9009e18-ce10-41a4-a09d-4a5b81c32858,0c6925f4-7d92-41a9-b358-1d126fb41279,1214.97,12.50,24,57.48,164.45,1379.42,12.15,emergency,A,active,2025-03-30,2027-03-30,2025-03-30,2026-05-30 13:40:16.751319+00,2026-05-30 13:40:16.751319+00,,,0.00,0,
a0558ec9-8d4a-49b2-af61-752281ae88a9,LN-1291,98e91105-ecf4-497b-b39f-c8bd9efc7d8e,0c6925f4-7d92-41a9-b358-1d126fb41279,309.93,12.50,24,14.66,41.97,351.90,3.10,event,A,active,2025-11-30,2027-11-30,2025-11-30,2026-05-30 13:40:16.880606+00,2026-05-30 13:40:16.880606+00,,,0.00,0,
a06b078d-e0c8-4c07-a931-ba9fc133add8,LN-1116,30e4fa0f-d3df-4d4b-9cae-8b962732d784,0c6925f4-7d92-41a9-b358-1d126fb41279,787.88,12.50,24,37.27,106.69,894.57,7.88,equipment,A,active,2026-04-30,2028-04-30,2026-04-30,2026-05-30 13:40:16.880606+00,2026-05-30 13:40:16.880606+00,,,0.00,0,
a0794480-7a7c-4e61-9521-3495055a9a86,LN-1305,c198f66d-7d65-45bf-8034-cadd7b9be11d,0c6925f4-7d92-41a9-b358-1d126fb41279,583.79,12.50,24,27.62,79.03,662.82,5.84,equipment,A,active,2025-09-30,2027-09-30,2025-09-30,2026-05-30 13:40:16.880606+00,2026-05-30 13:40:16.880606+00,,,0.00,1,2026-06-30
a08cda1e-06e8-45e9-80a7-090e5e13799a,LN-1851,9fb4a5f4-8dd7-4aac-95a3-c25ed191fbbc,0c6925f4-7d92-41a9-b358-1d126fb41279,114.12,12.50,24,5.40,15.44,129.56,1.14,event,C,paid_off,2024-08-25,2026-08-25,2024-08-25,2026-05-30 13:40:16.990875+00,2026-05-30 13:40:16.990875+00,,,0.00,0,
a09a6a77-b5c1-40c8-b726-4ee935a4592d,LN-1105,d6e7c875-4465-4b78-860a-5996b19fa15a,89d1c7f8-46de-419f-b2ec-dc69213d45ca,463.00,12.50,24,21.90,62.68,525.68,4.63,event,D,active,2025-10-30,2027-10-30,2025-10-30,2026-05-30 13:40:16.880606+00,2026-05-30 13:40:16.880606+00,,,0.00,0,
a0a4574c-912c-466d-8640-2e1a43354fb5,LN-0752,24b75f21-c9ee-4b89-a1b4-4b21670e52c4,0c6925f4-7d92-41a9-b358-1d126fb41279,687.40,12.50,24,32.52,93.07,780.47,6.87,emergency,A,active,2026-03-02,2028-03-02,2026-03-02,2026-05-30 13:40:16.751319+00,2026-05-30 13:40:16.751319+00,,,0.00,0,
a0be8a18-696a-4ca7-ab5b-63a0b7226c6f,LN-0315,aeae92b9-9ba3-49c3-bc63-135dcea3e2b0,89d1c7f8-46de-419f-b2ec-dc69213d45ca,337.10,12.50,24,15.95,45.64,382.74,3.37,travel,A,active,2026-04-30,2028-04-30,2026-04-30,2026-05-30 13:40:16.593247+00,2026-05-30 13:40:16.593247+00,,,0.00,0,
a0c688fe-f340-43ec-bb73-e5e49515bb46,LN-1676,d1baf9fa-8bbc-4720-a363-0d77f2db3303,89d1c7f8-46de-419f-b2ec-dc69213d45ca,732.83,12.50,24,34.67,99.21,832.04,7.33,emergency,C,paid_off,2024-09-10,2026-09-10,2024-09-10,2026-05-30 13:40:16.990875+00,2026-05-30 13:40:16.990875+00,,,0.00,0,
a0cbe520-9dec-4733-a3c9-7f953809f7db,LN-0119,c3ac00ad-a437-4bb8-8417-a98df1cb84f1,0c6925f4-7d92-41a9-b358-1d126fb41279,1169.25,12.50,24,55.31,158.30,1327.55,11.69,event,B,active,2026-01-30,2028-01-30,2026-01-30,2026-05-30 13:40:16.593247+00,2026-05-30 13:40:16.593247+00,,,0.00,0,
a0fddd03-d151-4361-b8fa-c8d3d233ab01,LN-0413,242a57bf-df01-49cd-ac5b-988397565b73,89d1c7f8-46de-419f-b2ec-dc69213d45ca,192.10,12.50,24,9.09,26.02,218.12,1.92,equipment,D,active,2025-09-30,2027-09-30,2025-09-30,2026-05-30 13:40:16.593247+00,2026-05-30 13:40:16.593247+00,,,0.00,0,
a13f0ef5-3987-44d4-b143-2b9621908d29,LN-1882,6134f280-ff70-4932-856a-6241405ce6d6,41340b75-3fa9-4cbd-bee5-5d10bb757dbb,1774.67,12.50,24,83.95,240.29,2014.96,17.75,auto,B,paid_off,2024-04-15,2026-04-15,2024-04-15,2026-05-30 13:40:16.990875+00,2026-05-30 13:40:16.990875+00,,,0.00,0,
a14febbe-9b82-4fe4-8d1a-b09a5500679d,LN-1112,9f3343ab-7a62-4c1b-a0c2-a2d766e3809a,0c6925f4-7d92-41a9-b358-1d126fb41279,447.72,12.50,24,21.18,60.62,508.34,4.48,emergency,A,active,2025-11-30,2027-11-30,2025-11-30,2026-05-30 13:40:16.880606+00,2026-05-30 13:40:16.880606+00,,,0.00,0,
a150d074-0d99-4748-835a-7a0b5c78ab05,LN-1827,8742c0a4-b0f4-4de1-a2d8-0c6cb5b8bfcc,0c6925f4-7d92-41a9-b358-1d126fb41279,377.03,12.50,24,17.84,51.07,428.10,3.77,homeImprovement,C,paid_off,2024-10-25,2026-10-25,2024-10-25,2026-05-30 13:40:16.990875+00,2026-05-30 13:40:16.990875+00,,,0.00,0,
a164580c-35b7-4019-9e52-08a2198b7481,LN-0657,5e43e829-9642-4ef5-8596-c81092adb3a0,89d1c7f8-46de-419f-b2ec-dc69213d45ca,227.56,12.50,24,10.77,30.79,258.35,2.28,medical,A,active,2025-08-30,2027-08-30,2025-08-30,2026-05-30 13:40:16.751319+00,2026-05-30 13:40:16.751319+00,,,0.00,1,2026-06-30
a1650041-ecd6-4c7d-9445-67c2ba2706da,LN-0538,7df84c26-2bf1-4258-afff-8cf44d754e48,89d1c7f8-46de-419f-b2ec-dc69213d45ca,445.37,12.50,24,21.07,60.30,505.67,4.45,equipment,A,active,2025-08-30,2027-08-30,2025-08-30,2026-05-30 13:40:16.751319+00,2026-05-30 13:40:16.751319+00,,,0.00,0,
a1691640-09cb-4eb2-a0fa-1fcbc2cddaf4,LN-1741,68da4869-27a4-4746-9543-31dab9a1e3cd,0c6925f4-7d92-41a9-b358-1d126fb41279,408.00,12.50,24,19.30,55.22,463.22,4.08,homeImprovement,A,paid_off,2024-06-04,2026-06-04,2024-06-04,2026-05-30 13:40:16.990875+00,2026-05-30 13:40:16.990875+00,,,0.00,0,
a170f44b-a359-4e33-9c32-61cb3321699f,LN-1643,73997b67-df90-4afa-b62d-e6ba9ad07a8a,0c6925f4-7d92-41a9-b358-1d126fb41279,184.40,12.50,24,8.72,24.98,209.38,1.84,travel,A,paid_off,2024-04-07,2026-04-07,2024-04-07,2026-05-30 13:40:16.990875+00,2026-05-30 13:40:16.990875+00,,,0.00,0,
a175d43c-6667-4e25-a340-48a620a213f6,LN-1705,fac115a4-4844-4056-8742-acdb5bc2de19,0c6925f4-7d92-41a9-b358-1d126fb41279,368.45,12.50,24,17.43,49.90,418.35,3.68,auto,B,paid_off,2024-06-19,2026-06-19,2024-06-19,2026-05-30 13:40:16.990875+00,2026-05-30 13:40:16.990875+00,,,0.00,0,
a17f4e93-a158-49c5-87a9-a264088242fb,LN-0766,82ce88f8-b81d-46fb-b6d1-d8bd73c347a9,0c6925f4-7d92-41a9-b358-1d126fb41279,390.70,12.50,24,18.48,52.89,443.59,3.91,travel,B,active,2025-06-30,2027-06-30,2025-06-30,2026-05-30 13:40:16.751319+00,2026-05-30 13:40:16.751319+00,,,0.00,3,2026-06-30
a19b347a-5004-484a-bd39-68cc4a97bfd5,LN-1905,ddbf44d2-94ec-4609-8865-39b7ce3aa506,89d1c7f8-46de-419f-b2ec-dc69213d45ca,478.66,12.50,24,22.64,64.82,543.48,4.79,medical,A,paid_off,2024-12-09,2026-12-09,2024-12-09,2026-05-30 13:40:16.990875+00,2026-05-30 13:40:16.990875+00,,,0.00,0,
a19c1b99-1488-45f4-97bb-b98ac4f5fbb9,LN-0260,ecd0c1d7-0ec8-424d-8f88-0f1768d9b2f4,0c6925f4-7d92-41a9-b358-1d126fb41279,379.72,12.50,24,17.96,51.42,431.14,3.80,medical,B,active,2025-06-30,2027-06-30,2025-06-30,2026-05-30 13:40:16.593247+00,2026-05-30 13:40:16.593247+00,,,0.00,0,
a1a716f2-1938-40c3-ad94-50ecd467a7e8,LN-0432,1255bcfd-c610-4e53-9ee3-19102851a5fc,89d1c7f8-46de-419f-b2ec-dc69213d45ca,121.92,12.50,24,5.77,16.50,138.42,1.22,medical,A,active,2025-07-30,2027-07-30,2025-07-30,2026-05-30 13:40:16.593247+00,2026-05-30 13:40:16.593247+00,,,0.00,0,
a1aae22c-2c8b-48f6-a127-c652e70e77cd,LN-1470,e3f15d28-42e1-453d-b9cb-1ff0b0555ac9,89d1c7f8-46de-419f-b2ec-dc69213d45ca,326.40,12.50,24,15.44,44.20,370.60,3.26,homeImprovement,B,paid_off,2024-04-03,2026-04-03,2024-04-03,2026-05-30 13:40:16.880606+00,2026-05-30 13:40:16.880606+00,,,0.00,0,
a1b4b9e8-9839-4da1-947f-747852d35327,LN-1149,15313af4-a4ec-4155-9ef9-bf1d282f2a3b,0c6925f4-7d92-41a9-b358-1d126fb41279,185.54,12.50,24,8.78,25.12,210.66,1.86,event,C,active,2025-09-30,2027-09-30,2025-09-30,2026-05-30 13:40:16.880606+00,2026-05-30 13:40:16.880606+00,,,0.00,0,
a1e35748-e578-44ee-bd92-3bcaa805dc16,LN-1294,14b419b7-4c91-413b-8bd2-601e37ff529c,866a2b0d-da4d-403f-9343-390a810648e5,997.57,12.50,24,47.19,135.03,1132.60,9.98,event,A,defaulted,2025-12-30,2027-12-30,2025-12-30,2026-05-30 13:40:16.880606+00,2026-05-30 13:40:16.880606+00,2025-10-30,written_off,997.57,4,
a1ed6d23-49e9-4977-8a92-d3255d623c21,LN-0024,b5bd3cff-af87-44a1-8a82-be556dd9f830,0c6925f4-7d92-41a9-b358-1d126fb41279,79.74,12.50,24,3.77,10.81,90.55,0.80,medical,A,active,2025-04-30,2027-04-30,2025-04-30,2026-05-30 13:40:16.593247+00,2026-05-30 13:40:16.593247+00,,,0.00,1,2026-06-30
a1f66256-a86e-4d31-a0bf-4c72f50aac73,LN-1417,bc097573-aa80-47a3-8474-3c70ede70842,89d1c7f8-46de-419f-b2ec-dc69213d45ca,299.20,12.50,24,14.15,40.53,339.73,2.99,medical,D,paid_off,2024-08-05,2026-08-05,2024-08-05,2026-05-30 13:40:16.880606+00,2026-05-30 13:40:16.880606+00,,,0.00,0,
a20d4c2e-a507-4bac-bd87-18666cb78385,LN-0585,0f7fe52b-ce82-4ffe-b849-ca8e0316deae,89d1c7f8-46de-419f-b2ec-dc69213d45ca,144.60,12.50,24,6.84,19.56,164.16,1.45,equipment,B,active,2025-01-30,2027-01-30,2025-01-30,2026-05-30 13:40:16.751319+00,2026-05-30 13:40:16.751319+00,,,0.00,1,2026-06-30
a2206fa6-ac16-4658-b057-0529557f4905,LN-1052,efaa6ad9-1a3e-49d7-be04-1a165264efea,89d1c7f8-46de-419f-b2ec-dc69213d45ca,314.24,12.50,24,14.87,42.51,356.75,3.14,homeImprovement,D,active,2025-09-30,2027-09-30,2025-09-30,2026-05-30 13:40:16.880606+00,2026-05-30 13:40:16.880606+00,,,0.00,0,
a266865f-312e-481f-8a21-86d07e424dfa,LN-0356,44057867-5591-4c82-a65c-a3cde2c1cfe8,0c6925f4-7d92-41a9-b358-1d126fb41279,665.45,12.50,24,31.48,90.09,755.54,6.65,medical,B,defaulted,2025-12-30,2027-12-30,2025-12-30,2026-05-30 13:40:16.593247+00,2026-05-30 13:40:16.593247+00,2026-01-30,written_off,665.45,4,
a2d22221-6375-4256-908e-6a6cc1ec06a9,LN-0503,e7d7f8c9-ec1a-4d9b-bbd2-944ff9ee77ed,0c6925f4-7d92-41a9-b358-1d126fb41279,141.94,12.50,24,6.71,19.24,161.18,1.42,auto,A,active,2025-11-30,2027-11-30,2025-11-30,2026-05-30 13:40:16.751319+00,2026-05-30 13:40:16.751319+00,,,0.00,0,
a33ef2ec-9431-4550-8c99-beccc8c17b61,LN-0435,0d4536b3-a1b1-4937-975e-96fe90493dd4,0c6925f4-7d92-41a9-b358-1d126fb41279,238.58,12.50,24,11.29,32.28,270.86,2.39,event,D,active,2025-12-30,2027-12-30,2025-12-30,2026-05-30 13:40:16.593247+00,2026-05-30 13:40:16.593247+00,,,0.00,0,
a3444043-8c02-4ed5-b657-cf47c86abea8,LN-0943,39ba4337-037a-4fc5-9555-13277ad0dc80,0c6925f4-7d92-41a9-b358-1d126fb41279,415.83,12.50,24,19.67,56.31,472.14,4.16,equipment,B,active,2025-10-30,2027-10-30,2025-10-30,2026-05-30 13:40:16.751319+00,2026-05-30 13:40:16.751319+00,,,0.00,0,
a35802cf-d055-4ba6-b809-1936180c6216,LN-0366,dff8ba2a-d3fd-4195-8b52-5310c8700825,866a2b0d-da4d-403f-9343-390a810648e5,827.16,12.50,24,39.13,111.97,939.13,8.27,medical,D,active,2026-03-30,2028-03-30,2026-03-30,2026-05-30 13:40:16.593247+00,2026-05-30 13:40:16.593247+00,,,0.00,0,
a3b368b5-c40b-404b-b84f-57994d93fd82,LN-0234,81f3c949-7180-42b5-bff7-8254e1f4f7ea,89d1c7f8-46de-419f-b2ec-dc69213d45ca,209.90,12.50,24,9.93,28.39,238.29,2.10,equipment,B,active,2025-04-30,2027-04-30,2025-04-30,2026-05-30 13:40:16.593247+00,2026-05-30 13:40:16.593247+00,,,0.00,0,
a3c71234-81e3-40fa-b857-853ec770491d,LN-0663,65b36f75-e57f-4bed-b628-3d89efea84f3,0c6925f4-7d92-41a9-b358-1d126fb41279,326.55,12.50,24,15.45,44.22,370.77,3.27,consolidation,A,active,2025-10-30,2027-10-30,2025-10-30,2026-05-30 13:40:16.751319+00,2026-05-30 13:40:16.751319+00,,,0.00,0,
a3e226ad-9470-491f-ac2b-85300c774ee0,LN-0349,346a8a8a-e9c5-4f9a-ae3c-bd362c73b77b,89d1c7f8-46de-419f-b2ec-dc69213d45ca,680.40,12.50,24,32.19,92.13,772.53,6.80,emergency,B,active,2025-05-30,2027-05-30,2025-05-30,2026-05-30 13:40:16.593247+00,2026-05-30 13:40:16.593247+00,,,0.00,0,
a4452d76-7a4c-433a-9a07-30bb406a914b,LN-0562,619284a5-4be6-4601-949e-32ebcf6316c5,89d1c7f8-46de-419f-b2ec-dc69213d45ca,66.41,12.50,24,3.14,8.99,75.40,0.66,event,B,active,2026-04-30,2028-04-30,2026-04-30,2026-05-30 13:40:16.751319+00,2026-05-30 13:40:16.751319+00,,,0.00,0,
a4602afe-72b9-422c-9003-3e96ad4c9690,LN-0531,d3ff2edb-605a-48f3-a635-2733104d69b5,0c6925f4-7d92-41a9-b358-1d126fb41279,172.97,12.50,24,8.18,23.42,196.39,1.73,equipment,C,active,2026-01-30,2028-01-30,2026-01-30,2026-05-30 13:40:16.751319+00,2026-05-30 13:40:16.751319+00,,,0.00,0,
a4b1aaf7-5b56-488d-bb01-4ad3f5f4a412,LN-0992,b4693cba-c1e7-4a80-bac3-640a67d3be38,0c6925f4-7d92-41a9-b358-1d126fb41279,590.99,12.50,24,27.96,80.01,671.00,5.91,event,A,active,2026-04-30,2028-04-30,2026-04-30,2026-05-30 13:40:16.751319+00,2026-05-30 13:40:16.751319+00,,,0.00,0,
a4ccd950-ca61-4743-9725-e683612f7c11,LN-0855,b376f3d6-991c-4dea-a175-01090996dccb,89d1c7f8-46de-419f-b2ec-dc69213d45ca,457.51,12.50,24,21.64,61.94,519.45,4.58,medical,C,active,2026-03-02,2028-03-02,2026-03-02,2026-05-30 13:40:16.751319+00,2026-05-30 13:40:16.751319+00,,,0.00,0,
a4e05ebc-f104-42c6-b372-be9f506d2dd5,LN-1730,3982033f-0308-42bc-87ad-00ace6477613,866a2b0d-da4d-403f-9343-390a810648e5,701.04,12.50,24,33.16,94.92,795.96,7.01,medical,A,paid_off,2024-02-01,2026-02-01,2024-02-01,2026-05-30 13:40:16.990875+00,2026-05-30 13:40:16.990875+00,,,0.00,0,
a4ea2a9e-4e2a-4193-b274-272fd9340309,LN-0293,485b2ce4-59d2-4f62-9386-b8e20412f603,89d1c7f8-46de-419f-b2ec-dc69213d45ca,745.11,12.50,24,35.25,100.86,845.97,7.45,event,B,active,2025-11-30,2027-11-30,2025-11-30,2026-05-30 13:40:16.593247+00,2026-05-30 13:40:16.593247+00,,,0.00,0,
a505cee6-b725-43fd-a654-e991bb7bce92,LN-0450,84838519-0506-4eb8-83d5-13d26654235c,89d1c7f8-46de-419f-b2ec-dc69213d45ca,634.14,12.50,24,30.00,85.86,720.00,6.34,homeImprovement,B,defaulted,2025-04-30,2027-04-30,2025-04-30,2026-05-30 13:40:16.593247+00,2026-05-30 13:40:16.593247+00,2025-09-30,written_off,490.08,4,
a51515c1-6c81-40cd-a617-c8f4ae47d8f8,LN-1183,102c24ab-ce20-4a6f-a58d-d1ccb8c1e149,89d1c7f8-46de-419f-b2ec-dc69213d45ca,600.25,12.50,24,28.40,81.24,681.49,6.00,medical,A,active,2025-10-30,2027-10-30,2025-10-30,2026-05-30 13:40:16.880606+00,2026-05-30 13:40:16.880606+00,,,0.00,0,
a5191eba-a2dc-4912-820b-894f61bfcac2,LN-0981,01e05c02-a059-471f-aa74-6b90b55269ef,0c6925f4-7d92-41a9-b358-1d126fb41279,465.72,12.50,24,22.03,63.05,528.77,4.66,emergency,C,active,2025-06-30,2027-06-30,2025-06-30,2026-05-30 13:40:16.751319+00,2026-05-30 13:40:16.751319+00,,,0.00,0,
a52e0940-175b-43cd-8359-a804f4ac09ce,LN-0813,0e15145b-1e7f-4c1a-8423-be744aa46ee2,89d1c7f8-46de-419f-b2ec-dc69213d45ca,264.52,12.50,24,12.51,35.82,300.34,2.65,travel,B,active,2025-06-30,2027-06-30,2025-06-30,2026-05-30 13:40:16.751319+00,2026-05-30 13:40:16.751319+00,,,0.00,0,
a536904d-d0c3-421b-9b65-a88e5dbe5b71,LN-0847,c2a5f064-9022-4ae0-8568-d23ec9d5cff2,0c6925f4-7d92-41a9-b358-1d126fb41279,501.37,12.50,24,23.72,67.86,569.23,5.01,equipment,A,active,2025-10-30,2027-10-30,2025-10-30,2026-05-30 13:40:16.751319+00,2026-05-30 13:40:16.751319+00,,,0.00,0,
a56a9d8c-320a-4858-9117-ba3a2c396aac,LN-1107,42407320-7e2c-40fb-baea-3df641f654a6,0c6925f4-7d92-41a9-b358-1d126fb41279,373.65,12.50,24,17.68,50.57,424.22,3.74,equipment,A,active,2025-06-30,2027-06-30,2025-06-30,2026-05-30 13:40:16.880606+00,2026-05-30 13:40:16.880606+00,,,0.00,0,
a57c2b5d-a9a6-411e-8497-6dba56cd947f,LN-1151,36d90855-e509-4b27-ae5f-a197bc2bb6e9,41340b75-3fa9-4cbd-bee5-5d10bb757dbb,770.92,12.50,24,36.47,104.37,875.29,7.71,travel,D,active,2025-12-30,2027-12-30,2025-12-30,2026-05-30 13:40:16.880606+00,2026-05-30 13:40:16.880606+00,,,0.00,0,
a5b3d0ff-6547-4c89-b3de-2ba6ea4502f6,LN-1512,d94e7cd0-4956-4a41-90d6-2116fcf9383a,0c6925f4-7d92-41a9-b358-1d126fb41279,302.14,12.50,24,14.29,40.90,343.04,3.02,medical,B,paid_off,2024-08-26,2026-08-26,2024-08-26,2026-05-30 13:40:16.990875+00,2026-05-30 13:40:16.990875+00,,,0.00,0,
a5c5e189-c5e0-42ea-9f6b-18a78d1f54e5,LN-1980,4d45aaa6-f5bd-47c1-b620-3f2b633a487f,0c6925f4-7d92-41a9-b358-1d126fb41279,602.10,12.50,24,28.48,81.52,683.62,6.02,emergency,D,paid_off,2024-08-12,2026-08-12,2024-08-12,2026-05-30 13:40:16.990875+00,2026-05-30 13:40:16.990875+00,,,0.00,0,
a6302009-c23b-4c0d-87e2-8d1360f2088b,LN-0111,63108b6f-b685-4a09-94ca-a234ed80b85a,89d1c7f8-46de-419f-b2ec-dc69213d45ca,380.37,12.50,24,17.99,51.51,431.88,3.80,emergency,D,active,2025-09-30,2027-09-30,2025-09-30,2026-05-30 13:40:16.593247+00,2026-05-30 13:40:16.593247+00,,,0.00,0,
a648d908-e85d-4c7b-be06-cc5346208f20,LN-0650,e9957c75-07b2-4ec8-926f-c19a75780a5d,41340b75-3fa9-4cbd-bee5-5d10bb757dbb,812.15,12.50,24,38.42,109.96,922.11,8.12,consolidation,D,active,2025-12-30,2027-12-30,2025-12-30,2026-05-30 13:40:16.751319+00,2026-05-30 13:40:16.751319+00,,,0.00,0,
a6b8202f-4056-4d62-a271-07139ddd3715,LN-0401,a5763462-1e84-47c0-855b-fa35d7c381e6,0c6925f4-7d92-41a9-b358-1d126fb41279,469.61,12.50,24,22.22,63.56,533.17,4.70,consolidation,A,active,2025-11-30,2027-11-30,2025-11-30,2026-05-30 13:40:16.593247+00,2026-05-30 13:40:16.593247+00,,,0.00,0,
a6e4e7b1-9aec-4824-9d9f-1403aeaed394,LN-1722,ca3fcf93-9032-4809-bfa0-b0520cba6181,0c6925f4-7d92-41a9-b358-1d126fb41279,306.72,12.50,24,14.51,41.53,348.25,3.07,travel,D,paid_off,2024-06-26,2026-06-26,2024-06-26,2026-05-30 13:40:16.990875+00,2026-05-30 13:40:16.990875+00,,,0.00,0,
a6e70f17-4278-455c-8dfa-ef295a2d80cf,LN-0738,7d0f5d11-e6a3-434e-a4ec-d1dc9d2dd324,89d1c7f8-46de-419f-b2ec-dc69213d45ca,750.05,12.50,24,35.48,101.52,851.57,7.50,homeImprovement,A,active,2025-06-30,2027-06-30,2025-06-30,2026-05-30 13:40:16.751319+00,2026-05-30 13:40:16.751319+00,,,0.00,0,
a70a823c-e7b4-40e7-a723-d5c2a585ec59,LN-1473,8563a7bf-7695-4c46-ac9d-1770aed0f7c1,866a2b0d-da4d-403f-9343-390a810648e5,611.67,12.50,24,28.94,82.79,694.46,6.12,medical,A,paid_off,2024-09-11,2026-09-11,2024-09-11,2026-05-30 13:40:16.880606+00,2026-05-30 13:40:16.880606+00,,,0.00,0,
a71231e7-9d58-4325-a137-5791e64719f9,LN-1357,f156dac7-3214-493c-b463-51a5f965be3c,89d1c7f8-46de-419f-b2ec-dc69213d45ca,390.53,12.50,24,18.47,52.87,443.40,3.91,auto,B,active,2025-12-30,2027-12-30,2025-12-30,2026-05-30 13:40:16.880606+00,2026-05-30 13:40:16.880606+00,,,0.00,0,
a7b869a3-14d6-4c8d-906c-1b48fd2f8f37,LN-0277,befcaf7b-7d6d-427f-aebd-ada4003ff3f3,41340b75-3fa9-4cbd-bee5-5d10bb757dbb,1184.23,12.50,24,56.02,160.36,1344.59,11.84,event,A,active,2026-04-30,2028-04-30,2026-04-30,2026-05-30 13:40:16.593247+00,2026-05-30 13:40:16.593247+00,,,0.00,0,
a7c6af27-11ec-42eb-8b04-4ce4bd4e609c,LN-1660,5a81ed46-d265-4f7f-b447-f16c4912d0dc,89d1c7f8-46de-419f-b2ec-dc69213d45ca,143.47,12.50,24,6.79,19.41,162.88,1.43,medical,D,paid_off,2024-01-11,2026-01-11,2024-01-11,2026-05-30 13:40:16.990875+00,2026-05-30 13:40:16.990875+00,,,0.00,0,
a7ec637c-0490-4868-af15-f18860812062,LN-1263,39f2f716-bde9-4847-8ec4-6e800bc619ca,89d1c7f8-46de-419f-b2ec-dc69213d45ca,121.24,12.50,24,5.74,16.40,137.64,1.21,medical,B,active,2025-05-30,2027-05-30,2025-05-30,2026-05-30 13:40:16.880606+00,2026-05-30 13:40:16.880606+00,,,0.00,0,
a7fd194d-4aa1-4f18-86c7-e42379893af8,LN-1019,9a7a439a-1e45-49fc-938b-880bba5b435e,0c6925f4-7d92-41a9-b358-1d126fb41279,996.26,12.50,24,47.13,134.87,1131.13,9.96,travel,B,active,2025-04-30,2027-04-30,2025-04-30,2026-05-30 13:40:16.880606+00,2026-05-30 13:40:16.880606+00,,,0.00,0,
a80c5482-6c48-4eca-80f5-9ffd13ea3a6b,LN-0192,8e35cfb0-ac95-4e9f-99f0-2d4f7ba2ae68,866a2b0d-da4d-403f-9343-390a810648e5,784.54,12.50,24,37.11,106.23,890.77,7.85,medical,D,active,2025-07-30,2027-07-30,2025-07-30,2026-05-30 13:40:16.593247+00,2026-05-30 13:40:16.593247+00,,,0.00,0,
a8434f44-a88d-444a-adf6-d8c76ce5911b,LN-1770,ed38f2a2-0a85-4509-a0c8-fea5d456503f,89d1c7f8-46de-419f-b2ec-dc69213d45ca,121.58,12.50,24,5.75,16.48,138.06,1.22,event,B,paid_off,2024-07-06,2026-07-06,2024-07-06,2026-05-30 13:40:16.990875+00,2026-05-30 13:40:16.990875+00,,,0.00,0,
a87c32f1-1487-45fe-a6cc-c0816e99bb13,LN-1373,3306b148-3625-449c-89d4-541a9f152ff7,0c6925f4-7d92-41a9-b358-1d126fb41279,441.38,12.50,24,20.88,59.76,501.14,4.41,travel,A,paid_off,2024-03-13,2026-03-13,2024-03-13,2026-05-30 13:40:16.880606+00,2026-05-30 13:40:16.880606+00,,,0.00,0,
a892c314-66ff-4fa4-b7ba-54152ecd5270,LN-1365,cfe15890-2649-43f4-9703-79f072b50842,89d1c7f8-46de-419f-b2ec-dc69213d45ca,579.30,12.50,24,27.41,78.40,657.70,5.79,emergency,B,active,2026-03-02,2028-03-02,2026-03-02,2026-05-30 13:40:16.880606+00,2026-05-30 13:40:16.880606+00,,,0.00,0,
a91c066c-e705-4ede-afbf-88690307ef87,LN-0798,6ed86d02-a536-4fdf-aa6c-537fa98a5f5f,0c6925f4-7d92-41a9-b358-1d126fb41279,353.50,12.50,24,16.72,47.88,401.38,3.54,consolidation,A,active,2025-06-30,2027-06-30,2025-06-30,2026-05-30 13:40:16.751319+00,2026-05-30 13:40:16.751319+00,,,0.00,0,
a9680f9a-09b0-47a4-9aed-622e6185e6ed,LN-0246,045a2207-bd7e-4dd6-8406-6f09703577e9,89d1c7f8-46de-419f-b2ec-dc69213d45ca,777.41,12.50,24,36.78,105.23,882.64,7.77,event,C,active,2025-10-30,2027-10-30,2025-10-30,2026-05-30 13:40:16.593247+00,2026-05-30 13:40:16.593247+00,,,0.00,0,
a990d6ca-648c-4399-bba1-5d9057682c03,LN-0003,0ef5c151-2106-4a15-bc94-202bf7fa7b5d,89d1c7f8-46de-419f-b2ec-dc69213d45ca,386.78,12.50,24,18.30,52.36,439.14,3.87,auto,C,active,2025-07-30,2027-07-30,2025-07-30,2026-05-30 13:40:16.593247+00,2026-05-30 13:40:16.593247+00,,,0.00,0,
a9b07b4a-659d-494e-803f-89b1540004f9,LN-0568,bab3d9e0-1ea8-42ef-ac14-536e709e6a1f,89d1c7f8-46de-419f-b2ec-dc69213d45ca,632.70,12.50,24,29.93,85.63,718.33,6.33,medical,A,active,2025-07-30,2027-07-30,2025-07-30,2026-05-30 13:40:16.751319+00,2026-05-30 13:40:16.751319+00,,,0.00,0,
a9c00fc0-14cd-41c7-bc55-8b5b5357afe6,LN-0388,86dd276d-bf12-41f2-84c6-dde120f7f908,0c6925f4-7d92-41a9-b358-1d126fb41279,278.98,12.50,24,13.20,37.77,316.75,2.79,medical,A,active,2025-07-30,2027-07-30,2025-07-30,2026-05-30 13:40:16.593247+00,2026-05-30 13:40:16.593247+00,,,0.00,0,
a9d22641-6f41-4097-ad49-d5bb9a603712,LN-0851,b1cf3556-f97d-40e8-8dfe-85946d4a6bb9,89d1c7f8-46de-419f-b2ec-dc69213d45ca,92.79,12.50,24,4.39,12.53,105.32,0.93,auto,B,active,2026-01-30,2028-01-30,2026-01-30,2026-05-30 13:40:16.751319+00,2026-05-30 13:40:16.751319+00,,,0.00,0,
a9f75d38-81fd-4e18-b307-fb4606a21f07,LN-1225,4db85d4a-4a1b-4eb8-8526-79e95dfe4714,89d1c7f8-46de-419f-b2ec-dc69213d45ca,310.96,12.50,24,14.71,42.11,353.07,3.11,travel,D,active,2025-12-30,2027-12-30,2025-12-30,2026-05-30 13:40:16.880606+00,2026-05-30 13:40:16.880606+00,,,0.00,0,
aa19d727-8f2b-4ecb-9a35-46025f3720b4,LN-1359,c99e35e4-63c1-4052-a227-cd1ec9d69a76,866a2b0d-da4d-403f-9343-390a810648e5,806.72,12.50,24,38.16,109.18,915.90,8.07,emergency,A,active,2025-12-30,2027-12-30,2025-12-30,2026-05-30 13:40:16.880606+00,2026-05-30 13:40:16.880606+00,,,0.00,1,2026-06-30
aa3f7bb2-b8c5-4c77-b3bf-bf7ebe5b0b62,LN-0253,1da807af-90ad-4780-9b65-9e2b4fae6906,0c6925f4-7d92-41a9-b358-1d126fb41279,310.67,12.50,24,14.70,42.07,352.74,3.11,equipment,B,active,2025-09-30,2027-09-30,2025-09-30,2026-05-30 13:40:16.593247+00,2026-05-30 13:40:16.593247+00,,,0.00,0,
aa8ae0c6-3a3b-4af7-ae96-4a37c99e03ad,LN-1803,819433ab-ddc4-40e5-984a-e320953edf56,866a2b0d-da4d-403f-9343-390a810648e5,555.92,12.50,24,26.30,75.26,631.18,5.56,equipment,C,paid_off,2024-07-05,2026-07-05,2024-07-05,2026-05-30 13:40:16.990875+00,2026-05-30 13:40:16.990875+00,,,0.00,0,
aaa2798c-6b15-4806-b0bd-cacfc4d66239,LN-1196,c5a49ccd-342c-4bea-a7bd-724e119c2208,89d1c7f8-46de-419f-b2ec-dc69213d45ca,84.02,12.50,24,3.97,11.38,95.40,0.84,consolidation,A,active,2025-10-30,2027-10-30,2025-10-30,2026-05-30 13:40:16.880606+00,2026-05-30 13:40:16.880606+00,,,0.00,0,
aad8b94f-6ae6-49f2-a189-d9d70102e505,LN-0588,1a350de9-2812-45a9-92d5-c956a8e0515e,89d1c7f8-46de-419f-b2ec-dc69213d45ca,501.83,12.50,24,23.74,67.93,569.76,5.02,travel,C,active,2026-03-02,2028-03-02,2026-03-02,2026-05-30 13:40:16.751319+00,2026-05-30 13:40:16.751319+00,,,0.00,0,
aaf570bd-2ef2-4a7f-b073-54cefb4b6169,LN-1489,038ac7ff-4eb2-4f1d-894a-32e4f9c97bb4,41340b75-3fa9-4cbd-bee5-5d10bb757dbb,1274.44,12.50,24,60.29,172.56,1447.00,12.74,equipment,A,paid_off,2024-06-11,2026-06-11,2024-06-11,2026-05-30 13:40:16.880606+00,2026-05-30 13:40:16.880606+00,,,0.00,0,
ab5d5820-0b11-4936-bbc9-5612a4ee8cb8,LN-0878,5bbe5af2-7126-4aa9-b6f7-b766b66f6f81,41340b75-3fa9-4cbd-bee5-5d10bb757dbb,1865.45,12.50,24,88.25,252.52,2117.97,18.65,equipment,B,defaulted,2025-05-30,2027-05-30,2025-05-30,2026-05-30 13:40:16.751319+00,2026-05-30 13:40:16.751319+00,2026-03-02,written_off,1514.11,4,
ab84f86d-e4f4-42f9-a2ce-04f3c53ef982,LN-0318,a8cf248e-5c7c-4600-bc57-5cbb760a98a7,89d1c7f8-46de-419f-b2ec-dc69213d45ca,225.66,12.50,24,10.68,30.56,256.22,2.26,travel,B,active,2025-06-30,2027-06-30,2025-06-30,2026-05-30 13:40:16.593247+00,2026-05-30 13:40:16.593247+00,,,0.00,0,
ab864b8f-a5ce-4351-8db7-95a7c6645d7b,LN-1086,0d53399a-1ea5-4486-bd6c-b146b1f81f73,41340b75-3fa9-4cbd-bee5-5d10bb757dbb,1246.29,12.50,24,58.96,168.70,1414.99,12.46,event,A,active,2025-09-30,2027-09-30,2025-09-30,2026-05-30 13:40:16.880606+00,2026-05-30 13:40:16.880606+00,,,0.00,0,
aba4efbb-d35b-4b64-95c0-09f8d2a3ad6d,LN-1876,55511c5e-83b1-4889-a6f7-1fdea776007b,89d1c7f8-46de-419f-b2ec-dc69213d45ca,371.02,12.50,24,17.55,50.24,421.26,3.71,auto,B,paid_off,2024-05-02,2026-05-02,2024-05-02,2026-05-30 13:40:16.990875+00,2026-05-30 13:40:16.990875+00,,,0.00,0,
abbd5897-4550-4d87-bb0c-45cb30e4b330,LN-1381,6b7dc3bc-7704-40e7-92ae-0acca31a9ce2,89d1c7f8-46de-419f-b2ec-dc69213d45ca,226.07,12.50,24,10.69,30.60,256.67,2.26,equipment,A,paid_off,2024-11-16,2026-11-16,2024-11-16,2026-05-30 13:40:16.880606+00,2026-05-30 13:40:16.880606+00,,,0.00,0,
abc2d09f-68e8-4bf2-a0c7-7a18954bdef5,LN-0474,c1efcabe-a2ad-4a87-b41b-8e446147531e,866a2b0d-da4d-403f-9343-390a810648e5,1397.17,12.50,24,66.10,189.15,1586.32,13.97,event,C,active,2026-04-30,2028-04-30,2026-04-30,2026-05-30 13:40:16.593247+00,2026-05-30 13:40:16.593247+00,,,0.00,0,
abca7eb2-94c8-4850-bd26-06daaf1c18b9,LN-0576,3dd6e7f2-0096-46d8-a34d-ad840bcc847c,0c6925f4-7d92-41a9-b358-1d126fb41279,461.33,12.50,24,21.82,62.49,523.82,4.61,homeImprovement,D,active,2026-04-30,2028-04-30,2026-04-30,2026-05-30 13:40:16.751319+00,2026-05-30 13:40:16.751319+00,,,0.00,0,
abddb97b-ada6-4ff2-9833-a850b6bda73a,LN-0607,881c75ac-e8d9-45a0-9aff-be98fc973827,41340b75-3fa9-4cbd-bee5-5d10bb757dbb,1029.54,12.50,24,48.70,139.41,1168.95,10.30,auto,A,active,2025-12-30,2027-12-30,2025-12-30,2026-05-30 13:40:16.751319+00,2026-05-30 13:40:16.751319+00,,,0.00,0,
abee91a0-6a23-4e01-9998-347b8f9dd124,LN-0364,4749f3de-97e7-4700-a07c-01909f61c0de,89d1c7f8-46de-419f-b2ec-dc69213d45ca,455.06,12.50,24,21.53,61.62,516.68,4.55,travel,C,active,2025-05-30,2027-05-30,2025-05-30,2026-05-30 13:40:16.593247+00,2026-05-30 13:40:16.593247+00,,,0.00,0,
abf0c079-28af-4a7c-b260-0eb6920e4145,LN-0190,3b289e15-498c-450b-8c29-660a9fa8bbb0,866a2b0d-da4d-403f-9343-390a810648e5,872.03,12.50,24,41.25,118.04,990.07,8.72,equipment,C,active,2025-06-30,2027-06-30,2025-06-30,2026-05-30 13:40:16.593247+00,2026-05-30 13:40:16.593247+00,,,0.00,0,
ac2d9a6b-44ae-43c9-922b-848703e03bf3,LN-0013,c84293f4-e05b-48a4-8727-a789676cc51e,89d1c7f8-46de-419f-b2ec-dc69213d45ca,662.26,12.50,24,31.33,89.64,751.90,6.62,consolidation,A,active,2026-01-30,2028-01-30,2026-01-30,2026-05-30 13:40:16.593247+00,2026-05-30 13:40:16.593247+00,,,0.00,0,
ac5018e1-a339-46e8-a37c-7e21bfcb9666,LN-0894,0782bda2-c6c6-4a38-8873-34fa806c895d,89d1c7f8-46de-419f-b2ec-dc69213d45ca,513.59,12.50,24,24.30,69.50,583.09,5.14,event,D,active,2025-09-30,2027-09-30,2025-09-30,2026-05-30 13:40:16.751319+00,2026-05-30 13:40:16.751319+00,,,0.00,1,2026-06-30
ac5aa6ac-3785-4426-ac56-cee13738c115,LN-0383,66b4300c-eb61-4fae-9022-ded868383776,41340b75-3fa9-4cbd-bee5-5d10bb757dbb,876.77,12.50,24,41.48,118.68,995.45,8.77,event,A,active,2026-01-30,2028-01-30,2026-01-30,2026-05-30 13:40:16.593247+00,2026-05-30 13:40:16.593247+00,,,0.00,0,
ac64c93e-8dd2-4b5f-bd58-e23837af7659,LN-0569,f93ad892-7726-498b-9d5c-2978fcefc8f4,89d1c7f8-46de-419f-b2ec-dc69213d45ca,1619.39,12.50,24,76.61,219.22,1838.61,16.19,travel,B,active,2025-07-30,2027-07-30,2025-07-30,2026-05-30 13:40:16.751319+00,2026-05-30 13:40:16.751319+00,,,0.00,0,
ac85714e-cf4a-4bdc-9746-5159473be310,LN-0276,6c41d684-132e-48a1-a91c-99d38c5750ef,41340b75-3fa9-4cbd-bee5-5d10bb757dbb,657.31,12.50,24,31.10,88.97,746.28,6.57,consolidation,A,active,2025-06-30,2027-06-30,2025-06-30,2026-05-30 13:40:16.593247+00,2026-05-30 13:40:16.593247+00,,,0.00,0,
ac9b0ddf-7e13-4cfe-b655-165bf0a83ace,LN-1884,54695265-601a-4999-876c-7739e17c763d,89d1c7f8-46de-419f-b2ec-dc69213d45ca,380.53,12.50,24,18.00,51.52,432.05,3.81,medical,A,paid_off,2024-11-19,2026-11-19,2024-11-19,2026-05-30 13:40:16.990875+00,2026-05-30 13:40:16.990875+00,,,0.00,0,
acaa7196-50cd-46f4-a99d-867882950e49,LN-1506,d83fab20-5426-4413-8a1b-d906131b291e,89d1c7f8-46de-419f-b2ec-dc69213d45ca,254.81,12.50,24,12.05,34.52,289.33,2.55,auto,C,paid_off,2024-02-10,2026-02-10,2024-02-10,2026-05-30 13:40:16.990875+00,2026-05-30 13:40:16.990875+00,,,0.00,0,
acd26af6-89f8-4d03-9b3a-8a082644c731,LN-1786,eaa11b09-d386-4393-8055-faf0292bdc50,89d1c7f8-46de-419f-b2ec-dc69213d45ca,75.71,12.50,24,3.58,10.27,85.98,0.76,homeImprovement,A,paid_off,2024-05-18,2026-05-18,2024-05-18,2026-05-30 13:40:16.990875+00,2026-05-30 13:40:16.990875+00,,,0.00,0,
acf5afd8-ef1e-4249-9803-b9680930859d,LN-1972,7056158a-a55d-48d6-a483-e6b7c5f4bf7f,0c6925f4-7d92-41a9-b358-1d126fb41279,536.66,12.50,24,25.39,72.65,609.31,5.37,event,B,paid_off,2024-06-15,2026-06-15,2024-06-15,2026-05-30 13:40:16.990875+00,2026-05-30 13:40:16.990875+00,,,0.00,0,
ad00f85a-ab50-4f81-ae15-1d4817293f9d,LN-1136,278b4f3b-4b05-4ec7-a325-c5400e350cd4,0c6925f4-7d92-41a9-b358-1d126fb41279,222.30,12.50,24,10.52,30.11,252.41,2.22,event,A,active,2026-04-30,2028-04-30,2026-04-30,2026-05-30 13:40:16.880606+00,2026-05-30 13:40:16.880606+00,,,0.00,0,
ad37af0e-e6a3-456c-ad5a-07661bfb2e60,LN-1083,041486d1-689d-4594-a81f-658d92cd5710,866a2b0d-da4d-403f-9343-390a810648e5,884.49,12.50,24,41.84,119.72,1004.21,8.84,auto,A,active,2025-12-30,2027-12-30,2025-12-30,2026-05-30 13:40:16.880606+00,2026-05-30 13:40:16.880606+00,,,0.00,0,
ad6e548a-9b61-4dfe-b2a6-9116a317e7b1,LN-0201,b82c9bce-4747-4187-ba11-d5a3fa7d479f,89d1c7f8-46de-419f-b2ec-dc69213d45ca,500.86,12.50,24,23.69,67.82,568.68,5.01,auto,C,active,2025-09-30,2027-09-30,2025-09-30,2026-05-30 13:40:16.593247+00,2026-05-30 13:40:16.593247+00,,,0.00,0,
ad79a76b-b241-4473-bbcc-aaca10a52a21,LN-1908,4d92400f-6fe8-450b-a49c-ff00c740e58f,89d1c7f8-46de-419f-b2ec-dc69213d45ca,186.07,12.50,24,8.80,25.21,211.28,1.86,homeImprovement,C,paid_off,2024-05-12,2026-05-12,2024-05-12,2026-05-30 13:40:16.990875+00,2026-05-30 13:40:16.990875+00,,,0.00,0,
ad9cc835-e408-4dc8-b58d-6442ee567f34,LN-1894,57ba31f4-51ec-4466-bb7b-e45e7ff9940b,41340b75-3fa9-4cbd-bee5-5d10bb757dbb,838.66,12.50,24,39.67,113.55,952.21,8.39,event,A,paid_off,2024-01-13,2026-01-13,2024-01-13,2026-05-30 13:40:16.990875+00,2026-05-30 13:40:16.990875+00,,,0.00,0,
adafe67e-8cc8-490f-82bf-d2a092985842,LN-0694,901fa555-8acc-4cd8-bbbb-8c7e30cede6a,89d1c7f8-46de-419f-b2ec-dc69213d45ca,606.54,12.50,24,28.69,82.15,688.69,6.07,travel,A,defaulted,2025-03-02,2027-03-02,2025-03-02,2026-05-30 13:40:16.751319+00,2026-05-30 13:40:16.751319+00,2026-04-30,written_off,420.91,4,
adb3f40e-2742-4600-a3fa-2245634252e0,LN-1188,06689f2c-633c-4a34-8738-928d310ef78d,0c6925f4-7d92-41a9-b358-1d126fb41279,490.31,12.50,24,23.20,66.36,556.67,4.90,travel,A,active,2025-11-30,2027-11-30,2025-11-30,2026-05-30 13:40:16.880606+00,2026-05-30 13:40:16.880606+00,,,0.00,0,
adb9d647-dada-49a3-94f7-fa154256a187,LN-1191,865abb05-6deb-4add-a650-413dc8351552,0c6925f4-7d92-41a9-b358-1d126fb41279,264.54,12.50,24,12.51,35.83,300.37,2.65,equipment,A,active,2025-07-30,2027-07-30,2025-07-30,2026-05-30 13:40:16.880606+00,2026-05-30 13:40:16.880606+00,,,0.00,1,2026-06-30
adf5fcec-c439-4610-b56c-135d80bf0bd4,LN-1499,35becb36-2ac0-48b6-9c71-2a877bf9757f,89d1c7f8-46de-419f-b2ec-dc69213d45ca,473.96,12.50,24,22.42,64.20,538.16,4.74,event,A,paid_off,2024-09-13,2026-09-13,2024-09-13,2026-05-30 13:40:16.880606+00,2026-05-30 13:40:16.880606+00,,,0.00,0,
ae1bd068-2b91-46ee-b88e-171a3a16eca9,LN-1358,57af56b7-c332-40bf-9810-bf5bf3478c96,89d1c7f8-46de-419f-b2ec-dc69213d45ca,1261.11,12.50,24,59.66,170.74,1431.85,12.61,event,A,active,2025-03-30,2027-03-30,2025-03-30,2026-05-30 13:40:16.880606+00,2026-05-30 13:40:16.880606+00,,,0.00,1,2026-06-30
ae59b90e-6aed-48cd-bfc4-af44d5a3dbd0,LN-0676,afd63b46-6749-4705-9221-75b6521fc896,866a2b0d-da4d-403f-9343-390a810648e5,695.72,12.50,24,32.91,94.21,789.93,6.96,homeImprovement,B,active,2025-06-30,2027-06-30,2025-06-30,2026-05-30 13:40:16.751319+00,2026-05-30 13:40:16.751319+00,,,0.00,0,
ae5d6c68-bddc-4a6b-9527-0f635058e54f,LN-0929,0dad12da-3717-48b0-8274-45babd95e1ab,0c6925f4-7d92-41a9-b358-1d126fb41279,349.88,12.50,24,16.55,47.38,397.26,3.50,medical,C,active,2026-03-02,2028-03-02,2026-03-02,2026-05-30 13:40:16.751319+00,2026-05-30 13:40:16.751319+00,,,0.00,0,
ae80d738-6cd0-4f03-bc4d-ab14909e12e3,LN-0288,ace9cb2f-4d4c-4e76-896f-3f76e303cf0b,89d1c7f8-46de-419f-b2ec-dc69213d45ca,238.78,12.50,24,11.30,32.34,271.12,2.39,event,C,active,2025-03-30,2027-03-30,2025-03-30,2026-05-30 13:40:16.593247+00,2026-05-30 13:40:16.593247+00,,,0.00,0,
ae9a20c7-a249-4830-85af-9695240a79c9,LN-1796,9ffad90f-52d6-4298-90e2-69df39e417c0,0c6925f4-7d92-41a9-b358-1d126fb41279,141.95,12.50,24,6.72,19.20,161.15,1.42,equipment,C,paid_off,2024-03-11,2026-03-11,2024-03-11,2026-05-30 13:40:16.990875+00,2026-05-30 13:40:16.990875+00,,,0.00,0,
aeb22b6a-8ea8-4cd2-9f19-e9b15255f604,LN-1734,d17d681a-9af9-4c28-9075-d85055b2118c,0c6925f4-7d92-41a9-b358-1d126fb41279,379.37,12.50,24,17.95,51.36,430.73,3.79,emergency,A,paid_off,2024-12-25,2026-12-25,2024-12-25,2026-05-30 13:40:16.990875+00,2026-05-30 13:40:16.990875+00,,,0.00,0,
aeb27cfc-e132-4d8e-846f-0af8f34e8df5,LN-0212,9104f4bc-ef0b-474f-8a4f-cab62050fdb5,866a2b0d-da4d-403f-9343-390a810648e5,778.84,12.50,24,36.84,105.45,884.29,7.79,consolidation,C,active,2025-09-30,2027-09-30,2025-09-30,2026-05-30 13:40:16.593247+00,2026-05-30 13:40:16.593247+00,,,0.00,1,2026-06-30
aec99e26-751e-4f91-b799-cf6ce7598045,LN-0678,1940d4d3-0142-466f-8709-3884661811a7,0c6925f4-7d92-41a9-b358-1d126fb41279,198.99,12.50,24,9.41,26.95,225.94,1.99,equipment,A,active,2026-04-30,2028-04-30,2026-04-30,2026-05-30 13:40:16.751319+00,2026-05-30 13:40:16.751319+00,,,0.00,0,
aecebb6c-d181-4c96-8c29-90176a591b1a,LN-1039,887a0558-a60d-47d4-9db4-acad7c13f519,89d1c7f8-46de-419f-b2ec-dc69213d45ca,353.03,12.50,24,16.70,47.79,400.82,3.53,homeImprovement,A,active,2025-05-30,2027-05-30,2025-05-30,2026-05-30 13:40:16.880606+00,2026-05-30 13:40:16.880606+00,,,0.00,0,
aed45fdb-84f7-409a-918e-eaeec34d7898,LN-1269,0c1a1241-d1d4-468a-a761-b56ae11cc8cf,89d1c7f8-46de-419f-b2ec-dc69213d45ca,226.39,12.50,24,10.71,30.62,257.01,2.26,travel,C,active,2025-08-30,2027-08-30,2025-08-30,2026-05-30 13:40:16.880606+00,2026-05-30 13:40:16.880606+00,,,0.00,0,
aede5213-c68a-45c0-bdb3-a24c77bb9508,LN-0540,9f296731-4fb9-4204-9101-df0a90ef4df0,89d1c7f8-46de-419f-b2ec-dc69213d45ca,563.31,12.50,24,26.65,76.25,639.56,5.63,homeImprovement,B,active,2026-04-30,2028-04-30,2026-04-30,2026-05-30 13:40:16.751319+00,2026-05-30 13:40:16.751319+00,,,0.00,0,
af0c4ee5-36cb-4814-8bba-f2157187f060,LN-1889,b13710c5-3562-44b0-9f2d-78e78d5e7314,0c6925f4-7d92-41a9-b358-1d126fb41279,128.30,12.50,24,6.07,17.38,145.68,1.28,medical,B,paid_off,2024-09-06,2026-09-06,2024-09-06,2026-05-30 13:40:16.990875+00,2026-05-30 13:40:16.990875+00,,,0.00,0,
af0ee694-fccb-46ed-a868-3e2d3c068f7c,LN-1696,a421db8d-a032-4c3a-8738-4b3e463477ea,866a2b0d-da4d-403f-9343-390a810648e5,597.03,12.50,24,28.24,80.85,677.88,5.97,consolidation,B,paid_off,2024-11-04,2026-11-04,2024-11-04,2026-05-30 13:40:16.990875+00,2026-05-30 13:40:16.990875+00,,,0.00,0,
af1dae6a-d3d4-488f-be8f-01ccb29490de,LN-1841,21616de0-728c-486b-8adf-3765e3ed11af,89d1c7f8-46de-419f-b2ec-dc69213d45ca,299.42,12.50,24,14.16,40.55,339.97,2.99,event,D,paid_off,2024-10-05,2026-10-05,2024-10-05,2026-05-30 13:40:16.990875+00,2026-05-30 13:40:16.990875+00,,,0.00,0,
af8da589-9a81-4379-b738-2a6c6c52d802,LN-0648,fd3b4c75-5c35-454f-86c2-50a478cda485,41340b75-3fa9-4cbd-bee5-5d10bb757dbb,795.18,12.50,24,37.62,107.65,902.83,7.95,consolidation,C,active,2025-05-30,2027-05-30,2025-05-30,2026-05-30 13:40:16.751319+00,2026-05-30 13:40:16.751319+00,,,0.00,1,2026-06-30
afaae105-8e73-4803-a962-9893312ee1df,LN-1289,c8e8b4fc-f782-4ea6-b2da-69358e426609,89d1c7f8-46de-419f-b2ec-dc69213d45ca,676.28,12.50,24,31.99,91.57,767.85,6.76,auto,A,active,2025-09-30,2027-09-30,2025-09-30,2026-05-30 13:40:16.880606+00,2026-05-30 13:40:16.880606+00,,,0.00,0,
afc1f14f-d16e-445a-bb5f-3fe23b024bae,LN-1184,a2382e3f-9d05-4012-b591-2f221e22fda6,89d1c7f8-46de-419f-b2ec-dc69213d45ca,658.86,12.50,24,31.17,89.18,748.04,6.59,travel,B,active,2025-11-30,2027-11-30,2025-11-30,2026-05-30 13:40:16.880606+00,2026-05-30 13:40:16.880606+00,,,0.00,0,
b00aacb0-e222-443b-be4d-059811526306,LN-1044,445ed3e7-8efe-4c81-8351-6b40867301b3,866a2b0d-da4d-403f-9343-390a810648e5,2463.77,12.50,24,116.55,333.54,2797.31,24.64,equipment,C,active,2025-11-30,2027-11-30,2025-11-30,2026-05-30 13:40:16.880606+00,2026-05-30 13:40:16.880606+00,,,0.00,0,
b015cfa6-5bd9-42a4-aa20-8692f1efd78b,LN-0419,0980812e-3d3b-4ee6-b9ce-1a3ef64e888d,89d1c7f8-46de-419f-b2ec-dc69213d45ca,104.82,12.50,24,4.96,14.17,118.99,1.05,travel,C,active,2025-07-30,2027-07-30,2025-07-30,2026-05-30 13:40:16.593247+00,2026-05-30 13:40:16.593247+00,,,0.00,0,
b03ad451-2e01-49ac-b3d1-16bd04040616,LN-1806,4d45aaa6-f5bd-47c1-b620-3f2b633a487f,89d1c7f8-46de-419f-b2ec-dc69213d45ca,609.27,12.50,24,28.82,82.50,691.77,6.09,event,D,paid_off,2024-03-13,2026-03-13,2024-03-13,2026-05-30 13:40:16.990875+00,2026-05-30 13:40:16.990875+00,,,0.00,0,
b0520694-3c82-4574-832c-90d0aaad6b02,LN-1254,9f2664e0-2562-42aa-ae91-7a411e97aa7e,41340b75-3fa9-4cbd-bee5-5d10bb757dbb,1757.92,12.50,24,83.16,237.99,1995.91,17.58,travel,B,active,2025-05-30,2027-05-30,2025-05-30,2026-05-30 13:40:16.880606+00,2026-05-30 13:40:16.880606+00,,,0.00,0,
b06c1585-f569-4ad3-9b79-bd253877a6c5,LN-0621,26ea88d9-b1c7-4049-bcb0-7916c1559c2f,89d1c7f8-46de-419f-b2ec-dc69213d45ca,485.63,12.50,24,22.97,65.76,551.39,4.86,auto,D,active,2025-07-30,2027-07-30,2025-07-30,2026-05-30 13:40:16.751319+00,2026-05-30 13:40:16.751319+00,,,0.00,0,
b0be2c6d-6f0f-42c4-b533-07b553dc2e14,LN-0248,bc097573-aa80-47a3-8474-3c70ede70842,0c6925f4-7d92-41a9-b358-1d126fb41279,249.85,12.50,24,11.82,33.81,283.66,2.50,consolidation,D,active,2025-04-30,2027-04-30,2025-04-30,2026-05-30 13:40:16.593247+00,2026-05-30 13:40:16.593247+00,,,0.00,0,
b0f3b3c3-6583-4dc9-ba79-921683f30a1b,LN-1133,86df016a-06ec-4f80-884e-2027c7d4dda8,0c6925f4-7d92-41a9-b358-1d126fb41279,621.67,12.50,24,29.41,84.17,705.84,6.22,homeImprovement,A,active,2025-06-30,2027-06-30,2025-06-30,2026-05-30 13:40:16.880606+00,2026-05-30 13:40:16.880606+00,,,0.00,0,
b11d847d-cf7b-4bce-997b-04cc876a7ed4,LN-0799,2ab54acb-a1f1-4c1f-a6ff-b74c9765994e,0c6925f4-7d92-41a9-b358-1d126fb41279,513.60,12.50,24,24.30,69.50,583.10,5.14,homeImprovement,A,active,2025-07-30,2027-07-30,2025-07-30,2026-05-30 13:40:16.751319+00,2026-05-30 13:40:16.751319+00,,,0.00,0,
b12c55d4-4a65-4204-877c-71d50ae96b13,LN-0828,e90a370e-8ee0-4af1-b6ac-322d39e00566,0c6925f4-7d92-41a9-b358-1d126fb41279,252.58,12.50,24,11.95,34.22,286.80,2.53,equipment,B,active,2025-08-30,2027-08-30,2025-08-30,2026-05-30 13:40:16.751319+00,2026-05-30 13:40:16.751319+00,,,0.00,0,
b14afb0e-1f23-4852-9c15-303c0a3081e2,LN-0796,8890e16c-71f0-4467-8118-b1391a5f9bc3,89d1c7f8-46de-419f-b2ec-dc69213d45ca,1140.94,12.50,24,53.97,154.47,1295.41,11.41,medical,A,active,2026-01-30,2028-01-30,2026-01-30,2026-05-30 13:40:16.751319+00,2026-05-30 13:40:16.751319+00,,,0.00,0,
b18a56fa-9da3-4469-81f4-5b8e623b1fa8,LN-0198,6eb1aec3-60aa-413c-9868-c52a32de95f3,866a2b0d-da4d-403f-9343-390a810648e5,869.64,12.50,24,41.14,117.73,987.37,8.70,auto,C,active,2026-03-30,2028-03-30,2026-03-30,2026-05-30 13:40:16.593247+00,2026-05-30 13:40:16.593247+00,,,0.00,0,
b19a4fd7-dd11-4e7a-ab94-63f1bca7d9b5,LN-1054,dc872d38-07bd-48c2-82fd-14d26c521c60,89d1c7f8-46de-419f-b2ec-dc69213d45ca,1256.87,12.50,24,59.46,170.12,1426.99,12.57,emergency,A,active,2025-04-30,2027-04-30,2025-04-30,2026-05-30 13:40:16.880606+00,2026-05-30 13:40:16.880606+00,,,0.00,0,
b19b2042-72c7-4227-ba39-7725e14e5df7,LN-1425,88089a51-e2d8-4e4c-af0f-2633e35e5e4b,0c6925f4-7d92-41a9-b358-1d126fb41279,550.51,12.50,24,26.04,74.54,625.05,5.51,travel,A,paid_off,2024-07-09,2026-07-09,2024-07-09,2026-05-30 13:40:16.880606+00,2026-05-30 13:40:16.880606+00,,,0.00,0,
b19f05d5-93e2-409e-bc4d-16b66afcf927,LN-1598,a8458aa6-28aa-4cc4-8301-eb0dfa4530fd,89d1c7f8-46de-419f-b2ec-dc69213d45ca,547.71,12.50,24,25.91,74.15,621.86,5.48,homeImprovement,B,paid_off,2024-05-25,2026-05-25,2024-05-25,2026-05-30 13:40:16.990875+00,2026-05-30 13:40:16.990875+00,,,0.00,0,
b1a87534-11cb-4c47-a730-647caffd8fb5,LN-1938,8e152cd0-b825-419e-a837-78f8e2126094,866a2b0d-da4d-403f-9343-390a810648e5,1026.94,12.50,24,48.58,139.01,1165.95,10.27,consolidation,C,paid_off,2024-08-07,2026-08-07,2024-08-07,2026-05-30 13:40:16.990875+00,2026-05-30 13:40:16.990875+00,,,0.00,0,
b2340baf-6d9b-421d-82b1-6d9e3ab56d96,LN-0297,11c5bf09-5d11-474e-bbaf-eac5d997290b,89d1c7f8-46de-419f-b2ec-dc69213d45ca,83.41,12.50,24,3.95,11.29,94.70,0.83,emergency,D,active,2025-11-30,2027-11-30,2025-11-30,2026-05-30 13:40:16.593247+00,2026-05-30 13:40:16.593247+00,,,0.00,0,
b2684a6d-3784-4441-8ff1-58c624af9c0c,LN-1973,e7808c90-c94e-44dc-9738-377e7f17bc53,89d1c7f8-46de-419f-b2ec-dc69213d45ca,260.29,12.50,24,12.31,35.24,295.53,2.60,equipment,A,paid_off,2024-03-07,2026-03-07,2024-03-07,2026-05-30 13:40:16.990875+00,2026-05-30 13:40:16.990875+00,,,0.00,0,
b2798a6f-8b48-49ae-a97c-87871406342b,LN-0664,98839194-4c20-4d15-bc17-cb61a1e9ecf2,89d1c7f8-46de-419f-b2ec-dc69213d45ca,289.16,12.50,24,13.68,39.15,328.31,2.89,auto,C,active,2026-04-30,2028-04-30,2026-04-30,2026-05-30 13:40:16.751319+00,2026-05-30 13:40:16.751319+00,,,0.00,0,
b280eb85-0ed1-4d75-91ce-0406c5e19116,LN-1078,15196b3b-db27-43d0-a833-2a031e5c07ba,89d1c7f8-46de-419f-b2ec-dc69213d45ca,571.17,12.50,24,27.02,77.33,648.50,5.71,medical,B,active,2025-03-30,2027-03-30,2025-03-30,2026-05-30 13:40:16.880606+00,2026-05-30 13:40:16.880606+00,,,0.00,0,
b2b02224-0546-4d9b-a721-1e4074f5996a,LN-0184,9e2b9886-9a94-4ce5-bf83-0bb90b1e9009,0c6925f4-7d92-41a9-b358-1d126fb41279,99.58,12.50,24,4.71,13.47,113.05,1.00,consolidation,B,active,2025-08-30,2027-08-30,2025-08-30,2026-05-30 13:40:16.593247+00,2026-05-30 13:40:16.593247+00,,,0.00,0,
b2b276d1-f01d-4add-bcce-61712e862cad,LN-0009,4fc145a7-fdcc-489d-a40d-b45f8e22228d,0c6925f4-7d92-41a9-b358-1d126fb41279,429.80,12.50,24,20.33,58.21,488.01,4.30,consolidation,D,active,2025-04-30,2027-04-30,2025-04-30,2026-05-30 13:40:16.593247+00,2026-05-30 13:40:16.593247+00,,,0.00,0,
b309284e-0767-43f2-9d85-a2b0b8a82434,LN-0714,820e537d-d09b-4da2-8efa-121679c0424d,0c6925f4-7d92-41a9-b358-1d126fb41279,348.13,12.50,24,16.47,47.12,395.25,3.48,travel,A,active,2026-03-30,2028-03-30,2026-03-30,2026-05-30 13:40:16.751319+00,2026-05-30 13:40:16.751319+00,,,0.00,0,
b337653b-2242-4347-a378-69a332f6f0b8,LN-0217,ead9cd04-4458-4da9-8462-2e0df2198670,866a2b0d-da4d-403f-9343-390a810648e5,836.06,12.50,24,39.55,113.19,949.25,8.36,consolidation,A,active,2026-01-30,2028-01-30,2026-01-30,2026-05-30 13:40:16.593247+00,2026-05-30 13:40:16.593247+00,,,0.00,0,
b33bba68-dc86-41ef-bde0-90acee2e677b,LN-1169,e7b08d3e-8a2b-495e-a0d3-5da6c96995ee,89d1c7f8-46de-419f-b2ec-dc69213d45ca,772.54,12.50,24,36.55,104.58,877.12,7.73,auto,B,active,2025-08-30,2027-08-30,2025-08-30,2026-05-30 13:40:16.880606+00,2026-05-30 13:40:16.880606+00,,,0.00,0,
b39d563e-1b28-4e78-b1f7-3725df34d982,LN-1440,c30d713a-560a-419e-82df-65c6902934c5,89d1c7f8-46de-419f-b2ec-dc69213d45ca,154.30,12.50,24,7.30,20.91,175.21,1.54,medical,B,paid_off,2024-04-04,2026-04-04,2024-04-04,2026-05-30 13:40:16.880606+00,2026-05-30 13:40:16.880606+00,,,0.00,0,
b3bd7ad0-3632-4739-9741-e370b9f8f55c,LN-0370,58c44f83-d364-4130-8695-ff6ebd48857f,89d1c7f8-46de-419f-b2ec-dc69213d45ca,310.54,12.50,24,14.69,42.03,352.57,3.11,auto,A,active,2025-11-30,2027-11-30,2025-11-30,2026-05-30 13:40:16.593247+00,2026-05-30 13:40:16.593247+00,,,0.00,0,
b3c23b2e-257c-4fac-a410-f00b6d83b9c4,LN-0797,f88d650f-24d9-410f-a7a1-1cdcbfe89143,41340b75-3fa9-4cbd-bee5-5d10bb757dbb,651.54,12.50,24,30.82,88.22,739.76,6.52,travel,B,active,2025-12-30,2027-12-30,2025-12-30,2026-05-30 13:40:16.751319+00,2026-05-30 13:40:16.751319+00,,,0.00,1,2026-06-30
b4014eeb-20f0-4414-9868-34654796d3eb,LN-0458,7f68191a-50b4-4163-81d4-10f50cfbb421,89d1c7f8-46de-419f-b2ec-dc69213d45ca,1255.26,12.50,24,59.38,169.94,1425.20,12.55,consolidation,A,active,2025-04-30,2027-04-30,2025-04-30,2026-05-30 13:40:16.593247+00,2026-05-30 13:40:16.593247+00,,,0.00,0,
b4062e50-e937-4e2e-8d9a-4df27f507bd8,LN-0016,7ab0c4ce-c342-4ecb-951e-54f62152b68a,0c6925f4-7d92-41a9-b358-1d126fb41279,152.14,12.50,24,7.20,20.59,172.73,1.52,consolidation,B,active,2025-04-30,2027-04-30,2025-04-30,2026-05-30 13:40:16.593247+00,2026-05-30 13:40:16.593247+00,,,0.00,1,2026-06-30
b40ae77c-c17e-4cdc-a604-e929fda1529d,LN-0871,dd799521-0ad1-4b99-be1c-d8868cd200ee,41340b75-3fa9-4cbd-bee5-5d10bb757dbb,1244.88,12.50,24,58.89,168.54,1413.42,12.45,equipment,A,active,2025-06-30,2027-06-30,2025-06-30,2026-05-30 13:40:16.751319+00,2026-05-30 13:40:16.751319+00,,,0.00,0,
b4207557-0ba7-469a-ad4f-03434f03e59a,LN-1508,7578807d-67ad-4cee-ba1e-28904ac523b4,0c6925f4-7d92-41a9-b358-1d126fb41279,1257.97,12.50,24,59.51,170.30,1428.27,12.58,medical,A,paid_off,2024-04-07,2026-04-07,2024-04-07,2026-05-30 13:40:16.990875+00,2026-05-30 13:40:16.990875+00,,,0.00,0,
b477c7ef-426c-4f94-944b-5bb57f8a9f90,LN-1522,b85a7e77-ca77-405b-b5fc-b20fe1f70d7e,0c6925f4-7d92-41a9-b358-1d126fb41279,659.47,12.50,24,31.20,89.27,748.74,6.59,event,A,paid_off,2024-06-04,2026-06-04,2024-06-04,2026-05-30 13:40:16.990875+00,2026-05-30 13:40:16.990875+00,,,0.00,0,
b485d8df-c0bb-4581-9ca1-f054dcd87303,LN-1297,821bc78d-cc69-4956-ad05-7c126d10aacc,89d1c7f8-46de-419f-b2ec-dc69213d45ca,165.71,12.50,24,7.84,22.44,188.15,1.66,event,B,active,2025-10-30,2027-10-30,2025-10-30,2026-05-30 13:40:16.880606+00,2026-05-30 13:40:16.880606+00,,,0.00,3,2026-06-30
b4cb3b4c-f7c2-4700-b48b-02681eed205e,LN-0974,c120fb83-2788-4643-96bf-60032fcb4c95,89d1c7f8-46de-419f-b2ec-dc69213d45ca,452.29,12.50,24,21.40,61.22,513.51,4.52,travel,C,active,2025-10-30,2027-10-30,2025-10-30,2026-05-30 13:40:16.751319+00,2026-05-30 13:40:16.751319+00,,,0.00,0,
b4f4d116-9f11-4711-9eb1-f59f7950c739,LN-0347,a201b8a7-5e0d-4aed-acc8-37b003072f6f,89d1c7f8-46de-419f-b2ec-dc69213d45ca,469.41,12.50,24,22.21,63.56,532.97,4.69,homeImprovement,A,active,2025-11-30,2027-11-30,2025-11-30,2026-05-30 13:40:16.593247+00,2026-05-30 13:40:16.593247+00,,,0.00,0,
b4f66270-9801-4fb8-a37d-fc5b3388548a,LN-0613,0de5e2d0-4e86-428e-82eb-8bab2959da9d,0c6925f4-7d92-41a9-b358-1d126fb41279,343.49,12.50,24,16.25,46.50,389.99,3.43,homeImprovement,A,active,2025-04-30,2027-04-30,2025-04-30,2026-05-30 13:40:16.751319+00,2026-05-30 13:40:16.751319+00,,,0.00,0,
b509a2dc-c581-4cab-91a8-e8d8de15b123,LN-1753,3286342d-5db2-4d97-9c81-c695c71a1c9e,89d1c7f8-46de-419f-b2ec-dc69213d45ca,87.24,12.50,24,4.13,11.82,99.06,0.87,medical,B,paid_off,2024-03-15,2026-03-15,2024-03-15,2026-05-30 13:40:16.990875+00,2026-05-30 13:40:16.990875+00,,,0.00,0,
b539a868-6de0-498e-af00-f63e440de04e,LN-1154,f4b12a49-e071-4be1-a761-ad63dbf6817a,89d1c7f8-46de-419f-b2ec-dc69213d45ca,382.10,12.50,24,18.08,51.70,433.80,3.82,emergency,C,active,2025-04-30,2027-04-30,2025-04-30,2026-05-30 13:40:16.880606+00,2026-05-30 13:40:16.880606+00,,,0.00,0,
b540bf5b-17ff-42e0-a6f2-54c446cb3b14,LN-0653,5fedcd34-d429-431a-bb92-90b865e1c91c,89d1c7f8-46de-419f-b2ec-dc69213d45ca,150.70,12.50,24,7.13,20.38,171.08,1.51,emergency,B,active,2025-12-30,2027-12-30,2025-12-30,2026-05-30 13:40:16.751319+00,2026-05-30 13:40:16.751319+00,,,0.00,1,2026-06-30
b551791e-c2be-4080-ab11-b3d30f953241,LN-1174,7a8e3194-0afb-4a82-9cba-ad6b434bdf95,89d1c7f8-46de-419f-b2ec-dc69213d45ca,174.89,12.50,24,8.27,23.70,198.59,1.75,equipment,C,active,2025-12-30,2027-12-30,2025-12-30,2026-05-30 13:40:16.880606+00,2026-05-30 13:40:16.880606+00,,,0.00,0,
b569b8ec-abe7-4f3f-82fc-682e9ac978fc,LN-0015,7f3d7a20-48e9-47d8-9922-fc3da8ff11da,866a2b0d-da4d-403f-9343-390a810648e5,877.49,12.50,24,41.51,118.79,996.28,8.77,auto,B,active,2026-01-30,2028-01-30,2026-01-30,2026-05-30 13:40:16.593247+00,2026-05-30 13:40:16.593247+00,,,0.00,0,
b59f0571-b204-4a0d-ae6a-48d5a9b53236,LN-1023,e695e8cd-e455-4a38-ac5a-1ddd63486ecd,89d1c7f8-46de-419f-b2ec-dc69213d45ca,115.22,12.50,24,5.45,15.62,130.84,1.15,homeImprovement,A,active,2025-06-30,2027-06-30,2025-06-30,2026-05-30 13:40:16.880606+00,2026-05-30 13:40:16.880606+00,,,0.00,0,
b5bf39c6-0ca1-43da-929e-01c5f9298908,LN-1479,8d8518f3-c4ff-429b-b74b-7cb41de5b7b4,89d1c7f8-46de-419f-b2ec-dc69213d45ca,573.07,12.50,24,27.11,77.58,650.65,5.73,event,A,paid_off,2024-07-27,2026-07-27,2024-07-27,2026-05-30 13:40:16.880606+00,2026-05-30 13:40:16.880606+00,,,0.00,0,
b5c25512-010d-4d3e-b4fa-cd3a22be735d,LN-0567,d75b9299-2e6d-48c9-9d5a-879d0b63ff67,0c6925f4-7d92-41a9-b358-1d126fb41279,241.46,12.50,24,11.42,32.70,274.16,2.41,equipment,A,active,2026-03-30,2028-03-30,2026-03-30,2026-05-30 13:40:16.751319+00,2026-05-30 13:40:16.751319+00,,,0.00,0,
b5ece1d4-9ccc-4f94-80ba-fabc09808b83,LN-1096,ca9c4e0e-46d4-4391-b0ca-53b20ddb210a,89d1c7f8-46de-419f-b2ec-dc69213d45ca,578.67,12.50,24,27.38,78.32,656.99,5.79,medical,A,active,2025-08-30,2027-08-30,2025-08-30,2026-05-30 13:40:16.880606+00,2026-05-30 13:40:16.880606+00,,,0.00,0,
b6419a0e-3ad4-4776-a2a0-2aa3c342c204,LN-1210,70c41224-9b8c-43b6-aa6d-267a68b0f269,89d1c7f8-46de-419f-b2ec-dc69213d45ca,481.16,12.50,24,22.76,65.14,546.30,4.81,emergency,D,active,2026-03-02,2028-03-02,2026-03-02,2026-05-30 13:40:16.880606+00,2026-05-30 13:40:16.880606+00,,,0.00,1,2026-06-30
b65476f2-ead0-4116-b320-068031000f06,LN-1739,aeff6e19-d2be-42ca-9259-085d295eb6c5,89d1c7f8-46de-419f-b2ec-dc69213d45ca,234.29,12.50,24,11.08,31.74,266.03,2.34,consolidation,A,paid_off,2024-09-14,2026-09-14,2024-09-14,2026-05-30 13:40:16.990875+00,2026-05-30 13:40:16.990875+00,,,0.00,0,
b6750fea-ecaa-462d-b761-434d65f92669,LN-0794,1bb551e6-abe6-4159-b98c-b3f1a0340ad4,89d1c7f8-46de-419f-b2ec-dc69213d45ca,1403.81,12.50,24,66.41,190.03,1593.84,14.04,emergency,C,active,2025-06-30,2027-06-30,2025-06-30,2026-05-30 13:40:16.751319+00,2026-05-30 13:40:16.751319+00,,,0.00,0,
b6cac7f3-5788-44d6-9724-13d825bc54c3,LN-0848,a56cfdb1-1ebe-4d62-a53c-84ef81f351c8,0c6925f4-7d92-41a9-b358-1d126fb41279,360.14,12.50,24,17.04,48.72,408.86,3.60,event,C,active,2025-09-30,2027-09-30,2025-09-30,2026-05-30 13:40:16.751319+00,2026-05-30 13:40:16.751319+00,,,0.00,0,
b6dbbf35-3d1b-4705-afdf-4c2535bd2879,LN-1767,bd079342-fb5d-4807-a146-39416179b507,41340b75-3fa9-4cbd-bee5-5d10bb757dbb,819.04,12.50,24,38.75,110.85,929.89,8.19,travel,A,paid_off,2024-06-04,2026-06-04,2024-06-04,2026-05-30 13:40:16.990875+00,2026-05-30 13:40:16.990875+00,,,0.00,0,
b72e3f96-c187-43e8-af84-2ad89ab1da03,LN-1915,e826bd77-7600-4ed8-80c3-fd169f1ab5a2,89d1c7f8-46de-419f-b2ec-dc69213d45ca,219.52,12.50,24,10.38,29.76,249.28,2.20,medical,B,paid_off,2024-10-02,2026-10-02,2024-10-02,2026-05-30 13:40:16.990875+00,2026-05-30 13:40:16.990875+00,,,0.00,0,
b7356019-dd67-4997-b3cf-6247bf901d29,LN-0200,75975752-db62-4e74-8471-d5e3f92c0a56,0c6925f4-7d92-41a9-b358-1d126fb41279,856.33,12.50,24,40.51,115.91,972.24,8.56,emergency,B,active,2025-10-30,2027-10-30,2025-10-30,2026-05-30 13:40:16.593247+00,2026-05-30 13:40:16.593247+00,,,0.00,0,
b7547597-42c3-4581-958e-d919a61df316,LN-0724,b0394fd0-5512-4a65-a18b-0e1f151eb991,0c6925f4-7d92-41a9-b358-1d126fb41279,465.67,12.50,24,22.03,63.04,528.71,4.66,equipment,D,active,2025-08-30,2027-08-30,2025-08-30,2026-05-30 13:40:16.751319+00,2026-05-30 13:40:16.751319+00,,,0.00,1,2026-06-30
b7943338-ffd4-43df-9c6f-6ace2c3f615e,LN-1020,7e9142de-b5fe-4a89-af50-bedb3d7e0505,0c6925f4-7d92-41a9-b358-1d126fb41279,878.90,12.50,24,41.58,118.99,997.89,8.79,consolidation,A,active,2025-09-30,2027-09-30,2025-09-30,2026-05-30 13:40:16.880606+00,2026-05-30 13:40:16.880606+00,,,0.00,1,2026-06-30
b7bc4c66-1ee0-4b68-bfaf-2580b8979e12,LN-0782,cce5fb2c-2f2b-4b57-8da9-d479ad8c2bc8,41340b75-3fa9-4cbd-bee5-5d10bb757dbb,670.54,12.50,24,31.72,90.78,761.32,6.71,auto,C,active,2025-11-30,2027-11-30,2025-11-30,2026-05-30 13:40:16.751319+00,2026-05-30 13:40:16.751319+00,,,0.00,0,
b7bdc93c-29f9-41b5-a5ca-bd58ae4175d7,LN-1779,bb964c18-0796-47c7-abd4-dec3c203a006,89d1c7f8-46de-419f-b2ec-dc69213d45ca,117.93,12.50,24,5.58,15.95,133.88,1.18,auto,A,paid_off,2024-09-16,2026-09-16,2024-09-16,2026-05-30 13:40:16.990875+00,2026-05-30 13:40:16.990875+00,,,0.00,0,
b80558ed-ff9d-41ba-a099-51c0569501c4,LN-0362,c00ffc7b-1744-47a3-a51f-0b7cfb144176,0c6925f4-7d92-41a9-b358-1d126fb41279,564.55,12.50,24,26.71,76.40,640.95,5.65,emergency,A,active,2026-04-30,2028-04-30,2026-04-30,2026-05-30 13:40:16.593247+00,2026-05-30 13:40:16.593247+00,,,0.00,0,
b8135066-a0e0-4d4e-800c-6cee9e890fb3,LN-0337,35becb36-2ac0-48b6-9c71-2a877bf9757f,0c6925f4-7d92-41a9-b358-1d126fb41279,487.82,12.50,24,23.08,66.03,553.85,4.88,auto,A,active,2025-05-30,2027-05-30,2025-05-30,2026-05-30 13:40:16.593247+00,2026-05-30 13:40:16.593247+00,,,0.00,0,
b85b3333-c054-425c-9f1e-bc0943bb55cf,LN-0924,667e9f60-2cdf-457a-8663-eaf309fe7c06,89d1c7f8-46de-419f-b2ec-dc69213d45ca,433.89,12.50,24,20.53,58.73,492.62,4.34,auto,B,active,2025-03-30,2027-03-30,2025-03-30,2026-05-30 13:40:16.751319+00,2026-05-30 13:40:16.751319+00,,,0.00,0,
b8650212-5f62-4045-8f93-75e126e4acb4,LN-0699,3cc95db1-e8bc-4d55-96df-bf9d56c4391d,0c6925f4-7d92-41a9-b358-1d126fb41279,561.49,12.50,24,26.56,76.02,637.51,5.61,auto,A,active,2026-03-02,2028-03-02,2026-03-02,2026-05-30 13:40:16.751319+00,2026-05-30 13:40:16.751319+00,,,0.00,0,
b8703c6c-69f4-48fa-8f16-22f31647cfa7,LN-0483,deb85663-0ce4-427c-aab2-798fa3151321,89d1c7f8-46de-419f-b2ec-dc69213d45ca,997.83,12.50,24,47.20,135.10,1132.93,9.98,homeImprovement,D,active,2025-09-30,2027-09-30,2025-09-30,2026-05-30 13:40:16.593247+00,2026-05-30 13:40:16.593247+00,,,0.00,0,
b87adada-aa40-496b-a940-756e00b8fe78,LN-1715,71d4f7b7-1e45-46d9-bba6-7fa1aeb5ac6e,0c6925f4-7d92-41a9-b358-1d126fb41279,129.99,12.50,24,6.15,17.59,147.58,1.30,homeImprovement,C,paid_off,2024-02-15,2026-02-15,2024-02-15,2026-05-30 13:40:16.990875+00,2026-05-30 13:40:16.990875+00,,,0.00,0,
b87b6fc2-68a5-444a-8c54-134efac241d5,LN-0397,c8ebbb4d-6efd-43a1-8adc-29d8e2168f96,0c6925f4-7d92-41a9-b358-1d126fb41279,1037.83,12.50,24,49.10,140.48,1178.31,10.38,emergency,A,active,2025-04-30,2027-04-30,2025-04-30,2026-05-30 13:40:16.593247+00,2026-05-30 13:40:16.593247+00,,,0.00,2,2026-06-30
b88140db-e075-451f-80cb-24b7543d076a,LN-1656,e7808c90-c94e-44dc-9738-377e7f17bc53,866a2b0d-da4d-403f-9343-390a810648e5,685.83,12.50,24,32.44,92.85,778.68,6.86,auto,A,paid_off,2024-09-22,2026-09-22,2024-09-22,2026-05-30 13:40:16.990875+00,2026-05-30 13:40:16.990875+00,,,0.00,0,
b887275a-ea82-4393-9618-cfe5e96dde85,LN-1902,d96fe4c8-a774-4a2f-8722-7f879c7ab2e9,89d1c7f8-46de-419f-b2ec-dc69213d45ca,382.66,12.50,24,18.10,51.82,434.48,3.83,medical,A,paid_off,2024-08-18,2026-08-18,2024-08-18,2026-05-30 13:40:16.990875+00,2026-05-30 13:40:16.990875+00,,,0.00,0,
b89f6f50-59fe-407c-8170-333b863e577b,LN-1742,4835ff6f-5e5a-4ea0-b24c-c9c4cf32e94a,89d1c7f8-46de-419f-b2ec-dc69213d45ca,206.52,12.50,24,9.77,27.95,234.47,2.07,medical,C,paid_off,2024-06-20,2026-06-20,2024-06-20,2026-05-30 13:40:16.990875+00,2026-05-30 13:40:16.990875+00,,,0.00,0,
b8b29ab2-050f-4823-949e-9ca6a690dde3,LN-1618,e8f4cf51-6ac3-4dae-b25a-59d2f082f30b,0c6925f4-7d92-41a9-b358-1d126fb41279,626.37,12.50,24,29.63,84.83,711.20,6.26,emergency,B,paid_off,2024-01-15,2026-01-15,2024-01-15,2026-05-30 13:40:16.990875+00,2026-05-30 13:40:16.990875+00,,,0.00,0,
b8d85794-0ce6-469f-a232-9488369587aa,LN-1178,8d6d73f2-0918-424d-bb90-8e8bcb842749,41340b75-3fa9-4cbd-bee5-5d10bb757dbb,983.58,12.50,24,46.53,133.16,1116.74,9.84,event,D,active,2026-01-30,2028-01-30,2026-01-30,2026-05-30 13:40:16.880606+00,2026-05-30 13:40:16.880606+00,,,0.00,0,
b9504f26-f03e-41f5-9ec6-e336268c30e8,LN-1504,3b53a52c-8e0c-418a-b138-f5c56bc63d6f,41340b75-3fa9-4cbd-bee5-5d10bb757dbb,1816.36,12.50,24,85.93,245.89,2062.25,18.16,emergency,C,paid_off,2024-07-26,2026-07-26,2024-07-26,2026-05-30 13:40:16.990875+00,2026-05-30 13:40:16.990875+00,,,0.00,0,
b98216f2-7eb1-4a4a-ba76-bb2192a0bd0e,LN-1062,e53883f6-5758-413a-9202-041214917f46,89d1c7f8-46de-419f-b2ec-dc69213d45ca,487.87,12.50,24,23.08,66.07,553.94,4.88,homeImprovement,A,active,2025-07-30,2027-07-30,2025-07-30,2026-05-30 13:40:16.880606+00,2026-05-30 13:40:16.880606+00,,,0.00,0,
b99fd797-e947-41c5-ad82-54f87b509bfe,LN-0240,39afb91c-db74-400b-abcd-7f249ab751ce,866a2b0d-da4d-403f-9343-390a810648e5,2117.66,12.50,24,100.18,286.68,2404.34,21.18,emergency,A,active,2025-10-30,2027-10-30,2025-10-30,2026-05-30 13:40:16.593247+00,2026-05-30 13:40:16.593247+00,,,0.00,0,
b9b3fa5c-0af8-489d-b6e1-19fab7879835,LN-0827,648dd8c2-1a32-4700-92db-27edac30da5c,0c6925f4-7d92-41a9-b358-1d126fb41279,991.48,12.50,24,46.90,134.23,1125.71,9.91,event,A,active,2025-12-30,2027-12-30,2025-12-30,2026-05-30 13:40:16.751319+00,2026-05-30 13:40:16.751319+00,,,0.00,0,
b9db809c-acfe-4c64-9cd2-dfcb8838712c,LN-0700,60ed2990-31c8-43dc-86d2-6e6b4133eef0,0c6925f4-7d92-41a9-b358-1d126fb41279,652.51,12.50,24,30.87,88.35,740.86,6.53,consolidation,A,active,2026-01-30,2028-01-30,2026-01-30,2026-05-30 13:40:16.751319+00,2026-05-30 13:40:16.751319+00,,,0.00,2,2026-06-30
b9f34871-c409-4095-870d-4c321a4a6b3f,LN-1518,16013bbe-50ff-429e-9f4f-ff05dbac8bb8,0c6925f4-7d92-41a9-b358-1d126fb41279,124.11,12.50,24,5.87,16.82,140.93,1.24,equipment,A,paid_off,2024-06-06,2026-06-06,2024-06-06,2026-05-30 13:40:16.990875+00,2026-05-30 13:40:16.990875+00,,,0.00,0,
ba11ea38-a70e-4d2c-98b9-1d88787ee813,LN-0803,415ac7a1-6e6b-48e8-bf22-f3bd5021860a,89d1c7f8-46de-419f-b2ec-dc69213d45ca,311.59,12.50,24,14.74,42.17,353.76,3.12,emergency,C,active,2025-03-30,2027-03-30,2025-03-30,2026-05-30 13:40:16.751319+00,2026-05-30 13:40:16.751319+00,,,0.00,0,
ba1dec7b-d1e4-42cb-a4cd-148308b22c6f,LN-0505,fc920a11-2a69-41ec-9e2c-7e8e632e2a03,89d1c7f8-46de-419f-b2ec-dc69213d45ca,465.03,12.50,24,22.00,62.94,527.97,4.65,homeImprovement,A,active,2026-03-30,2028-03-30,2026-03-30,2026-05-30 13:40:16.751319+00,2026-05-30 13:40:16.751319+00,,,0.00,0,
ba1f81b0-2cdf-41be-9da9-2a6b4957f0d0,LN-0026,8e152cd0-b825-419e-a837-78f8e2126094,0c6925f4-7d92-41a9-b358-1d126fb41279,650.53,12.50,24,30.77,88.09,738.62,6.51,consolidation,C,active,2025-07-30,2027-07-30,2025-07-30,2026-05-30 13:40:16.593247+00,2026-05-30 13:40:16.593247+00,,,0.00,0,
ba236637-e085-4ced-87ab-7213efc510aa,LN-1156,08b59bb3-7446-4608-b8bc-435d7024bf93,89d1c7f8-46de-419f-b2ec-dc69213d45ca,476.72,12.50,24,22.55,64.55,541.27,4.77,emergency,C,active,2025-10-30,2027-10-30,2025-10-30,2026-05-30 13:40:16.880606+00,2026-05-30 13:40:16.880606+00,,,0.00,0,
ba3f04d3-3358-4d0c-ac34-e1313de3ac21,LN-1970,9a2019c5-9c84-4352-895c-7f38956dfffe,89d1c7f8-46de-419f-b2ec-dc69213d45ca,448.05,12.50,24,21.20,60.66,508.71,4.48,travel,B,paid_off,2024-11-28,2026-11-28,2024-11-28,2026-05-30 13:40:16.990875+00,2026-05-30 13:40:16.990875+00,,,0.00,0,
ba56ef00-0868-4888-8687-467e12e898a0,LN-0019,0c6f9019-21a2-4ee8-89cd-494fa73cba13,89d1c7f8-46de-419f-b2ec-dc69213d45ca,470.46,12.50,24,22.26,63.68,534.14,4.70,auto,D,active,2026-01-30,2028-01-30,2026-01-30,2026-05-30 13:40:16.593247+00,2026-05-30 13:40:16.593247+00,,,0.00,0,
ba657c31-816f-4d55-89a4-6ad14948e774,LN-0787,508e7f4d-f3da-455c-84b9-5f159a77485a,0c6925f4-7d92-41a9-b358-1d126fb41279,115.31,12.50,24,5.46,15.61,130.92,1.15,event,A,active,2025-06-30,2027-06-30,2025-06-30,2026-05-30 13:40:16.751319+00,2026-05-30 13:40:16.751319+00,,,0.00,0,
ba694cf4-2a73-4bd2-8692-c823217c46d0,LN-1041,6134f280-ff70-4932-856a-6241405ce6d6,89d1c7f8-46de-419f-b2ec-dc69213d45ca,589.43,12.50,24,27.88,79.77,669.20,5.89,emergency,B,active,2025-09-30,2027-09-30,2025-09-30,2026-05-30 13:40:16.880606+00,2026-05-30 13:40:16.880606+00,,,0.00,0,
ba7f248f-2dd0-44e5-84f5-251dd833640c,LN-0159,0715d031-8ed3-4192-b5a1-5eed35107bd3,0c6925f4-7d92-41a9-b358-1d126fb41279,120.38,12.50,24,5.69,16.31,136.69,1.20,homeImprovement,C,active,2025-08-30,2027-08-30,2025-08-30,2026-05-30 13:40:16.593247+00,2026-05-30 13:40:16.593247+00,,,0.00,0,
ba9e06a6-2fbd-421e-8fdf-fe5aae534527,LN-1967,a219a19a-8a53-40c5-9658-8cefb353e07f,89d1c7f8-46de-419f-b2ec-dc69213d45ca,372.75,12.50,24,17.63,50.44,423.19,3.73,event,B,paid_off,2024-04-16,2026-04-16,2024-04-16,2026-05-30 13:40:16.990875+00,2026-05-30 13:40:16.990875+00,,,0.00,0,
bac6aa98-20fa-4ab3-98d4-e54879e7baaf,LN-1329,b3641568-ba0d-4410-a37b-a0f5b506414a,0c6925f4-7d92-41a9-b358-1d126fb41279,362.38,12.50,24,17.14,49.08,411.46,3.62,consolidation,A,active,2025-10-30,2027-10-30,2025-10-30,2026-05-30 13:40:16.880606+00,2026-05-30 13:40:16.880606+00,,,0.00,1,2026-06-30
bad3d17d-f223-4c4a-a88d-668fa62b8d98,LN-0617,64fd517f-bc07-4dbb-ba72-d7e80b48940b,89d1c7f8-46de-419f-b2ec-dc69213d45ca,462.06,12.50,24,21.86,62.56,524.62,4.62,auto,A,active,2025-10-30,2027-10-30,2025-10-30,2026-05-30 13:40:16.751319+00,2026-05-30 13:40:16.751319+00,,,0.00,0,
badf98e7-5017-4488-aa67-ddb40dc16f0e,LN-1880,88089a51-e2d8-4e4c-af0f-2633e35e5e4b,89d1c7f8-46de-419f-b2ec-dc69213d45ca,304.56,12.50,24,14.41,41.25,345.81,3.05,equipment,A,paid_off,2024-02-17,2026-02-17,2024-02-17,2026-05-30 13:40:16.990875+00,2026-05-30 13:40:16.990875+00,,,0.00,0,
baec9f12-c787-4e1f-b190-48579fbc6d3f,LN-0118,0e99dc71-6989-4587-a979-7839438b95f8,89d1c7f8-46de-419f-b2ec-dc69213d45ca,654.22,12.50,24,30.95,88.57,742.79,6.54,travel,A,active,2026-03-02,2028-03-02,2026-03-02,2026-05-30 13:40:16.593247+00,2026-05-30 13:40:16.593247+00,,,0.00,0,
bb26779b-8618-4cb5-8671-54da7f5d19d2,LN-1613,78a7dafb-ce2c-4d7b-b68a-93798a1e20b3,866a2b0d-da4d-403f-9343-390a810648e5,814.07,12.50,24,38.51,110.17,924.24,8.14,emergency,C,paid_off,2024-02-01,2026-02-01,2024-02-01,2026-05-30 13:40:16.990875+00,2026-05-30 13:40:16.990875+00,,,0.00,0,
bb3f2a15-9c2c-4f72-b412-e2ab5e407840,LN-0659,836ab1b9-add8-4042-b76c-c48eff653327,89d1c7f8-46de-419f-b2ec-dc69213d45ca,723.27,12.50,24,34.22,97.91,821.18,7.23,equipment,A,defaulted,2025-03-02,2027-03-02,2025-03-02,2026-05-30 13:40:16.751319+00,2026-05-30 13:40:16.751319+00,2026-01-30,written_off,501.83,4,
bb543f9e-7b95-4243-b679-29c7189e8c7e,LN-1124,bc40161e-29a3-443f-8f7b-fb5ed0e445b9,0c6925f4-7d92-41a9-b358-1d126fb41279,297.93,12.50,24,14.09,40.35,338.28,2.98,auto,B,active,2025-11-30,2027-11-30,2025-11-30,2026-05-30 13:40:16.880606+00,2026-05-30 13:40:16.880606+00,,,0.00,0,
bb96378f-b467-4dc0-b7a5-7cbe8acaa48e,LN-0167,304b4f12-8f85-40f0-bedf-b8e55198ee79,0c6925f4-7d92-41a9-b358-1d126fb41279,559.78,12.50,24,26.48,75.81,635.59,5.60,auto,A,active,2025-08-30,2027-08-30,2025-08-30,2026-05-30 13:40:16.593247+00,2026-05-30 13:40:16.593247+00,,,0.00,0,
bba851fd-d340-4732-983d-47d65a04c6d7,LN-1463,c12c3499-933e-4598-81a3-5010d752abf1,866a2b0d-da4d-403f-9343-390a810648e5,560.57,12.50,24,26.52,75.88,636.45,5.61,auto,A,paid_off,2024-10-07,2026-10-07,2024-10-07,2026-05-30 13:40:16.880606+00,2026-05-30 13:40:16.880606+00,,,0.00,0,
bbc4aa2c-7479-441d-b21a-c7548cf89c13,LN-1274,3a0f32b9-7d9a-4d33-badf-c8fe1e152b20,0c6925f4-7d92-41a9-b358-1d126fb41279,290.11,12.50,24,13.72,39.28,329.39,2.90,equipment,B,active,2025-05-30,2027-05-30,2025-05-30,2026-05-30 13:40:16.880606+00,2026-05-30 13:40:16.880606+00,,,0.00,0,
bbd70808-0982-47e8-8064-8b7252e19fb9,LN-1727,4de274a0-f5d2-4b6f-972a-2c58fa58d905,89d1c7f8-46de-419f-b2ec-dc69213d45ca,177.89,12.50,24,8.42,24.09,201.98,1.78,equipment,A,paid_off,2024-01-03,2026-01-03,2024-01-03,2026-05-30 13:40:16.990875+00,2026-05-30 13:40:16.990875+00,,,0.00,0,
bc09330a-4f62-4ef7-8a61-f07d91ab3562,LN-0023,fccd4d23-0403-49ab-bfed-f12c844324b4,89d1c7f8-46de-419f-b2ec-dc69213d45ca,206.57,12.50,24,9.77,27.95,234.52,2.07,event,B,active,2025-03-30,2027-03-30,2025-03-30,2026-05-30 13:40:16.593247+00,2026-05-30 13:40:16.593247+00,,,0.00,0,
bc3766cc-4ec5-49bc-abc4-cd69ff66ba11,LN-1212,ae8014be-b106-472f-8da8-6d37306009ff,89d1c7f8-46de-419f-b2ec-dc69213d45ca,382.69,12.50,24,18.10,51.84,434.53,3.83,travel,A,active,2025-04-30,2027-04-30,2025-04-30,2026-05-30 13:40:16.880606+00,2026-05-30 13:40:16.880606+00,,,0.00,1,2026-06-30
bc39cefa-b14d-407c-b090-68bccaf8f428,LN-1285,5c00459a-3f1f-4bee-ad18-bf7b5dbd92dc,0c6925f4-7d92-41a9-b358-1d126fb41279,345.74,12.50,24,16.36,46.77,392.51,3.46,medical,A,active,2025-06-30,2027-06-30,2025-06-30,2026-05-30 13:40:16.880606+00,2026-05-30 13:40:16.880606+00,,,0.00,0,
bc837984-4986-49ea-bdd3-9c00727d036b,LN-0093,086997cd-2804-4e75-97fe-380fa57d73b9,0c6925f4-7d92-41a9-b358-1d126fb41279,718.81,12.50,24,34.00,97.34,816.15,7.19,medical,B,active,2026-03-30,2028-03-30,2026-03-30,2026-05-30 13:40:16.593247+00,2026-05-30 13:40:16.593247+00,,,0.00,0,
bca172b6-fb3d-4a75-8e32-977ed79041f9,LN-0784,af8e8273-f36a-48e2-8388-c883245a2dbe,89d1c7f8-46de-419f-b2ec-dc69213d45ca,212.39,12.50,24,10.05,28.75,241.14,2.12,equipment,B,active,2025-08-30,2027-08-30,2025-08-30,2026-05-30 13:40:16.751319+00,2026-05-30 13:40:16.751319+00,,,0.00,0,
bcb58a69-7854-42cc-9fc7-36804c5f44b8,LN-0143,eeb2261f-10ad-4770-b88e-ce0ea97d7a42,89d1c7f8-46de-419f-b2ec-dc69213d45ca,533.27,12.50,24,25.23,72.16,605.43,5.33,equipment,D,active,2025-07-30,2027-07-30,2025-07-30,2026-05-30 13:40:16.593247+00,2026-05-30 13:40:16.593247+00,,,0.00,0,
bcccc9b5-ec44-4d0e-957b-ff9e9fa70d7a,LN-1594,6651732a-2d93-4965-9433-7cfdcac13b26,89d1c7f8-46de-419f-b2ec-dc69213d45ca,69.36,12.50,24,3.28,9.37,78.73,0.69,homeImprovement,C,paid_off,2024-08-10,2026-08-10,2024-08-10,2026-05-30 13:40:16.990875+00,2026-05-30 13:40:16.990875+00,,,0.00,0,
bce2dc51-012e-4f2c-bfd9-52c40621e3d2,LN-0539,b0b2d1ae-594f-43b3-b4b8-e6e8830ab87d,41340b75-3fa9-4cbd-bee5-5d10bb757dbb,1160.24,12.50,24,54.89,157.08,1317.32,11.60,auto,B,active,2026-04-30,2028-04-30,2026-04-30,2026-05-30 13:40:16.751319+00,2026-05-30 13:40:16.751319+00,,,0.00,0,
bceb22bd-5254-43ce-8ad0-c978cf979d84,LN-1852,05375a89-645a-4aea-a500-9fd88e236d90,0c6925f4-7d92-41a9-b358-1d126fb41279,196.85,12.50,24,9.31,26.63,223.48,1.97,auto,C,paid_off,2024-02-24,2026-02-24,2024-02-24,2026-05-30 13:40:16.990875+00,2026-05-30 13:40:16.990875+00,,,0.00,0,
bd514e73-ce62-413f-ab43-459035e36ca5,LN-0306,3b2981ae-a90b-4f48-879d-c4ee6f5fee2e,89d1c7f8-46de-419f-b2ec-dc69213d45ca,175.05,12.50,24,8.28,23.72,198.77,1.75,emergency,B,active,2025-04-30,2027-04-30,2025-04-30,2026-05-30 13:40:16.593247+00,2026-05-30 13:40:16.593247+00,,,0.00,0,
bd74072f-5e68-47fe-b484-56af4a618727,LN-0635,ea564c1c-ee10-4cec-98b2-96d74d0c941d,89d1c7f8-46de-419f-b2ec-dc69213d45ca,557.37,12.50,24,26.37,75.47,632.84,5.57,auto,B,active,2025-07-30,2027-07-30,2025-07-30,2026-05-30 13:40:16.751319+00,2026-05-30 13:40:16.751319+00,,,0.00,0,
bda08b08-0fdc-4753-a52a-55faaf582981,LN-0785,d2efd423-9264-4dc1-8ed0-254e7879bdf6,89d1c7f8-46de-419f-b2ec-dc69213d45ca,162.81,12.50,24,7.70,22.05,184.86,1.63,auto,A,active,2025-06-30,2027-06-30,2025-06-30,2026-05-30 13:40:16.751319+00,2026-05-30 13:40:16.751319+00,,,0.00,0,
bde3f146-fc1d-4ed9-b7ad-1d2d3b8cfe03,LN-1367,ed38f2a2-0a85-4509-a0c8-fea5d456503f,89d1c7f8-46de-419f-b2ec-dc69213d45ca,596.47,12.50,24,28.22,80.71,677.18,5.96,equipment,B,active,2025-05-30,2027-05-30,2025-05-30,2026-05-30 13:40:16.880606+00,2026-05-30 13:40:16.880606+00,,,0.00,0,
bdf1cc52-1fe8-4058-ba0e-b65cfddcf0c1,LN-0304,ba3d1f9b-91d2-4bc0-b82b-7a93dad36e6e,89d1c7f8-46de-419f-b2ec-dc69213d45ca,276.71,12.50,24,13.09,37.47,314.18,2.77,consolidation,A,active,2026-03-02,2028-03-02,2026-03-02,2026-05-30 13:40:16.593247+00,2026-05-30 13:40:16.593247+00,,,0.00,0,
bdf5005e-3952-4997-9803-0cb47137b897,LN-0823,1d9697e3-e8ae-4f1a-80b4-cb2c6c878257,89d1c7f8-46de-419f-b2ec-dc69213d45ca,326.12,12.50,24,15.43,44.16,370.28,3.26,homeImprovement,B,active,2025-03-30,2027-03-30,2025-03-30,2026-05-30 13:40:16.751319+00,2026-05-30 13:40:16.751319+00,,,0.00,0,
bdff6fb2-3675-4daf-96a5-ba17c7af712f,LN-0047,351132b9-10b8-47a6-b288-cbdc949188f2,89d1c7f8-46de-419f-b2ec-dc69213d45ca,512.92,12.50,24,24.26,69.47,582.39,5.13,equipment,A,active,2025-12-30,2027-12-30,2025-12-30,2026-05-30 13:40:16.593247+00,2026-05-30 13:40:16.593247+00,,,0.00,0,
be0a40fe-94a2-4a3a-bc93-f37f9f781abe,LN-1402,82a7e6da-1d54-4d99-b0af-8acc794cb9fc,89d1c7f8-46de-419f-b2ec-dc69213d45ca,650.48,12.50,24,30.77,88.08,738.56,6.50,emergency,C,paid_off,2024-04-07,2026-04-07,2024-04-07,2026-05-30 13:40:16.880606+00,2026-05-30 13:40:16.880606+00,,,0.00,0,
be0f268e-a3b6-46e6-a608-6cc0b4489e37,LN-1369,ad1fa418-f7e7-4d60-96eb-8b3f0aad2e0b,0c6925f4-7d92-41a9-b358-1d126fb41279,490.73,12.50,24,23.22,66.41,557.14,4.91,auto,B,paid_off,2024-03-11,2026-03-11,2024-03-11,2026-05-30 13:40:16.880606+00,2026-05-30 13:40:16.880606+00,,,0.00,0,
be1934bf-9cdd-4c19-b6c6-f8fbc3a22bd0,LN-1334,a666cf6f-e0b3-4973-90dc-c6f40c049eea,0c6925f4-7d92-41a9-b358-1d126fb41279,1181.40,12.50,24,55.89,159.95,1341.35,11.81,homeImprovement,C,active,2025-09-30,2027-09-30,2025-09-30,2026-05-30 13:40:16.880606+00,2026-05-30 13:40:16.880606+00,,,0.00,0,
be41d8c8-09f7-4dc9-a046-023581d9e0bc,LN-0210,4e3c8d0b-703c-45e9-8a9c-8d5059226d6c,89d1c7f8-46de-419f-b2ec-dc69213d45ca,572.36,12.50,24,27.08,77.49,649.85,5.72,emergency,C,active,2026-04-30,2028-04-30,2026-04-30,2026-05-30 13:40:16.593247+00,2026-05-30 13:40:16.593247+00,,,0.00,0,
be6de645-c9c7-4043-b110-67ee8fcacf94,LN-1092,ab420621-00ec-4fd4-823b-a610e200d833,866a2b0d-da4d-403f-9343-390a810648e5,645.05,12.50,24,30.52,87.30,732.35,6.45,travel,C,active,2026-01-30,2028-01-30,2026-01-30,2026-05-30 13:40:16.880606+00,2026-05-30 13:40:16.880606+00,,,0.00,0,
be74bc4b-9596-4e0b-bc5f-2b7cb04c185d,LN-1639,5d1c0a09-276d-4b54-9b61-df145d931eaf,0c6925f4-7d92-41a9-b358-1d126fb41279,876.83,12.50,24,41.48,118.68,995.51,8.77,homeImprovement,A,paid_off,2024-05-17,2026-05-17,2024-05-17,2026-05-30 13:40:16.990875+00,2026-05-30 13:40:16.990875+00,,,0.00,0,
be803a6a-764f-4fe2-b878-9cb924360ad7,LN-1385,a56a9d02-a2de-41ef-b6cd-6bfae6105ebd,0c6925f4-7d92-41a9-b358-1d126fb41279,464.33,12.50,24,21.97,62.89,527.22,4.64,auto,B,paid_off,2024-08-26,2026-08-26,2024-08-26,2026-05-30 13:40:16.880606+00,2026-05-30 13:40:16.880606+00,,,0.00,0,
bec2ee5a-ff83-43d1-8e18-36c6bc1b25d7,LN-1583,05e3bfe8-3c8c-4e14-bbde-dea12eb02ef7,89d1c7f8-46de-419f-b2ec-dc69213d45ca,329.57,12.50,24,15.59,44.63,374.20,3.30,event,B,paid_off,2024-07-08,2026-07-08,2024-07-08,2026-05-30 13:40:16.990875+00,2026-05-30 13:40:16.990875+00,,,0.00,0,
beee345e-4a69-42b1-aea2-5932e7ca4e05,LN-0099,33eb03f3-e387-48cb-bdd5-5926058e2ff7,0c6925f4-7d92-41a9-b358-1d126fb41279,964.47,12.50,24,45.63,130.53,1095.00,9.64,event,C,active,2026-03-02,2028-03-02,2026-03-02,2026-05-30 13:40:16.593247+00,2026-05-30 13:40:16.593247+00,,,0.00,0,
bef6ef2f-79ea-4c76-ab4d-92eae5f3b1aa,LN-1111,adc81662-c0af-4caf-8318-c097175c8f88,41340b75-3fa9-4cbd-bee5-5d10bb757dbb,740.81,12.50,24,35.05,100.25,841.06,7.41,auto,A,active,2025-07-30,2027-07-30,2025-07-30,2026-05-30 13:40:16.880606+00,2026-05-30 13:40:16.880606+00,,,0.00,0,
bf31bd90-1f6c-478b-b6be-2deff4ee54ab,LN-0385,1594a0de-ded1-4ecb-97ea-db5bc22c1237,89d1c7f8-46de-419f-b2ec-dc69213d45ca,365.40,12.50,24,17.29,49.45,414.85,3.65,auto,A,active,2025-06-30,2027-06-30,2025-06-30,2026-05-30 13:40:16.593247+00,2026-05-30 13:40:16.593247+00,,,0.00,0,
bf5c4bbd-8188-4d3b-8b93-b324208f1b9f,LN-0147,362f12cb-87b9-47d9-b730-f5ea9a8716b4,0c6925f4-7d92-41a9-b358-1d126fb41279,351.02,12.50,24,16.61,47.52,398.54,3.51,equipment,D,active,2025-10-30,2027-10-30,2025-10-30,2026-05-30 13:40:16.593247+00,2026-05-30 13:40:16.593247+00,,,0.00,0,
bfe24d6c-9856-46b7-9f55-5302c0fb1afe,LN-0134,80619d0d-48f1-4d4b-a4e2-d34137050259,89d1c7f8-46de-419f-b2ec-dc69213d45ca,708.10,12.50,24,33.50,95.84,803.94,7.08,emergency,A,active,2025-03-02,2027-03-02,2025-03-02,2026-05-30 13:40:16.593247+00,2026-05-30 13:40:16.593247+00,,,0.00,1,2026-06-30
c01059e2-f384-4a02-9925-ffb1ddf801ef,LN-1717,bbb38d68-b82a-4ccf-b884-42801803710f,89d1c7f8-46de-419f-b2ec-dc69213d45ca,100.14,12.50,24,4.74,13.57,113.71,1.00,equipment,A,paid_off,2024-04-03,2026-04-03,2024-04-03,2026-05-30 13:40:16.990875+00,2026-05-30 13:40:16.990875+00,,,0.00,0,
c0461d90-570b-4368-b204-93631ebd1c13,LN-1087,b7a897d4-4468-4b3c-96d6-ed8097f9230f,89d1c7f8-46de-419f-b2ec-dc69213d45ca,101.70,12.50,24,4.81,13.78,115.48,1.02,travel,B,active,2025-08-30,2027-08-30,2025-08-30,2026-05-30 13:40:16.880606+00,2026-05-30 13:40:16.880606+00,,,0.00,0,
c049d665-2af1-48fc-815e-e0eeffed9a75,LN-0995,281bcc94-f8fa-47ba-ae62-a162b87ec5fa,866a2b0d-da4d-403f-9343-390a810648e5,1918.42,12.50,24,90.76,259.70,2178.12,19.18,medical,A,active,2026-01-30,2028-01-30,2026-01-30,2026-05-30 13:40:16.751319+00,2026-05-30 13:40:16.751319+00,,,0.00,0,
c0573792-d35c-40ec-abe0-ecca6f715716,LN-1080,1c2d1807-3571-4927-86cc-76f3c72e75c9,41340b75-3fa9-4cbd-bee5-5d10bb757dbb,1150.90,12.50,24,54.45,155.81,1306.71,11.51,event,A,active,2025-05-30,2027-05-30,2025-05-30,2026-05-30 13:40:16.880606+00,2026-05-30 13:40:16.880606+00,,,0.00,0,
c05c2ed1-bcb7-42b8-9253-0128659bf526,LN-1223,931f3c6b-b61a-4a24-9f87-89f0693fd791,0c6925f4-7d92-41a9-b358-1d126fb41279,227.86,12.50,24,10.78,30.85,258.71,2.28,homeImprovement,A,active,2025-03-30,2027-03-30,2025-03-30,2026-05-30 13:40:16.880606+00,2026-05-30 13:40:16.880606+00,,,0.00,0,
c093f652-c2d1-4669-ae18-59679414c671,LN-1868,33360689-5d6c-4c32-9fc3-5290eb011619,0c6925f4-7d92-41a9-b358-1d126fb41279,118.67,12.50,24,5.61,16.09,134.76,1.19,homeImprovement,C,paid_off,2024-03-23,2026-03-23,2024-03-23,2026-05-30 13:40:16.990875+00,2026-05-30 13:40:16.990875+00,,,0.00,0,
c0c8774b-eba9-49e3-94ee-3f9a80eabff2,LN-0877,bc3f7a67-c19e-47fc-bc1d-d5fbe8b85065,89d1c7f8-46de-419f-b2ec-dc69213d45ca,92.59,12.50,24,4.38,12.53,105.12,0.93,emergency,D,active,2026-03-02,2028-03-02,2026-03-02,2026-05-30 13:40:16.751319+00,2026-05-30 13:40:16.751319+00,,,0.00,0,
c13716e9-419e-4f74-bd47-7c5ae08614ba,LN-0372,db9e82b2-afdb-4f45-b90a-c943b466e7e7,0c6925f4-7d92-41a9-b358-1d126fb41279,707.74,12.50,24,33.48,95.84,803.58,7.08,emergency,C,active,2026-01-30,2028-01-30,2026-01-30,2026-05-30 13:40:16.593247+00,2026-05-30 13:40:16.593247+00,,,0.00,0,
c145e620-488e-4d6c-899d-a1f66e06bd4d,LN-0266,500d68e5-49c7-411d-9083-4b230397f54a,0c6925f4-7d92-41a9-b358-1d126fb41279,674.71,12.50,24,31.92,91.33,766.04,6.75,equipment,C,active,2025-12-30,2027-12-30,2025-12-30,2026-05-30 13:40:16.593247+00,2026-05-30 13:40:16.593247+00,,,0.00,1,2026-06-30
c16dd2ef-5e2d-4674-87d6-5d4d62022566,LN-1789,fc01623d-2d8c-4262-8848-0dc30a7517ea,0c6925f4-7d92-41a9-b358-1d126fb41279,354.29,12.50,24,16.76,47.95,402.24,3.54,homeImprovement,A,paid_off,2024-07-17,2026-07-17,2024-07-17,2026-05-30 13:40:16.990875+00,2026-05-30 13:40:16.990875+00,,,0.00,0,
c17fd59e-6279-4994-a014-0cb8df0bc3fb,LN-1266,20ab70bd-5be3-4b78-876d-6b7ad798828f,0c6925f4-7d92-41a9-b358-1d126fb41279,384.80,12.50,24,18.20,52.09,436.89,3.85,travel,C,active,2025-12-30,2027-12-30,2025-12-30,2026-05-30 13:40:16.880606+00,2026-05-30 13:40:16.880606+00,,,0.00,0,
c18ccbe2-5b03-4e93-b9cb-bd06e5479ee4,LN-0479,65bf2a09-bf98-462a-9dd9-d55f05bed353,866a2b0d-da4d-403f-9343-390a810648e5,994.01,12.50,24,47.02,134.60,1128.61,9.94,homeImprovement,A,active,2026-03-02,2028-03-02,2026-03-02,2026-05-30 13:40:16.593247+00,2026-05-30 13:40:16.593247+00,,,0.00,0,
c199771b-fd5b-459a-9aea-e78c862c2e43,LN-1035,ad99e7b8-dcea-4ddd-9971-fdc049517f42,89d1c7f8-46de-419f-b2ec-dc69213d45ca,489.94,12.50,24,23.18,66.30,556.24,4.90,auto,B,active,2025-11-30,2027-11-30,2025-11-30,2026-05-30 13:40:16.880606+00,2026-05-30 13:40:16.880606+00,,,0.00,0,
c1b66d61-8842-4a74-9805-221797c8fec8,LN-1478,d2f8d6a9-1306-49ef-a229-94552c9311ed,866a2b0d-da4d-403f-9343-390a810648e5,544.12,12.50,24,25.74,73.67,617.79,5.44,auto,A,paid_off,2024-04-26,2026-04-26,2024-04-26,2026-05-30 13:40:16.880606+00,2026-05-30 13:40:16.880606+00,,,0.00,0,
c204d507-f359-4109-bc40-1b0637d373ef,LN-0462,62c46c40-8e56-42ba-871f-532a726f1672,89d1c7f8-46de-419f-b2ec-dc69213d45ca,296.25,12.50,24,14.01,40.14,336.39,2.96,emergency,A,active,2026-01-30,2028-01-30,2026-01-30,2026-05-30 13:40:16.593247+00,2026-05-30 13:40:16.593247+00,,,0.00,0,
c29669e3-2e0e-4a87-89d4-0d9a3379b639,LN-1874,b69f0372-b53c-4d6e-ae4b-d7a654cf57da,89d1c7f8-46de-419f-b2ec-dc69213d45ca,70.24,12.50,24,3.32,9.54,79.78,0.70,auto,A,paid_off,2024-05-27,2026-05-27,2024-05-27,2026-05-30 13:40:16.990875+00,2026-05-30 13:40:16.990875+00,,,0.00,0,
c2a65dce-48c6-468f-926a-3d18c86af913,LN-1587,e992b588-627f-438b-9c37-f8692699c87b,0c6925f4-7d92-41a9-b358-1d126fb41279,404.26,12.50,24,19.12,54.73,458.99,4.04,auto,B,paid_off,2024-10-05,2026-10-05,2024-10-05,2026-05-30 13:40:16.990875+00,2026-05-30 13:40:16.990875+00,,,0.00,0,
c2a9e2a9-ffc6-4a5e-9ca7-219b60f4f946,LN-1795,b13710c5-3562-44b0-9f2d-78e78d5e7314,0c6925f4-7d92-41a9-b358-1d126fb41279,168.64,12.50,24,7.98,22.83,191.47,1.69,travel,B,paid_off,2024-08-11,2026-08-11,2024-08-11,2026-05-30 13:40:16.990875+00,2026-05-30 13:40:16.990875+00,,,0.00,0,
c2c269c5-7573-4ecc-af8c-ecb0c0e42927,LN-1566,82ce88f8-b81d-46fb-b6d1-d8bd73c347a9,866a2b0d-da4d-403f-9343-390a810648e5,589.64,12.50,24,27.89,79.87,669.51,5.90,medical,B,paid_off,2024-07-09,2026-07-09,2024-07-09,2026-05-30 13:40:16.990875+00,2026-05-30 13:40:16.990875+00,,,0.00,0,
c2cfa177-d0a5-4c99-a53c-791350f810e0,LN-1887,9d785854-b24d-4b90-a175-4ac1fceddcae,89d1c7f8-46de-419f-b2ec-dc69213d45ca,502.35,12.50,24,23.76,68.02,570.37,5.02,consolidation,C,paid_off,2024-04-10,2026-04-10,2024-04-10,2026-05-30 13:40:16.990875+00,2026-05-30 13:40:16.990875+00,,,0.00,0,
c2dc59d1-e5cb-4bde-bc04-d6d6130426a8,LN-1567,c99e35e4-63c1-4052-a227-cd1ec9d69a76,866a2b0d-da4d-403f-9343-390a810648e5,597.44,12.50,24,28.26,80.90,678.34,5.97,emergency,A,paid_off,2024-10-24,2026-10-24,2024-10-24,2026-05-30 13:40:16.990875+00,2026-05-30 13:40:16.990875+00,,,0.00,0,
c2f7f43e-971f-4081-b474-1cd55ed4c746,LN-1883,e7b15382-07a7-4cf9-8de4-5bfe614a70d4,0c6925f4-7d92-41a9-b358-1d126fb41279,499.53,12.50,24,23.63,67.59,567.12,5.00,homeImprovement,B,paid_off,2024-09-18,2026-09-18,2024-09-18,2026-05-30 13:40:16.990875+00,2026-05-30 13:40:16.990875+00,,,0.00,0,
c35d61df-cdf4-40b0-ac0b-4dc8cbccb736,LN-0271,f514d80b-6651-4421-ba0e-c9f46aeebc66,89d1c7f8-46de-419f-b2ec-dc69213d45ca,546.42,12.50,24,25.85,73.98,620.40,5.46,auto,B,active,2025-08-30,2027-08-30,2025-08-30,2026-05-30 13:40:16.593247+00,2026-05-30 13:40:16.593247+00,,,0.00,0,
c37af1c3-684e-4905-b191-82e2db7c1591,LN-1460,086997cd-2804-4e75-97fe-380fa57d73b9,89d1c7f8-46de-419f-b2ec-dc69213d45ca,584.39,12.50,24,27.65,79.10,663.49,5.84,auto,B,paid_off,2024-07-02,2026-07-02,2024-07-02,2026-05-30 13:40:16.880606+00,2026-05-30 13:40:16.880606+00,,,0.00,0,
c3a310b4-1550-4b3a-a363-82eba5fd62ec,LN-0124,f198e4be-ec01-4089-8746-cdb617a4cf4a,89d1c7f8-46de-419f-b2ec-dc69213d45ca,442.19,12.50,24,20.92,59.88,502.07,4.42,medical,A,active,2026-01-30,2028-01-30,2026-01-30,2026-05-30 13:40:16.593247+00,2026-05-30 13:40:16.593247+00,,,0.00,0,
c3b614ae-5e5e-4ba1-a412-02e473fe09d9,LN-1662,f47e8512-45a7-4d2b-8b75-f9148d0ebe0f,89d1c7f8-46de-419f-b2ec-dc69213d45ca,61.61,12.50,24,2.91,8.35,69.96,0.62,event,A,paid_off,2024-10-05,2026-10-05,2024-10-05,2026-05-30 13:40:16.990875+00,2026-05-30 13:40:16.990875+00,,,0.00,0,
c3ba629d-23f7-4035-9d66-5011ec8e747b,LN-1128,daa53167-0894-4e62-b06e-5908d16591f3,0c6925f4-7d92-41a9-b358-1d126fb41279,250.16,12.50,24,11.83,33.86,284.02,2.50,equipment,A,active,2025-03-30,2027-03-30,2025-03-30,2026-05-30 13:40:16.880606+00,2026-05-30 13:40:16.880606+00,,,0.00,0,
c49919e9-5fb0-40ba-abf9-4dd2364f3a11,LN-1843,9304f02c-af70-42c9-8920-5d4875609707,866a2b0d-da4d-403f-9343-390a810648e5,936.19,12.50,24,44.29,126.75,1062.94,9.36,homeImprovement,A,paid_off,2024-02-19,2026-02-19,2024-02-19,2026-05-30 13:40:16.990875+00,2026-05-30 13:40:16.990875+00,,,0.00,0,
c4aff168-8ae9-445e-8114-cdf9b5ee3974,LN-1292,55511c5e-83b1-4889-a6f7-1fdea776007b,41340b75-3fa9-4cbd-bee5-5d10bb757dbb,764.81,12.50,24,36.18,103.55,868.36,7.65,auto,B,active,2025-12-30,2027-12-30,2025-12-30,2026-05-30 13:40:16.880606+00,2026-05-30 13:40:16.880606+00,,,0.00,0,
c4b08cb6-41f2-4411-a407-a23c6e405aae,LN-1242,e338c75b-dae2-493e-af55-dc08cbb37162,89d1c7f8-46de-419f-b2ec-dc69213d45ca,437.72,12.50,24,20.71,59.24,496.96,4.38,auto,A,active,2025-01-30,2027-01-30,2025-01-30,2026-05-30 13:40:16.880606+00,2026-05-30 13:40:16.880606+00,,,0.00,1,2026-06-30
c4d88dc5-3a43-4fa3-a6ca-3e6c514f563e,LN-1939,49294946-9dcb-4477-aa38-a04981991a9b,89d1c7f8-46de-419f-b2ec-dc69213d45ca,372.95,12.50,24,17.64,50.46,423.41,3.73,travel,C,paid_off,2024-12-24,2026-12-24,2024-12-24,2026-05-30 13:40:16.990875+00,2026-05-30 13:40:16.990875+00,,,0.00,0,
c51733ed-e1e9-46c9-bcfc-32a4ef6c3c48,LN-1282,763274c8-bed8-4e39-97b4-a3c927d7f26a,89d1c7f8-46de-419f-b2ec-dc69213d45ca,297.90,12.50,24,14.09,40.35,338.25,2.98,travel,A,active,2025-09-30,2027-09-30,2025-09-30,2026-05-30 13:40:16.880606+00,2026-05-30 13:40:16.880606+00,,,0.00,0,
c51f7a32-ee41-4086-a1dc-cbc39da262dc,LN-0624,4dda27a7-683a-49a9-880c-4a221e33d4bf,866a2b0d-da4d-403f-9343-390a810648e5,1239.05,12.50,24,58.62,167.72,1406.77,12.39,consolidation,A,active,2025-09-30,2027-09-30,2025-09-30,2026-05-30 13:40:16.751319+00,2026-05-30 13:40:16.751319+00,,,0.00,0,
c52cf681-a554-47dd-b1ec-fff889676bd9,LN-1132,f49c7283-6ce0-4499-af37-cd3cad00dd56,41340b75-3fa9-4cbd-bee5-5d10bb757dbb,681.89,12.50,24,32.26,92.33,774.22,6.82,event,B,active,2025-12-30,2027-12-30,2025-12-30,2026-05-30 13:40:16.880606+00,2026-05-30 13:40:16.880606+00,,,0.00,0,
c531d1d6-1a52-4cca-b5d1-201a65086860,LN-0063,6d46a9ec-0e7e-42a2-a7e7-f7f085d47d15,0c6925f4-7d92-41a9-b358-1d126fb41279,1117.02,12.50,24,52.84,151.23,1268.25,11.17,equipment,C,active,2026-04-30,2028-04-30,2026-04-30,2026-05-30 13:40:16.593247+00,2026-05-30 13:40:16.593247+00,,,0.00,0,
c534356f-7323-4434-9ef0-129e66936311,LN-1280,4784c67d-bf1f-42b7-875e-25fa4c89c676,0c6925f4-7d92-41a9-b358-1d126fb41279,163.98,12.50,24,7.76,22.22,186.20,1.64,emergency,D,active,2026-04-30,2028-04-30,2026-04-30,2026-05-30 13:40:16.880606+00,2026-05-30 13:40:16.880606+00,,,0.00,0,
c592d18c-400e-4d3c-b1e6-106cad5caf9f,LN-0595,7ab85399-b357-4925-87b4-61687156172b,0c6925f4-7d92-41a9-b358-1d126fb41279,99.81,12.50,24,4.72,13.49,113.30,1.00,emergency,A,active,2025-08-30,2027-08-30,2025-08-30,2026-05-30 13:40:16.751319+00,2026-05-30 13:40:16.751319+00,,,0.00,0,
c5a49399-99d0-44a2-8a07-b6a437a3eafa,LN-0964,2051b0dc-02e6-41a4-b363-c2b0835c43dd,0c6925f4-7d92-41a9-b358-1d126fb41279,987.26,12.50,24,46.70,133.66,1120.92,9.87,travel,A,active,2026-04-30,2028-04-30,2026-04-30,2026-05-30 13:40:16.751319+00,2026-05-30 13:40:16.751319+00,,,0.00,0,
c5e33dc7-e015-4f9f-a9a1-88c1bd1e7be5,LN-0654,87ebee34-d977-4c32-adcb-f2bd3e76684b,0c6925f4-7d92-41a9-b358-1d126fb41279,435.35,12.50,24,20.60,58.93,494.28,4.35,auto,D,active,2025-03-30,2027-03-30,2025-03-30,2026-05-30 13:40:16.751319+00,2026-05-30 13:40:16.751319+00,,,0.00,0,
c5e3f596-46f5-4ff8-a907-eae4470b0913,LN-1934,f69b6f2f-c6b2-4b3d-bed0-4a79bf64d9e1,89d1c7f8-46de-419f-b2ec-dc69213d45ca,270.74,12.50,24,12.81,36.65,307.39,2.71,emergency,A,paid_off,2024-05-07,2026-05-07,2024-05-07,2026-05-30 13:40:16.990875+00,2026-05-30 13:40:16.990875+00,,,0.00,0,
c6183b6c-69e5-4957-8f9a-76f3b2443ecc,LN-0961,580d6cf9-ef9f-40ea-a9ff-2504bc6d1656,0c6925f4-7d92-41a9-b358-1d126fb41279,366.47,12.50,24,17.34,49.60,416.07,3.66,equipment,A,active,2026-01-30,2028-01-30,2026-01-30,2026-05-30 13:40:16.751319+00,2026-05-30 13:40:16.751319+00,,,0.00,0,
c655b680-509c-4a8f-8c80-089af7337066,LN-1540,adc81662-c0af-4caf-8318-c097175c8f88,0c6925f4-7d92-41a9-b358-1d126fb41279,1281.14,12.50,24,60.61,173.41,1454.55,12.81,travel,A,paid_off,2024-07-16,2026-07-16,2024-07-16,2026-05-30 13:40:16.990875+00,2026-05-30 13:40:16.990875+00,,,0.00,0,
c66b8356-ffed-4046-9a79-d92608b0f12b,LN-0906,eeea551e-7f50-45e7-a3c6-37a250ce9c33,0c6925f4-7d92-41a9-b358-1d126fb41279,773.88,12.50,24,36.61,104.73,878.61,7.74,travel,C,active,2025-06-30,2027-06-30,2025-06-30,2026-05-30 13:40:16.751319+00,2026-05-30 13:40:16.751319+00,,,0.00,0,
c6b001aa-1dd2-4ab7-8b6c-2265adf890a4,LN-1765,e1bf9455-1b33-4d53-b78f-cbc4e13e9f4a,89d1c7f8-46de-419f-b2ec-dc69213d45ca,322.91,12.50,24,15.28,43.70,366.61,3.23,consolidation,A,paid_off,2024-09-12,2026-09-12,2024-09-12,2026-05-30 13:40:16.990875+00,2026-05-30 13:40:16.990875+00,,,0.00,0,
c6b9b875-1418-4de2-9e91-b6914fd00e50,LN-0329,a52e2d22-d7e3-41c7-80cc-baab4cc9dcbe,866a2b0d-da4d-403f-9343-390a810648e5,1699.28,12.50,24,80.39,230.04,1929.32,16.99,consolidation,A,active,2026-01-30,2028-01-30,2026-01-30,2026-05-30 13:40:16.593247+00,2026-05-30 13:40:16.593247+00,,,0.00,0,
c6ba4223-0e88-4785-b809-3414428c8ebe,LN-1037,adcda850-4a19-4336-b556-a30cf429ca51,0c6925f4-7d92-41a9-b358-1d126fb41279,188.21,12.50,24,8.90,25.48,213.69,1.88,emergency,A,active,2025-10-30,2027-10-30,2025-10-30,2026-05-30 13:40:16.880606+00,2026-05-30 13:40:16.880606+00,,,0.00,1,2026-06-30
c6eff628-43a7-4215-a188-7577db7f3d61,LN-0314,b6457929-ef77-47c6-b8ed-a5de7bbbdd75,41340b75-3fa9-4cbd-bee5-5d10bb757dbb,832.99,12.50,24,39.41,112.77,945.76,8.33,event,B,active,2025-08-30,2027-08-30,2025-08-30,2026-05-30 13:40:16.593247+00,2026-05-30 13:40:16.593247+00,,,0.00,1,2026-06-30
c70fca44-f924-4a62-88a1-1e0cf6f2e3b7,LN-0097,c74923e0-ecbd-4911-8a81-24f44f75037c,89d1c7f8-46de-419f-b2ec-dc69213d45ca,571.98,12.50,24,27.06,77.43,649.41,5.72,equipment,C,active,2026-03-02,2028-03-02,2026-03-02,2026-05-30 13:40:16.593247+00,2026-05-30 13:40:16.593247+00,,,0.00,1,2026-06-30
c7276167-e959-4e37-93c1-83d18085ef77,LN-0815,f218c26b-f711-4e54-8537-37a22df40560,89d1c7f8-46de-419f-b2ec-dc69213d45ca,918.24,12.50,24,43.44,124.33,1042.57,9.18,event,B,active,2026-04-30,2028-04-30,2026-04-30,2026-05-30 13:40:16.751319+00,2026-05-30 13:40:16.751319+00,,,0.00,0,
c7362c45-20b0-4bb6-8741-d2889b21da32,LN-1861,fdfc1d49-80fc-4aee-b8f4-ba5dd217db79,0c6925f4-7d92-41a9-b358-1d126fb41279,823.90,12.50,24,38.98,111.54,935.44,8.24,consolidation,B,paid_off,2024-05-28,2026-05-28,2024-05-28,2026-05-30 13:40:16.990875+00,2026-05-30 13:40:16.990875+00,,,0.00,0,
c73c503b-a963-4328-8303-d9b150a62465,LN-0631,aad2a260-d99c-4ad1-b8e3-98b56103d5ef,89d1c7f8-46de-419f-b2ec-dc69213d45ca,408.15,12.50,24,19.31,55.25,463.40,4.08,event,B,active,2026-04-30,2028-04-30,2026-04-30,2026-05-30 13:40:16.751319+00,2026-05-30 13:40:16.751319+00,,,0.00,0,
c78f1fcc-5c05-4e1f-aed7-cdef9e4c6588,LN-1444,a8163ca4-4c4b-4074-921c-51105d6120af,89d1c7f8-46de-419f-b2ec-dc69213d45ca,306.37,12.50,24,14.49,41.46,347.83,3.06,equipment,C,paid_off,2024-07-05,2026-07-05,2024-07-05,2026-05-30 13:40:16.880606+00,2026-05-30 13:40:16.880606+00,,,0.00,0,
c7acc95a-73f6-4f22-83ff-d29470a707d8,LN-0486,ba9be427-0dab-4962-9b15-4773145967eb,41340b75-3fa9-4cbd-bee5-5d10bb757dbb,851.38,12.50,24,40.28,115.25,966.63,8.51,event,A,active,2025-08-30,2027-08-30,2025-08-30,2026-05-30 13:40:16.593247+00,2026-05-30 13:40:16.593247+00,,,0.00,0,
c7b9c890-6ebc-4535-8d84-b5927df6b141,LN-1847,2d128352-5e78-46fd-9ab5-e654d9a91b09,0c6925f4-7d92-41a9-b358-1d126fb41279,307.39,12.50,24,14.54,41.59,348.98,3.07,medical,B,paid_off,2024-06-07,2026-06-07,2024-06-07,2026-05-30 13:40:16.990875+00,2026-05-30 13:40:16.990875+00,,,0.00,0,
c7f4ed20-d315-4c8b-a7ac-a48eb5f0cf34,LN-1256,156aa4f0-5a16-4c85-8403-efadd40a8883,89d1c7f8-46de-419f-b2ec-dc69213d45ca,1851.47,12.50,24,87.59,250.65,2102.12,18.51,emergency,A,active,2025-10-30,2027-10-30,2025-10-30,2026-05-30 13:40:16.880606+00,2026-05-30 13:40:16.880606+00,,,0.00,1,2026-06-30
c82e0243-c36d-4ad3-abd0-ed5be27552a0,LN-0952,1487d90c-e0a4-4e72-9b7a-f18b37761976,0c6925f4-7d92-41a9-b358-1d126fb41279,245.38,12.50,24,11.61,33.20,278.58,2.45,travel,A,defaulted,2025-07-30,2027-07-30,2025-07-30,2026-05-30 13:40:16.751319+00,2026-05-30 13:40:16.751319+00,2025-09-30,written_off,217.94,4,
c837b327-8da4-4ec5-9942-91196243b81b,LN-0141,f954b41b-e5cb-4090-a013-23b0c131c5e1,89d1c7f8-46de-419f-b2ec-dc69213d45ca,172.68,12.50,24,8.17,23.38,196.06,1.73,consolidation,B,active,2025-12-30,2027-12-30,2025-12-30,2026-05-30 13:40:16.593247+00,2026-05-30 13:40:16.593247+00,,,0.00,1,2026-06-30
c84036b1-4950-4d1f-89e3-8d7bd437d90f,LN-0629,9afa1703-7318-46b8-b612-446c0570a396,89d1c7f8-46de-419f-b2ec-dc69213d45ca,476.50,12.50,24,22.54,64.52,541.02,4.76,homeImprovement,D,active,2026-01-30,2028-01-30,2026-01-30,2026-05-30 13:40:16.751319+00,2026-05-30 13:40:16.751319+00,,,0.00,0,
c8517e8e-0efc-44f1-90f5-312977dc9a18,LN-0477,d4c2a55b-d111-480d-8aad-b6abd37fceff,89d1c7f8-46de-419f-b2ec-dc69213d45ca,319.80,12.50,24,15.13,43.27,363.07,3.20,event,B,active,2025-01-30,2027-01-30,2025-01-30,2026-05-30 13:40:16.593247+00,2026-05-30 13:40:16.593247+00,,,0.00,1,2026-06-30
c8899f5f-a087-4367-bfce-5b197d7fc41e,LN-1006,59965cb4-21f7-493c-8b17-63027d48d832,0c6925f4-7d92-41a9-b358-1d126fb41279,559.89,12.50,24,26.49,75.81,635.70,5.60,homeImprovement,B,active,2025-05-30,2027-05-30,2025-05-30,2026-05-30 13:40:16.880606+00,2026-05-30 13:40:16.880606+00,,,0.00,0,
c8ba0356-73c9-4520-8f10-01e3661eaa2a,LN-0733,d2111302-84c6-4c8a-b13d-3c4e979483f0,89d1c7f8-46de-419f-b2ec-dc69213d45ca,174.76,12.50,24,8.27,23.68,198.44,1.75,equipment,A,active,2025-04-30,2027-04-30,2025-04-30,2026-05-30 13:40:16.751319+00,2026-05-30 13:40:16.751319+00,,,0.00,0,
c8d59ee9-a7be-4030-9c2e-760d75d14dd4,LN-1131,794a54e2-f092-4ea1-a6dd-1aaaf2587dd6,89d1c7f8-46de-419f-b2ec-dc69213d45ca,291.57,12.50,24,13.79,39.50,331.07,2.92,travel,A,active,2025-03-30,2027-03-30,2025-03-30,2026-05-30 13:40:16.880606+00,2026-05-30 13:40:16.880606+00,,,0.00,0,
c8da7cdb-9002-4dba-8c28-5cd29d4d6bfc,LN-1867,40410c2e-d987-4fb2-8fcf-e432f7789b5e,0c6925f4-7d92-41a9-b358-1d126fb41279,337.33,12.50,24,15.96,45.67,383.00,3.37,equipment,A,paid_off,2024-03-10,2026-03-10,2024-03-10,2026-05-30 13:40:16.990875+00,2026-05-30 13:40:16.990875+00,,,0.00,0,
c8dd3434-1ed5-4b6d-a2e8-babb96e653d5,LN-1466,f5c4f8eb-4881-4bc9-8316-9ef57daa2f68,89d1c7f8-46de-419f-b2ec-dc69213d45ca,484.77,12.50,24,22.93,65.63,550.40,4.85,medical,B,paid_off,2024-05-15,2026-05-15,2024-05-15,2026-05-30 13:40:16.880606+00,2026-05-30 13:40:16.880606+00,,,0.00,0,
c8e340c1-af58-4d3c-a444-f80077e117da,LN-1611,7ebbb6b1-5cfe-487a-a97e-64058c2fafdd,0c6925f4-7d92-41a9-b358-1d126fb41279,198.41,12.50,24,9.39,26.88,225.29,1.98,travel,A,paid_off,2024-01-01,2026-01-01,2024-01-01,2026-05-30 13:40:16.990875+00,2026-05-30 13:40:16.990875+00,,,0.00,0,
c8e50674-4da6-4feb-89af-c54cc1a0f0b9,LN-1710,2237c828-17e2-4587-9a72-f810d51c89bc,89d1c7f8-46de-419f-b2ec-dc69213d45ca,129.59,12.50,24,6.13,17.56,147.15,1.30,consolidation,A,paid_off,2024-11-03,2026-11-03,2024-11-03,2026-05-30 13:40:16.990875+00,2026-05-30 13:40:16.990875+00,,,0.00,0,
c8eb229d-af8f-4e1f-8b23-d6714849a758,LN-0060,766f91ee-7613-4804-9721-001cd56d4d75,0c6925f4-7d92-41a9-b358-1d126fb41279,514.74,12.50,24,24.35,69.68,584.42,5.15,auto,C,active,2025-12-30,2027-12-30,2025-12-30,2026-05-30 13:40:16.593247+00,2026-05-30 13:40:16.593247+00,,,0.00,0,
c9130746-0e16-467c-aa3f-e3d3591eea7d,LN-0704,8369c1a3-ec40-40c5-80b7-43938f60cee9,89d1c7f8-46de-419f-b2ec-dc69213d45ca,502.53,12.50,24,23.77,68.04,570.57,5.03,consolidation,C,active,2025-04-30,2027-04-30,2025-04-30,2026-05-30 13:40:16.751319+00,2026-05-30 13:40:16.751319+00,,,0.00,0,
c917b9d6-82e9-46a5-a1cf-2b1883cb176c,LN-0324,eacbea8c-f789-4257-b0fb-37389e77e030,0c6925f4-7d92-41a9-b358-1d126fb41279,626.95,12.50,24,29.66,84.90,711.85,6.27,homeImprovement,A,active,2026-03-02,2028-03-02,2026-03-02,2026-05-30 13:40:16.593247+00,2026-05-30 13:40:16.593247+00,,,0.00,0,
c93c4c48-9212-4c27-9959-280ef6733eec,LN-0036,188837c7-43ed-497e-9b60-b58230a1c2fd,41340b75-3fa9-4cbd-bee5-5d10bb757dbb,1153.44,12.50,24,54.57,156.14,1309.58,11.53,medical,C,defaulted,2025-03-02,2027-03-02,2025-03-02,2026-05-30 13:40:16.593247+00,2026-05-30 13:40:16.593247+00,2026-03-30,written_off,800.32,4,
c986f767-f484-43c2-a39b-dbf43818963d,LN-1060,430bf25f-fd26-4539-8741-d1af1d5c4d8d,89d1c7f8-46de-419f-b2ec-dc69213d45ca,80.86,12.50,24,3.83,10.94,91.80,0.81,emergency,B,active,2025-12-30,2027-12-30,2025-12-30,2026-05-30 13:40:16.880606+00,2026-05-30 13:40:16.880606+00,,,0.00,0,
c98a792c-c1d4-4b12-b956-e1b359160c65,LN-0301,78f0dbfb-b2ef-483c-b850-4bda16eff374,0c6925f4-7d92-41a9-b358-1d126fb41279,556.71,12.50,24,26.34,75.36,632.07,5.57,emergency,B,active,2025-07-30,2027-07-30,2025-07-30,2026-05-30 13:40:16.593247+00,2026-05-30 13:40:16.593247+00,,,0.00,0,
c9916c90-3eb2-422b-a825-cd684cc17db0,LN-1568,fbb91157-4fc4-4f32-96f1-d5faa04c9b1e,89d1c7f8-46de-419f-b2ec-dc69213d45ca,228.11,12.50,24,10.79,30.89,259.00,2.28,event,D,paid_off,2024-10-02,2026-10-02,2024-10-02,2026-05-30 13:40:16.990875+00,2026-05-30 13:40:16.990875+00,,,0.00,0,
c9e32e08-b6b8-4a25-94b7-d3e5d314020b,LN-0762,01984c64-f19e-4759-bf40-955153055bbb,866a2b0d-da4d-403f-9343-390a810648e5,654.28,12.50,24,30.95,88.59,742.87,6.54,travel,A,active,2025-12-30,2027-12-30,2025-12-30,2026-05-30 13:40:16.751319+00,2026-05-30 13:40:16.751319+00,,,0.00,1,2026-06-30
c9ffb2b6-0511-4df2-a042-9348d97cd35d,LN-1287,b8b17280-8d93-4f7a-aaf8-92ff124d4c13,0c6925f4-7d92-41a9-b358-1d126fb41279,298.19,12.50,24,14.11,40.37,338.56,2.98,consolidation,A,active,2025-10-30,2027-10-30,2025-10-30,2026-05-30 13:40:16.880606+00,2026-05-30 13:40:16.880606+00,,,0.00,0,
ca0c9158-82f3-4ae4-ba39-a825933bf269,LN-1761,ef634a99-d75f-48c7-88d0-236941381f99,0c6925f4-7d92-41a9-b358-1d126fb41279,312.85,12.50,24,14.80,42.36,355.21,3.13,event,C,paid_off,2024-03-10,2026-03-10,2024-03-10,2026-05-30 13:40:16.990875+00,2026-05-30 13:40:16.990875+00,,,0.00,0,
ca60242c-e8d8-42ff-8b06-3d73aa9b128b,LN-0416,765fd2b6-873b-4777-bfed-74138e16cc78,89d1c7f8-46de-419f-b2ec-dc69213d45ca,162.88,12.50,24,7.71,22.04,184.92,1.63,travel,B,active,2025-10-30,2027-10-30,2025-10-30,2026-05-30 13:40:16.593247+00,2026-05-30 13:40:16.593247+00,,,0.00,0,
ca94678a-a894-40df-a604-180b919e2481,LN-1214,27dc54a2-904c-426b-8842-aededd852cb0,89d1c7f8-46de-419f-b2ec-dc69213d45ca,1116.53,12.50,24,52.82,151.14,1267.67,11.17,equipment,B,active,2026-04-30,2028-04-30,2026-04-30,2026-05-30 13:40:16.880606+00,2026-05-30 13:40:16.880606+00,,,0.00,0,
ca9b7b14-2194-4e30-9491-7efada96e939,LN-1380,c703f2ad-2640-4f33-ad8b-d69cb32f9210,89d1c7f8-46de-419f-b2ec-dc69213d45ca,150.24,12.50,24,7.11,20.37,170.61,1.50,consolidation,A,paid_off,2024-07-08,2026-07-08,2024-07-08,2026-05-30 13:40:16.880606+00,2026-05-30 13:40:16.880606+00,,,0.00,0,
cab41622-71bb-435e-99ed-2053887426bf,LN-0002,9a909292-3be6-42ab-b854-192d91039982,0c6925f4-7d92-41a9-b358-1d126fb41279,987.53,12.50,24,46.72,133.71,1121.24,9.88,travel,C,active,2026-01-30,2028-01-30,2026-01-30,2026-05-30 13:40:16.593247+00,2026-05-30 13:40:16.593247+00,,,0.00,0,
cae82deb-edaa-4a02-be00-7aebf56b4f82,LN-1604,55a56afc-c2e6-4368-ad3a-e91da534ef02,41340b75-3fa9-4cbd-bee5-5d10bb757dbb,651.07,12.50,24,30.80,88.13,739.20,6.51,event,C,paid_off,2024-03-17,2026-03-17,2024-03-17,2026-05-30 13:40:16.990875+00,2026-05-30 13:40:16.990875+00,,,0.00,0,
cb009332-2ad0-4ff9-af06-448e49f99979,LN-0327,36922314-5dcd-4ff4-9009-ee011632b298,89d1c7f8-46de-419f-b2ec-dc69213d45ca,444.17,12.50,24,21.01,60.14,504.31,4.44,emergency,B,active,2025-12-30,2027-12-30,2025-12-30,2026-05-30 13:40:16.593247+00,2026-05-30 13:40:16.593247+00,,,0.00,0,
cb092ad1-ed9c-4fae-8913-bb59bb3a8cad,LN-0891,d591a2e0-e7ab-4b18-a039-9af8ad1cbc13,89d1c7f8-46de-419f-b2ec-dc69213d45ca,293.10,12.50,24,13.87,39.66,332.76,2.93,emergency,C,active,2025-03-30,2027-03-30,2025-03-30,2026-05-30 13:40:16.751319+00,2026-05-30 13:40:16.751319+00,,,0.00,1,2026-06-30
cb35edb2-58c3-448d-b8fb-5c1594fa2169,LN-1822,0524d576-dfe3-4935-8696-9996bac82f52,0c6925f4-7d92-41a9-b358-1d126fb41279,237.56,12.50,24,11.24,32.17,269.73,2.38,travel,B,paid_off,2024-08-14,2026-08-14,2024-08-14,2026-05-30 13:40:16.990875+00,2026-05-30 13:40:16.990875+00,,,0.00,0,
cb3c1d04-d6db-474b-894b-57c6ab02f95f,LN-1093,586073be-2e4d-4cda-8e91-27cc3366b4b3,0c6925f4-7d92-41a9-b358-1d126fb41279,493.01,12.50,24,23.32,66.77,559.78,4.93,medical,A,active,2025-03-30,2027-03-30,2025-03-30,2026-05-30 13:40:16.880606+00,2026-05-30 13:40:16.880606+00,,,0.00,0,
cb9166e0-570a-4790-b923-c32f2f53d02a,LN-0666,fbf7d2ee-3d2c-4d11-9aab-c486cb8a43ed,0c6925f4-7d92-41a9-b358-1d126fb41279,178.32,12.50,24,8.44,24.15,202.47,1.78,consolidation,A,active,2026-01-30,2028-01-30,2026-01-30,2026-05-30 13:40:16.751319+00,2026-05-30 13:40:16.751319+00,,,0.00,1,2026-06-30
cb9856a6-76ec-49a8-95d2-7cbc7ad98c0c,LN-1179,a17e4af3-0d83-4e2d-9487-514ba7f20db1,89d1c7f8-46de-419f-b2ec-dc69213d45ca,186.97,12.50,24,8.85,25.29,212.26,1.87,event,C,active,2025-08-30,2027-08-30,2025-08-30,2026-05-30 13:40:16.880606+00,2026-05-30 13:40:16.880606+00,,,0.00,0,
cbab20e8-8a77-4dd4-b512-038665b09fa9,LN-1408,ad2c1105-9e31-413e-a789-a618005a8304,0c6925f4-7d92-41a9-b358-1d126fb41279,747.79,12.50,24,35.38,101.20,848.99,7.48,event,A,paid_off,2024-06-16,2026-06-16,2024-06-16,2026-05-30 13:40:16.880606+00,2026-05-30 13:40:16.880606+00,,,0.00,0,
cbd16284-7ec6-4f90-abe8-717098d0d938,LN-1693,4de274a0-f5d2-4b6f-972a-2c58fa58d905,41340b75-3fa9-4cbd-bee5-5d10bb757dbb,501.78,12.50,24,23.74,67.93,569.71,5.02,travel,A,paid_off,2024-07-18,2026-07-18,2024-07-18,2026-05-30 13:40:16.990875+00,2026-05-30 13:40:16.990875+00,,,0.00,0,
cbd3d316-864c-4fa3-8ea8-23a34e69d184,LN-1810,b7a315e0-240a-4ad4-ab74-6638b188e96b,89d1c7f8-46de-419f-b2ec-dc69213d45ca,325.16,12.50,24,15.38,44.04,369.20,3.25,homeImprovement,C,paid_off,2024-03-12,2026-03-12,2024-03-12,2026-05-30 13:40:16.990875+00,2026-05-30 13:40:16.990875+00,,,0.00,0,
cbdaae98-ef1f-403b-8df2-a99f7bdeee37,LN-1680,68d21bbf-590b-4db9-b667-ee2a73e40cdd,41340b75-3fa9-4cbd-bee5-5d10bb757dbb,531.82,12.50,24,25.16,72.00,603.82,5.32,consolidation,C,paid_off,2024-08-17,2026-08-17,2024-08-17,2026-05-30 13:40:16.990875+00,2026-05-30 13:40:16.990875+00,,,0.00,0,
cc0d9a92-bd90-4805-b5c0-44637d55d015,LN-1255,a265bc8b-7906-44ef-9e17-0b078e28bd7f,89d1c7f8-46de-419f-b2ec-dc69213d45ca,142.79,12.50,24,6.76,19.32,162.11,1.43,travel,A,active,2025-04-30,2027-04-30,2025-04-30,2026-05-30 13:40:16.880606+00,2026-05-30 13:40:16.880606+00,,,0.00,0,
cc276f2b-4ddb-4378-b2a1-e865424420bd,LN-1494,6ff5924d-401d-4ede-861a-8933aa90e7b2,0c6925f4-7d92-41a9-b358-1d126fb41279,111.31,12.50,24,5.27,15.08,126.39,1.11,medical,A,paid_off,2024-05-10,2026-05-10,2024-05-10,2026-05-30 13:40:16.880606+00,2026-05-30 13:40:16.880606+00,,,0.00,0,
cc340e73-c172-488e-b77f-b4cded85a9d1,LN-0422,bc3ff81f-42d0-4248-94f1-143ea5f6ce7b,89d1c7f8-46de-419f-b2ec-dc69213d45ca,375.39,12.50,24,17.76,50.80,426.19,3.75,emergency,B,active,2025-07-30,2027-07-30,2025-07-30,2026-05-30 13:40:16.593247+00,2026-05-30 13:40:16.593247+00,,,0.00,0,
cc46912c-2fad-4d85-b29e-25d6207aa62f,LN-1159,72b0fdeb-2218-4423-8462-0a78db8a53ba,0c6925f4-7d92-41a9-b358-1d126fb41279,1702.30,12.50,24,80.53,230.46,1932.76,17.02,emergency,C,active,2025-09-30,2027-09-30,2025-09-30,2026-05-30 13:40:16.880606+00,2026-05-30 13:40:16.880606+00,,,0.00,0,
cc6a5217-dff1-4313-8a05-835cb3befefa,LN-1342,5121b437-3862-4264-9c9a-09b11ae30717,89d1c7f8-46de-419f-b2ec-dc69213d45ca,217.26,12.50,24,10.28,29.43,246.69,2.17,consolidation,C,active,2025-05-30,2027-05-30,2025-05-30,2026-05-30 13:40:16.880606+00,2026-05-30 13:40:16.880606+00,,,0.00,0,
cca64e35-ab0f-405c-a747-7bdf4a4184c8,LN-0376,7c8f0bd6-031b-4935-b6cb-268ac3b967fd,89d1c7f8-46de-419f-b2ec-dc69213d45ca,479.86,12.50,24,22.70,64.98,544.84,4.80,travel,B,active,2025-08-30,2027-08-30,2025-08-30,2026-05-30 13:40:16.593247+00,2026-05-30 13:40:16.593247+00,,,0.00,0,
ccd7cc7c-e75c-4242-8026-c25f7096d880,LN-0165,9f8d42c7-d680-45e9-af82-e3da8137d9d8,0c6925f4-7d92-41a9-b358-1d126fb41279,626.04,12.50,24,29.62,84.71,710.75,6.26,equipment,B,active,2025-11-30,2027-11-30,2025-11-30,2026-05-30 13:40:16.593247+00,2026-05-30 13:40:16.593247+00,,,0.00,0,
ccf336ef-7af3-493a-a575-43c1a3d82263,LN-0795,ed78ec61-b6f0-4d49-9ce2-0062da1757a4,0c6925f4-7d92-41a9-b358-1d126fb41279,1746.12,12.50,24,82.60,236.38,1982.50,17.46,auto,C,defaulted,2025-03-02,2027-03-02,2025-03-02,2026-05-30 13:40:16.751319+00,2026-05-30 13:40:16.751319+00,2026-01-30,written_off,1211.64,4,
cd05edf7-c6f9-476b-a8f0-acc8c066a133,LN-0725,f14a9f58-2b40-4e8b-9f64-ed9291bb7c7d,0c6925f4-7d92-41a9-b358-1d126fb41279,358.90,12.50,24,16.98,48.57,407.47,3.59,medical,A,active,2026-03-02,2028-03-02,2026-03-02,2026-05-30 13:40:16.751319+00,2026-05-30 13:40:16.751319+00,,,0.00,0,
cd369433-76cd-4ee8-8750-c5c214bdfe03,LN-0343,a842568b-9e74-4a29-83e3-ca61e8cfb9e3,41340b75-3fa9-4cbd-bee5-5d10bb757dbb,749.01,12.50,24,35.43,101.41,850.42,7.49,event,B,active,2026-03-30,2028-03-30,2026-03-30,2026-05-30 13:40:16.593247+00,2026-05-30 13:40:16.593247+00,,,0.00,0,
cd472cbc-f54c-4f8d-93df-9d6f94187ae0,LN-0237,4ee6deff-6308-42bb-a8be-8ef0d598fe7a,0c6925f4-7d92-41a9-b358-1d126fb41279,237.32,12.50,24,11.23,32.14,269.46,2.37,travel,A,active,2025-06-30,2027-06-30,2025-06-30,2026-05-30 13:40:16.593247+00,2026-05-30 13:40:16.593247+00,,,0.00,3,2026-06-30
cd9bb78d-965c-44cb-8652-9fabe454503c,LN-1628,9e8e8416-b366-4025-8b19-742500bd97e7,89d1c7f8-46de-419f-b2ec-dc69213d45ca,301.81,12.50,24,14.28,40.87,342.68,3.02,emergency,A,paid_off,2024-09-16,2026-09-16,2024-09-16,2026-05-30 13:40:16.990875+00,2026-05-30 13:40:16.990875+00,,,0.00,0,
cdc1b62e-7c45-48c1-aec4-e34e4e573390,LN-0919,972f4f07-bf1f-4d82-9b93-7aed0e13f0da,89d1c7f8-46de-419f-b2ec-dc69213d45ca,400.28,12.50,24,18.94,54.18,454.46,4.00,consolidation,D,active,2026-01-30,2028-01-30,2026-01-30,2026-05-30 13:40:16.751319+00,2026-05-30 13:40:16.751319+00,,,0.00,0,
cdd7feee-b9f8-4968-bcb9-e7fee50ed022,LN-0602,4d76041f-8c32-4a96-b1ed-d1a07366b800,89d1c7f8-46de-419f-b2ec-dc69213d45ca,428.90,12.50,24,20.29,58.07,486.97,4.29,medical,A,active,2026-03-30,2028-03-30,2026-03-30,2026-05-30 13:40:16.751319+00,2026-05-30 13:40:16.751319+00,,,0.00,0,
cddeb3bd-41de-4046-9eb2-6a21a91019e2,LN-1654,15759b8e-1b96-415a-b28b-ad0b9baedcc6,0c6925f4-7d92-41a9-b358-1d126fb41279,361.35,12.50,24,17.09,48.93,410.28,3.61,emergency,D,paid_off,2024-09-24,2026-09-24,2024-09-24,2026-05-30 13:40:16.990875+00,2026-05-30 13:40:16.990875+00,,,0.00,0,
ce44ffba-cde4-4d3f-859d-660299c03604,LN-1678,f077a645-db0f-4e5c-a29e-ccafe8ec8111,89d1c7f8-46de-419f-b2ec-dc69213d45ca,469.81,12.50,24,22.23,63.58,533.39,4.70,medical,A,paid_off,2024-08-26,2026-08-26,2024-08-26,2026-05-30 13:40:16.990875+00,2026-05-30 13:40:16.990875+00,,,0.00,0,
cec39630-db49-4a2f-b914-8b59efdb6196,LN-1306,f7bff10a-4664-4d99-a5e6-85717df27820,0c6925f4-7d92-41a9-b358-1d126fb41279,418.02,12.50,24,19.78,56.54,474.56,4.18,travel,C,active,2025-04-30,2027-04-30,2025-04-30,2026-05-30 13:40:16.880606+00,2026-05-30 13:40:16.880606+00,,,0.00,1,2026-06-30
cedc884d-a7b8-494f-b5dc-c315f1aa047e,LN-0884,e75b292c-c8e5-430a-a778-b2ef1d738edc,89d1c7f8-46de-419f-b2ec-dc69213d45ca,186.61,12.50,24,8.83,25.26,211.87,1.87,emergency,C,active,2025-05-30,2027-05-30,2025-05-30,2026-05-30 13:40:16.751319+00,2026-05-30 13:40:16.751319+00,,,0.00,1,2026-06-30
ceebb64f-3cb6-415c-b04c-237069d37e4f,LN-1398,a06487ba-c4ee-4fa8-8ff8-fa009192f5a6,89d1c7f8-46de-419f-b2ec-dc69213d45ca,145.51,12.50,24,6.88,19.71,165.22,1.46,emergency,B,paid_off,2024-11-08,2026-11-08,2024-11-08,2026-05-30 13:40:16.880606+00,2026-05-30 13:40:16.880606+00,,,0.00,0,
cf0e67c5-8233-4c33-ab39-73d80862c4ea,LN-0162,a23269e8-c797-4c22-8f8c-a63f281683ab,89d1c7f8-46de-419f-b2ec-dc69213d45ca,70.94,12.50,24,3.36,9.58,80.52,0.71,auto,C,active,2025-07-30,2027-07-30,2025-07-30,2026-05-30 13:40:16.593247+00,2026-05-30 13:40:16.593247+00,,,0.00,1,2026-06-30
cf27d56d-04b3-4b80-acd7-2b83034f99b9,LN-0824,93723b04-8649-4812-a5ae-6e8906a6df35,89d1c7f8-46de-419f-b2ec-dc69213d45ca,285.74,12.50,24,13.52,38.70,324.44,2.86,medical,D,active,2025-06-30,2027-06-30,2025-06-30,2026-05-30 13:40:16.751319+00,2026-05-30 13:40:16.751319+00,,,0.00,0,
cf292e71-219a-42aa-90df-a5b8511ec385,LN-1085,c1104c07-f533-4eff-8270-319b87c58926,0c6925f4-7d92-41a9-b358-1d126fb41279,238.10,12.50,24,11.26,32.25,270.35,2.38,medical,C,active,2025-10-30,2027-10-30,2025-10-30,2026-05-30 13:40:16.880606+00,2026-05-30 13:40:16.880606+00,,,0.00,0,
cf387246-ebd3-49d9-84c3-9cff3e73d876,LN-1969,99e7ab6f-6a41-48cf-8fe2-a5c3fd7402b8,89d1c7f8-46de-419f-b2ec-dc69213d45ca,61.55,12.50,24,2.91,8.35,69.90,0.62,travel,B,paid_off,2024-04-21,2026-04-21,2024-04-21,2026-05-30 13:40:16.990875+00,2026-05-30 13:40:16.990875+00,,,0.00,0,
cf495c10-1ffb-4577-a572-0cdea86e2641,LN-1501,54695265-601a-4999-876c-7739e17c763d,0c6925f4-7d92-41a9-b358-1d126fb41279,318.53,12.50,24,15.07,43.09,361.62,3.19,homeImprovement,A,paid_off,2024-12-19,2026-12-19,2024-12-19,2026-05-30 13:40:16.990875+00,2026-05-30 13:40:16.990875+00,,,0.00,0,
cf4a04ff-42a8-4e5a-abac-8cd780a73752,LN-0082,3bb6f016-adfb-4c34-9560-0fdade96bc2f,89d1c7f8-46de-419f-b2ec-dc69213d45ca,611.16,12.50,24,28.91,82.72,693.88,6.11,auto,A,active,2025-08-30,2027-08-30,2025-08-30,2026-05-30 13:40:16.593247+00,2026-05-30 13:40:16.593247+00,,,0.00,0,
cf6c15d8-4522-432b-b6a9-d88c2512dc58,LN-0536,6247b486-cb41-4d61-bc1d-ac4e93d1d55d,89d1c7f8-46de-419f-b2ec-dc69213d45ca,454.55,12.50,24,21.50,61.55,516.10,4.55,consolidation,D,active,2026-03-30,2028-03-30,2026-03-30,2026-05-30 13:40:16.751319+00,2026-05-30 13:40:16.751319+00,,,0.00,0,
cf8321f8-5927-4496-8013-abfd5d93a055,LN-1341,a74eee7a-3091-499e-af27-d5fc72c89e4b,0c6925f4-7d92-41a9-b358-1d126fb41279,194.39,12.50,24,9.20,26.25,220.64,1.94,travel,A,active,2025-08-30,2027-08-30,2025-08-30,2026-05-30 13:40:16.880606+00,2026-05-30 13:40:16.880606+00,,,0.00,0,
cf8be851-d27b-43a4-a0e4-0a2add784c31,LN-0920,ed49f3ca-1f49-47ea-861e-6ace879cb675,866a2b0d-da4d-403f-9343-390a810648e5,811.14,12.50,24,38.37,109.82,920.96,8.11,equipment,B,active,2025-11-30,2027-11-30,2025-11-30,2026-05-30 13:40:16.751319+00,2026-05-30 13:40:16.751319+00,,,0.00,0,
cfc40a4d-32a2-485e-b9d3-20aaf7896e5d,LN-0789,82791ace-0fd6-486c-8c3b-ea3ab5fa6b30,89d1c7f8-46de-419f-b2ec-dc69213d45ca,154.46,12.50,24,7.31,20.91,175.37,1.54,medical,C,active,2025-04-30,2027-04-30,2025-04-30,2026-05-30 13:40:16.751319+00,2026-05-30 13:40:16.751319+00,,,0.00,0,
cfd553fd-7a24-4ab1-9ea5-1976b6ea5436,LN-1014,a3684571-e324-4a8a-95df-9ffca88d2768,0c6925f4-7d92-41a9-b358-1d126fb41279,514.10,12.50,24,24.32,69.62,583.72,5.14,travel,C,active,2025-10-30,2027-10-30,2025-10-30,2026-05-30 13:40:16.880606+00,2026-05-30 13:40:16.880606+00,,,0.00,0,
cfec4a1b-b57f-4467-869f-af8e27b6828e,LN-1325,e36c172d-f916-464a-b8c7-39b5ce5f90c5,0c6925f4-7d92-41a9-b358-1d126fb41279,748.29,12.50,24,35.40,101.30,849.59,7.48,travel,C,active,2025-07-30,2027-07-30,2025-07-30,2026-05-30 13:40:16.880606+00,2026-05-30 13:40:16.880606+00,,,0.00,0,
d067f37d-3797-42a2-b623-7fa518aa3276,LN-0888,666dc0fb-a3a4-4282-aa61-e9d7c14627b7,89d1c7f8-46de-419f-b2ec-dc69213d45ca,663.10,12.50,24,31.37,89.77,752.87,6.63,medical,B,active,2026-01-30,2028-01-30,2026-01-30,2026-05-30 13:40:16.751319+00,2026-05-30 13:40:16.751319+00,,,0.00,0,
d0713dff-d52d-4385-bac3-b4fcae2cf311,LN-0880,5220b632-3006-4cf0-853b-e6fe03972703,0c6925f4-7d92-41a9-b358-1d126fb41279,1325.35,12.50,24,62.70,179.45,1504.80,13.25,homeImprovement,A,defaulted,2025-09-30,2027-09-30,2025-09-30,2026-05-30 13:40:16.751319+00,2026-05-30 13:40:16.751319+00,2026-03-02,written_off,1276.46,4,
d08834d2-adb7-4de1-9e15-22ccc78c15ab,LN-0117,c9b3af08-5a04-43da-a239-6799a0e9d92c,89d1c7f8-46de-419f-b2ec-dc69213d45ca,611.42,12.50,24,28.92,82.78,694.20,6.11,medical,C,active,2025-07-30,2027-07-30,2025-07-30,2026-05-30 13:40:16.593247+00,2026-05-30 13:40:16.593247+00,,,0.00,0,
d0e19a55-5d8b-44b5-8840-3a06e5d29f91,LN-1163,f6bfb1f1-f0f5-40b6-83b1-c13266b7ef7f,0c6925f4-7d92-41a9-b358-1d126fb41279,347.20,12.50,24,16.43,47.00,394.20,3.47,travel,A,active,2026-03-30,2028-03-30,2026-03-30,2026-05-30 13:40:16.880606+00,2026-05-30 13:40:16.880606+00,,,0.00,0,
d11e3e6f-6c6f-4245-acaa-ca673d504feb,LN-1819,bb58fd62-eae7-4989-adff-f0c7903442de,866a2b0d-da4d-403f-9343-390a810648e5,513.90,12.50,24,24.31,69.57,583.47,5.14,event,B,paid_off,2024-07-16,2026-07-16,2024-07-16,2026-05-30 13:40:16.990875+00,2026-05-30 13:40:16.990875+00,,,0.00,0,
d1338f4a-eb78-478a-b661-46322e8df636,LN-0774,7bbaba42-3eb7-406e-abdb-4ca1bb7b0375,89d1c7f8-46de-419f-b2ec-dc69213d45ca,705.93,12.50,24,33.40,95.55,801.48,7.06,medical,B,active,2025-06-30,2027-06-30,2025-06-30,2026-05-30 13:40:16.751319+00,2026-05-30 13:40:16.751319+00,,,0.00,0,
d138ade0-c26a-47d1-b6e9-3d9b3539cd31,LN-0459,d2b02c1e-454b-4a5d-9ed2-1b7d3990c56f,0c6925f4-7d92-41a9-b358-1d126fb41279,395.26,12.50,24,18.70,53.52,448.78,3.95,travel,B,active,2025-07-30,2027-07-30,2025-07-30,2026-05-30 13:40:16.593247+00,2026-05-30 13:40:16.593247+00,,,0.00,0,
d1709808-831d-496e-8462-d535d35d4751,LN-0918,eb82eb74-21b2-479d-847a-51cdc249d360,0c6925f4-7d92-41a9-b358-1d126fb41279,595.40,12.50,24,28.17,80.56,675.96,5.95,travel,A,active,2025-10-30,2027-10-30,2025-10-30,2026-05-30 13:40:16.751319+00,2026-05-30 13:40:16.751319+00,,,0.00,0,
d19e312f-8662-4f40-98cd-4106b26ea93e,LN-0206,4bfdae8b-7cff-44d8-8fad-04788391a109,89d1c7f8-46de-419f-b2ec-dc69213d45ca,1206.02,12.50,24,57.05,163.29,1369.31,12.06,travel,A,active,2025-11-30,2027-11-30,2025-11-30,2026-05-30 13:40:16.593247+00,2026-05-30 13:40:16.593247+00,,,0.00,0,
d1b74fbb-3011-4831-a97a-7d63a7536438,LN-1355,ee758f1b-e53f-48fc-81f3-243913dfad2c,89d1c7f8-46de-419f-b2ec-dc69213d45ca,1347.34,12.50,24,63.74,182.41,1529.75,13.47,emergency,A,defaulted,2025-10-30,2027-10-30,2025-10-30,2026-05-30 13:40:16.880606+00,2026-05-30 13:40:16.880606+00,2025-10-30,written_off,1347.34,4,
d1c40eb2-bc13-4468-894d-a1dd0a3455f1,LN-0649,0c039208-6245-4b0a-a25d-7f9c3c18e8ad,89d1c7f8-46de-419f-b2ec-dc69213d45ca,796.74,12.50,24,37.69,107.86,904.60,7.97,emergency,A,active,2025-01-30,2027-01-30,2025-01-30,2026-05-30 13:40:16.751319+00,2026-05-30 13:40:16.751319+00,,,0.00,1,2026-06-30
d1d0a8a7-62a9-4909-a57a-6ceb92247251,LN-0172,e7da8de8-e2c4-401b-b4db-22cb3b0306ee,89d1c7f8-46de-419f-b2ec-dc69213d45ca,1569.93,12.50,24,74.27,212.52,1782.45,15.70,travel,D,defaulted,2025-05-30,2027-05-30,2025-05-30,2026-05-30 13:40:16.593247+00,2026-05-30 13:40:16.593247+00,2025-07-30,written_off,1274.24,4,
d1ea4803-6780-4433-925c-df448c05ac40,LN-0031,3b4745d1-174f-4f9b-9665-1791af23f6dd,89d1c7f8-46de-419f-b2ec-dc69213d45ca,276.19,12.50,24,13.07,37.40,313.59,2.76,equipment,C,active,2025-08-30,2027-08-30,2025-08-30,2026-05-30 13:40:16.593247+00,2026-05-30 13:40:16.593247+00,,,0.00,0,
d20df6d3-65d9-49ea-8a60-5831ca74e446,LN-0380,0f770bce-d7ec-4135-b167-b1d1262bf0dd,89d1c7f8-46de-419f-b2ec-dc69213d45ca,174.07,12.50,24,8.23,23.59,197.66,1.74,travel,A,active,2025-11-30,2027-11-30,2025-11-30,2026-05-30 13:40:16.593247+00,2026-05-30 13:40:16.593247+00,,,0.00,0,
d22bfaf1-40ee-41a7-982c-9ca7dbdeca47,LN-0837,72eb50f2-ce98-46b4-8888-3fd0fe624ad0,89d1c7f8-46de-419f-b2ec-dc69213d45ca,146.04,12.50,24,6.91,19.77,165.81,1.46,emergency,D,active,2025-06-30,2027-06-30,2025-06-30,2026-05-30 13:40:16.751319+00,2026-05-30 13:40:16.751319+00,,,0.00,0,
d22c9212-632c-40c5-af82-e310482c37ef,LN-0710,a43c6b4b-8357-4037-9438-baed12ccd634,89d1c7f8-46de-419f-b2ec-dc69213d45ca,296.15,12.50,24,14.01,40.08,336.23,2.96,equipment,C,active,2026-01-30,2028-01-30,2026-01-30,2026-05-30 13:40:16.751319+00,2026-05-30 13:40:16.751319+00,,,0.00,0,
d23bce8d-b008-4fad-814c-2ab73a08dff0,LN-1118,b0f4cac8-5c05-4fa9-abef-c0b7989be964,0c6925f4-7d92-41a9-b358-1d126fb41279,125.26,12.50,24,5.93,16.96,142.22,1.25,auto,C,active,2026-03-30,2028-03-30,2026-03-30,2026-05-30 13:40:16.880606+00,2026-05-30 13:40:16.880606+00,,,0.00,0,
d24ddba6-0f7f-4d47-b161-f6bc4883d860,LN-1513,b585c1cf-f428-4344-93d2-8db2251abef1,0c6925f4-7d92-41a9-b358-1d126fb41279,292.00,12.50,24,13.81,39.54,331.54,2.92,homeImprovement,A,paid_off,2024-03-14,2026-03-14,2024-03-14,2026-05-30 13:40:16.990875+00,2026-05-30 13:40:16.990875+00,,,0.00,0,
d26727a4-6eff-4d7b-bd7b-c8a12e1ada9a,LN-0088,c5793630-2d2f-4274-9dbe-8f7e14d13342,89d1c7f8-46de-419f-b2ec-dc69213d45ca,527.02,12.50,24,24.93,71.36,598.38,5.27,consolidation,D,active,2025-12-30,2027-12-30,2025-12-30,2026-05-30 13:40:16.593247+00,2026-05-30 13:40:16.593247+00,,,0.00,2,2026-06-30
d2b3ba78-e0e3-41ae-a591-8ea82a656a98,LN-0164,7ebbb6b1-5cfe-487a-a97e-64058c2fafdd,0c6925f4-7d92-41a9-b358-1d126fb41279,586.41,12.50,24,27.74,79.40,665.81,5.86,medical,A,active,2025-05-30,2027-05-30,2025-05-30,2026-05-30 13:40:16.593247+00,2026-05-30 13:40:16.593247+00,,,0.00,0,
d2e2c48a-56cc-472f-901a-dd7c61c78750,LN-0281,421bfe08-0901-4026-a6a0-4c2ee96162d1,89d1c7f8-46de-419f-b2ec-dc69213d45ca,397.79,12.50,24,18.82,53.85,451.64,3.98,emergency,D,active,2025-11-30,2027-11-30,2025-11-30,2026-05-30 13:40:16.593247+00,2026-05-30 13:40:16.593247+00,,,0.00,1,2026-06-30
d2f177fb-6c6b-4da7-b52a-d8bfd2aaec91,LN-1251,dbbdea75-3b8e-4eff-8e08-c71cd659b709,0c6925f4-7d92-41a9-b358-1d126fb41279,73.89,12.50,24,3.50,9.96,83.85,0.74,equipment,B,active,2025-09-30,2027-09-30,2025-09-30,2026-05-30 13:40:16.880606+00,2026-05-30 13:40:16.880606+00,,,0.00,0,
d2fa87e0-dc86-4c9b-b5ba-1720dd83fd2d,LN-0685,3b53a52c-8e0c-418a-b138-f5c56bc63d6f,0c6925f4-7d92-41a9-b358-1d126fb41279,91.41,12.50,24,4.32,12.41,103.82,0.91,homeImprovement,C,active,2026-04-30,2028-04-30,2026-04-30,2026-05-30 13:40:16.751319+00,2026-05-30 13:40:16.751319+00,,,0.00,0,
d302c376-858b-494d-af78-02c763d6f7cf,LN-1025,df206c91-d360-49fc-a4bf-152197541c9a,89d1c7f8-46de-419f-b2ec-dc69213d45ca,355.74,12.50,24,16.83,48.14,403.88,3.56,medical,A,active,2025-03-30,2027-03-30,2025-03-30,2026-05-30 13:40:16.880606+00,2026-05-30 13:40:16.880606+00,,,0.00,1,2026-06-30
d310fcca-9f58-4257-a3d0-1259ec2994fa,LN-1374,9f296731-4fb9-4204-9101-df0a90ef4df0,0c6925f4-7d92-41a9-b358-1d126fb41279,626.23,12.50,24,29.63,84.74,710.97,6.26,medical,B,paid_off,2024-06-28,2026-06-28,2024-06-28,2026-05-30 13:40:16.880606+00,2026-05-30 13:40:16.880606+00,,,0.00,0,
d332da2d-ad8a-4384-8011-482c929ed0b4,LN-1641,7d0f5d11-e6a3-434e-a4ec-d1dc9d2dd324,0c6925f4-7d92-41a9-b358-1d126fb41279,345.30,12.50,24,16.34,46.73,392.03,3.45,event,A,paid_off,2024-09-21,2026-09-21,2024-09-21,2026-05-30 13:40:16.990875+00,2026-05-30 13:40:16.990875+00,,,0.00,0,
d33437e9-31f7-430a-9aa5-f908ec8a8b39,LN-0693,4df5903c-715e-4c05-aa67-cbc97485ab26,41340b75-3fa9-4cbd-bee5-5d10bb757dbb,1038.58,12.50,24,49.13,140.63,1179.21,10.39,travel,A,active,2025-08-30,2027-08-30,2025-08-30,2026-05-30 13:40:16.751319+00,2026-05-30 13:40:16.751319+00,,,0.00,0,
d35e986d-1164-4db4-92ad-9779e3cdfb1b,LN-1296,c2f61789-c7ba-4cf1-8911-9c14815ab5d0,41340b75-3fa9-4cbd-bee5-5d10bb757dbb,1257.62,12.50,24,59.49,170.28,1427.90,12.58,auto,A,active,2025-11-30,2027-11-30,2025-11-30,2026-05-30 13:40:16.880606+00,2026-05-30 13:40:16.880606+00,,,0.00,1,2026-06-30
d365cf77-f8e1-47fe-b3c8-af87d8356bca,LN-0825,9e8e8416-b366-4025-8b19-742500bd97e7,41340b75-3fa9-4cbd-bee5-5d10bb757dbb,838.93,12.50,24,39.69,113.55,952.48,8.39,emergency,A,active,2025-06-30,2027-06-30,2025-06-30,2026-05-30 13:40:16.751319+00,2026-05-30 13:40:16.751319+00,,,0.00,0,
d36779ac-5226-4d7f-86d3-a38ff8a4dc71,LN-0222,cb59d636-5627-4ae6-91e0-07276b3ae329,89d1c7f8-46de-419f-b2ec-dc69213d45ca,344.89,12.50,24,16.32,46.69,391.58,3.45,event,A,active,2025-11-30,2027-11-30,2025-11-30,2026-05-30 13:40:16.593247+00,2026-05-30 13:40:16.593247+00,,,0.00,1,2026-06-30
d38aa411-ef4a-4018-9b3c-fbabd1774fc5,LN-1420,d96fe4c8-a774-4a2f-8722-7f879c7ab2e9,0c6925f4-7d92-41a9-b358-1d126fb41279,83.09,12.50,24,3.93,11.27,94.36,0.83,homeImprovement,A,paid_off,2024-05-21,2026-05-21,2024-05-21,2026-05-30 13:40:16.880606+00,2026-05-30 13:40:16.880606+00,,,0.00,0,
d3933ed6-fd2a-45f7-8744-05b91725eea4,LN-0870,170cf2de-9920-4035-918b-0cc409453ba1,89d1c7f8-46de-419f-b2ec-dc69213d45ca,403.11,12.50,24,19.07,54.57,457.68,4.03,homeImprovement,A,active,2025-09-30,2027-09-30,2025-09-30,2026-05-30 13:40:16.751319+00,2026-05-30 13:40:16.751319+00,,,0.00,0,
d3c62a94-27e9-4294-813b-43a545cc1698,LN-1950,baad0cb1-4a0e-4bab-ba6c-bbb323ce23d1,0c6925f4-7d92-41a9-b358-1d126fb41279,485.14,12.50,24,22.95,65.68,550.82,4.85,medical,C,paid_off,2024-12-14,2026-12-14,2024-12-14,2026-05-30 13:40:16.990875+00,2026-05-30 13:40:16.990875+00,,,0.00,0,
d3e1e4ac-7c51-43eb-8f86-7af597a49091,LN-0775,ef675527-5b61-47ea-a274-d3340b535346,0c6925f4-7d92-41a9-b358-1d126fb41279,176.89,12.50,24,8.37,23.94,200.83,1.77,emergency,D,active,2026-01-30,2028-01-30,2026-01-30,2026-05-30 13:40:16.751319+00,2026-05-30 13:40:16.751319+00,,,0.00,0,
d4227740-6da6-4f88-b46c-3c8f21d1b836,LN-0638,d0a92665-dfef-4014-a583-cdfb884f8c85,41340b75-3fa9-4cbd-bee5-5d10bb757dbb,1679.91,12.50,24,79.47,227.40,1907.31,16.80,auto,A,active,2025-06-30,2027-06-30,2025-06-30,2026-05-30 13:40:16.751319+00,2026-05-30 13:40:16.751319+00,,,0.00,0,
d42a3cc9-a3f2-42b0-b8a9-26568fbbe886,LN-1932,a59aead8-5924-4d49-9d5e-e38fbdfe0d9b,89d1c7f8-46de-419f-b2ec-dc69213d45ca,743.95,12.50,24,35.19,100.71,844.66,7.44,medical,D,paid_off,2024-10-18,2026-10-18,2024-10-18,2026-05-30 13:40:16.990875+00,2026-05-30 13:40:16.990875+00,,,0.00,0,
d43792ca-5e86-4ee4-a2ab-4edc5f89e634,LN-1011,c703f2ad-2640-4f33-ad8b-d69cb32f9210,89d1c7f8-46de-419f-b2ec-dc69213d45ca,1838.62,12.50,24,86.98,248.90,2087.52,18.39,consolidation,A,active,2025-04-30,2027-04-30,2025-04-30,2026-05-30 13:40:16.880606+00,2026-05-30 13:40:16.880606+00,,,0.00,0,
d43be627-485d-4a83-af25-8eae2c7e7179,LN-0070,e3935d89-297a-4c91-a1a7-06ad8610335b,0c6925f4-7d92-41a9-b358-1d126fb41279,106.13,12.50,24,5.02,14.34,120.47,1.06,emergency,B,active,2025-10-30,2027-10-30,2025-10-30,2026-05-30 13:40:16.593247+00,2026-05-30 13:40:16.593247+00,,,0.00,0,
d44fb6c0-61de-4af0-937c-222ecc6ab0f5,LN-1578,36d90855-e509-4b27-ae5f-a197bc2bb6e9,89d1c7f8-46de-419f-b2ec-dc69213d45ca,248.60,12.50,24,11.76,33.66,282.26,2.49,homeImprovement,D,paid_off,2024-07-12,2026-07-12,2024-07-12,2026-05-30 13:40:16.990875+00,2026-05-30 13:40:16.990875+00,,,0.00,0,
d44ffa52-a959-4ad3-91a5-4272f22a1a08,LN-1658,564bd015-5ab6-40f6-8f77-428b3053f26a,0c6925f4-7d92-41a9-b358-1d126fb41279,701.42,12.50,24,33.18,94.98,796.40,7.01,auto,C,paid_off,2024-05-25,2026-05-25,2024-05-25,2026-05-30 13:40:16.990875+00,2026-05-30 13:40:16.990875+00,,,0.00,0,
d487678a-bc87-4b63-b43e-8ffeb7d441bf,LN-0731,f112c690-a6d8-4e88-9a5a-0713bfdef655,0c6925f4-7d92-41a9-b358-1d126fb41279,260.05,12.50,24,12.30,35.22,295.27,2.60,medical,B,active,2025-07-30,2027-07-30,2025-07-30,2026-05-30 13:40:16.751319+00,2026-05-30 13:40:16.751319+00,,,0.00,0,
d4917f93-24fa-4e1c-a74f-7fcdf642868d,LN-0756,44660356-58ec-423c-bd70-9c5377234f86,0c6925f4-7d92-41a9-b358-1d126fb41279,278.40,12.50,24,13.17,37.69,316.09,2.78,auto,A,active,2025-05-30,2027-05-30,2025-05-30,2026-05-30 13:40:16.751319+00,2026-05-30 13:40:16.751319+00,,,0.00,1,2026-06-30
d5151fd3-5a68-49db-a7ea-3ac433594a71,LN-1776,ae636e59-f95d-44c2-9fc0-3ff40753176f,0c6925f4-7d92-41a9-b358-1d126fb41279,130.53,12.50,24,6.18,17.66,148.19,1.31,homeImprovement,A,paid_off,2024-11-21,2026-11-21,2024-11-21,2026-05-30 13:40:16.990875+00,2026-05-30 13:40:16.990875+00,,,0.00,0,
d5984cf6-49bb-4772-b6a6-8d35b28e1b1c,LN-1158,3b45198c-abd1-444d-809e-c7f6850ccb8d,41340b75-3fa9-4cbd-bee5-5d10bb757dbb,1007.15,12.50,24,47.65,136.32,1143.47,10.07,emergency,A,active,2025-03-30,2027-03-30,2025-03-30,2026-05-30 13:40:16.880606+00,2026-05-30 13:40:16.880606+00,,,0.00,0,
d5fb98c0-0649-4e4f-aafa-5eae568b670b,LN-1700,3122ae01-94f6-45f9-b320-574d43c58049,89d1c7f8-46de-419f-b2ec-dc69213d45ca,469.12,12.50,24,22.19,63.54,532.66,4.69,emergency,D,paid_off,2024-05-04,2026-05-04,2024-05-04,2026-05-30 13:40:16.990875+00,2026-05-30 13:40:16.990875+00,,,0.00,0,
d6010a06-b4f7-47cb-abad-54087cb4e1c0,LN-0917,8c9490ff-1201-4b83-a19c-3fb9bf67fa2f,89d1c7f8-46de-419f-b2ec-dc69213d45ca,494.28,12.50,24,23.38,66.93,561.21,4.94,event,B,active,2025-05-30,2027-05-30,2025-05-30,2026-05-30 13:40:16.751319+00,2026-05-30 13:40:16.751319+00,,,0.00,1,2026-06-30
d612b664-cfa0-4dd0-9a45-b58064fad002,LN-1709,ec3660c9-4530-49ef-9419-54d4734b8b0d,89d1c7f8-46de-419f-b2ec-dc69213d45ca,301.89,12.50,24,14.28,40.87,342.76,3.02,event,D,paid_off,2024-05-24,2026-05-24,2024-05-24,2026-05-30 13:40:16.990875+00,2026-05-30 13:40:16.990875+00,,,0.00,0,
d65836ae-5676-4f62-a262-46a42381f1b6,LN-0687,6b25aa63-788d-47f0-b680-4b44dbce7dc3,89d1c7f8-46de-419f-b2ec-dc69213d45ca,529.52,12.50,24,25.05,71.71,601.23,5.30,medical,B,active,2025-11-30,2027-11-30,2025-11-30,2026-05-30 13:40:16.751319+00,2026-05-30 13:40:16.751319+00,,,0.00,0,
d65eb4b1-e0a9-46ae-a982-c134110abb5f,LN-1612,15196b3b-db27-43d0-a833-2a031e5c07ba,866a2b0d-da4d-403f-9343-390a810648e5,665.33,12.50,24,31.47,90.09,755.42,6.65,event,B,paid_off,2024-11-07,2026-11-07,2024-11-07,2026-05-30 13:40:16.990875+00,2026-05-30 13:40:16.990875+00,,,0.00,0,
d6e50058-dd67-4970-90a3-3c08cd02cd4f,LN-0778,3fe5b427-4986-43a0-ab74-5aec81cc0eb2,866a2b0d-da4d-403f-9343-390a810648e5,1058.91,12.50,24,50.09,143.35,1202.26,10.59,emergency,B,active,2026-01-30,2028-01-30,2026-01-30,2026-05-30 13:40:16.751319+00,2026-05-30 13:40:16.751319+00,,,0.00,1,2026-06-30
d70127bf-f561-4099-bd1c-787fd3a567da,LN-1588,24a16e6a-250d-4619-b66c-dec985b6d173,0c6925f4-7d92-41a9-b358-1d126fb41279,371.35,12.50,24,17.57,50.27,421.62,3.71,auto,A,paid_off,2024-04-28,2026-04-28,2024-04-28,2026-05-30 13:40:16.990875+00,2026-05-30 13:40:16.990875+00,,,0.00,0,
d74b197e-5126-4557-a58b-5cc5950eb72c,LN-1695,9c8b2958-b50d-40a8-812a-f4c8f182bade,0c6925f4-7d92-41a9-b358-1d126fb41279,657.38,12.50,24,31.10,88.99,746.37,6.57,equipment,A,paid_off,2024-03-13,2026-03-13,2024-03-13,2026-05-30 13:40:16.990875+00,2026-05-30 13:40:16.990875+00,,,0.00,0,
d7b4f14b-c9e4-448c-ad46-4a21feaf34f1,LN-0862,e1949d80-2b13-407d-9f0a-5762bcff3a35,41340b75-3fa9-4cbd-bee5-5d10bb757dbb,1042.17,12.50,24,49.30,141.08,1183.25,10.42,event,D,active,2025-12-30,2027-12-30,2025-12-30,2026-05-30 13:40:16.751319+00,2026-05-30 13:40:16.751319+00,,,0.00,0,
d7f9f05a-9859-499f-b5a1-92fa17036214,LN-0886,9c376121-bb16-4d42-8d8e-ae687407893f,89d1c7f8-46de-419f-b2ec-dc69213d45ca,1943.94,12.50,24,91.96,263.17,2207.11,19.44,consolidation,A,defaulted,2025-03-02,2027-03-02,2025-03-02,2026-05-30 13:40:16.751319+00,2026-05-30 13:40:16.751319+00,2025-09-30,written_off,1348.90,4,
d81dff9e-ae57-4c49-acb1-90494a53f4c4,LN-1724,c1b885e2-67b0-4ad1-8f57-2970f8841029,89d1c7f8-46de-419f-b2ec-dc69213d45ca,80.27,12.50,24,3.80,10.87,91.14,0.80,homeImprovement,B,paid_off,2024-05-15,2026-05-15,2024-05-15,2026-05-30 13:40:16.990875+00,2026-05-30 13:40:16.990875+00,,,0.00,0,
d84e7523-c0e8-40f7-a123-afeff258de5a,LN-0606,d530cd2d-cc7b-4b7f-b24d-3df7c6c3bc16,89d1c7f8-46de-419f-b2ec-dc69213d45ca,502.52,12.50,24,23.77,68.04,570.56,5.03,medical,C,active,2025-10-30,2027-10-30,2025-10-30,2026-05-30 13:40:16.751319+00,2026-05-30 13:40:16.751319+00,,,0.00,0,
d8836d90-0064-45f9-bea0-07be93bed7fc,LN-0259,0520b07e-0138-4424-a264-798935b944fc,89d1c7f8-46de-419f-b2ec-dc69213d45ca,637.76,12.50,24,30.17,86.32,724.08,6.38,equipment,C,active,2025-03-30,2027-03-30,2025-03-30,2026-05-30 13:40:16.593247+00,2026-05-30 13:40:16.593247+00,,,0.00,0,
d88d5c30-8670-4923-a2ad-a38c4d8587e1,LN-1431,b74ff453-d456-48e4-9b10-e4e9a786560c,41340b75-3fa9-4cbd-bee5-5d10bb757dbb,543.86,12.50,24,25.73,73.64,617.50,5.44,consolidation,A,paid_off,2024-12-12,2026-12-12,2024-12-12,2026-05-30 13:40:16.880606+00,2026-05-30 13:40:16.880606+00,,,0.00,0,
d88fa49f-9026-458a-a042-df613c81784f,LN-1084,62cae287-f3ca-48b5-b280-b2fd74ed111b,89d1c7f8-46de-419f-b2ec-dc69213d45ca,65.68,12.50,24,3.11,8.89,74.57,0.66,equipment,D,active,2026-04-30,2028-04-30,2026-04-30,2026-05-30 13:40:16.880606+00,2026-05-30 13:40:16.880606+00,,,0.00,0,
d8aea4f2-0960-49be-9cd6-76197416d556,LN-0233,d514dc27-6d4b-4deb-9d43-01787e20dffe,0c6925f4-7d92-41a9-b358-1d126fb41279,326.78,12.50,24,15.46,44.24,371.02,3.27,medical,A,active,2025-11-30,2027-11-30,2025-11-30,2026-05-30 13:40:16.593247+00,2026-05-30 13:40:16.593247+00,,,0.00,1,2026-06-30
d8c7629a-d7c9-49f9-88af-bc871554cb16,LN-1349,5e9d29a9-fb08-4b84-a581-992748293e50,89d1c7f8-46de-419f-b2ec-dc69213d45ca,465.02,12.50,24,22.00,62.94,527.96,4.65,travel,A,active,2025-06-30,2027-06-30,2025-06-30,2026-05-30 13:40:16.880606+00,2026-05-30 13:40:16.880606+00,,,0.00,0,
d8dbb882-241d-4910-b629-ad6b29252cdd,LN-1694,4784c67d-bf1f-42b7-875e-25fa4c89c676,41340b75-3fa9-4cbd-bee5-5d10bb757dbb,645.25,12.50,24,30.53,87.31,732.56,6.45,medical,D,paid_off,2024-05-10,2026-05-10,2024-05-10,2026-05-30 13:40:16.990875+00,2026-05-30 13:40:16.990875+00,,,0.00,0,
d8f656c6-cb65-4158-899d-74760ca5eff4,LN-0826,99faf23a-331e-4921-9d34-a583d9c7a57b,89d1c7f8-46de-419f-b2ec-dc69213d45ca,409.60,12.50,24,19.38,55.48,465.08,4.10,equipment,B,active,2025-12-30,2027-12-30,2025-12-30,2026-05-30 13:40:16.751319+00,2026-05-30 13:40:16.751319+00,,,0.00,0,
d90fa226-5583-4485-9b1d-7b217d3a8a3e,LN-0686,c635391c-b93a-48c3-8918-2a807402a9e1,866a2b0d-da4d-403f-9343-390a810648e5,1079.25,12.50,24,51.06,146.10,1225.35,10.79,event,A,active,2026-03-30,2028-03-30,2026-03-30,2026-05-30 13:40:16.751319+00,2026-05-30 13:40:16.751319+00,,,0.00,0,
d9217e60-3945-4f58-ac8b-10681ab0e0d0,LN-1635,bc40161e-29a3-443f-8f7b-fb5ed0e445b9,0c6925f4-7d92-41a9-b358-1d126fb41279,205.21,12.50,24,9.71,27.80,233.01,2.05,auto,B,paid_off,2024-04-28,2026-04-28,2024-04-28,2026-05-30 13:40:16.990875+00,2026-05-30 13:40:16.990875+00,,,0.00,0,
d92dc184-686f-4fbf-80d2-03ae4d900135,LN-0890,cf2082b8-339c-45fd-98da-960854675d48,89d1c7f8-46de-419f-b2ec-dc69213d45ca,724.74,12.50,24,34.29,98.10,822.84,7.25,equipment,B,active,2025-03-30,2027-03-30,2025-03-30,2026-05-30 13:40:16.751319+00,2026-05-30 13:40:16.751319+00,,,0.00,0,
d94a6211-7fb0-4444-bd6c-d4e11133a672,LN-0140,e2a25822-17f4-4c81-9a9d-2d5148d442f1,0c6925f4-7d92-41a9-b358-1d126fb41279,357.15,12.50,24,16.90,48.30,405.45,3.57,homeImprovement,A,active,2025-01-30,2027-01-30,2025-01-30,2026-05-30 13:40:16.593247+00,2026-05-30 13:40:16.593247+00,,,0.00,3,2026-06-30
d94ca403-9437-437e-a913-8af7de962def,LN-0688,19ef6c41-4891-45fa-bff4-7a696f67caa4,0c6925f4-7d92-41a9-b358-1d126fb41279,354.58,12.50,24,16.77,48.00,402.58,3.55,travel,A,active,2025-10-30,2027-10-30,2025-10-30,2026-05-30 13:40:16.751319+00,2026-05-30 13:40:16.751319+00,,,0.00,0,
d94fce3b-5118-4eb4-9331-7ee9f90e6489,LN-0083,0932956c-c2b0-4b20-a84b-88bf6d462bea,41340b75-3fa9-4cbd-bee5-5d10bb757dbb,716.43,12.50,24,33.89,97.00,813.43,7.16,auto,A,active,2025-10-30,2027-10-30,2025-10-30,2026-05-30 13:40:16.593247+00,2026-05-30 13:40:16.593247+00,,,0.00,0,
d97ab6ee-3a2d-4bd9-b183-0f9b1dab256c,LN-0922,c7b66682-b8dc-4c9c-a2d9-3980529389df,41340b75-3fa9-4cbd-bee5-5d10bb757dbb,692.44,12.50,24,32.76,93.72,786.16,6.92,event,C,active,2025-07-30,2027-07-30,2025-07-30,2026-05-30 13:40:16.751319+00,2026-05-30 13:40:16.751319+00,,,0.00,0,
d9db0c9c-8d87-4210-a313-8bcd07477ff9,LN-0126,27de2953-85eb-43e6-b681-17c96d3f7b84,41340b75-3fa9-4cbd-bee5-5d10bb757dbb,847.92,12.50,24,40.11,114.81,962.73,8.48,equipment,C,active,2026-03-02,2028-03-02,2026-03-02,2026-05-30 13:40:16.593247+00,2026-05-30 13:40:16.593247+00,,,0.00,0,
d9dcf4d2-cb3e-45fd-9c07-aae85b4c15ee,LN-1860,8740c0eb-4499-4f6e-bad1-5f6a1bb50f8c,89d1c7f8-46de-419f-b2ec-dc69213d45ca,82.22,12.50,24,3.89,11.13,93.35,0.82,medical,B,paid_off,2024-03-22,2026-03-22,2024-03-22,2026-05-30 13:40:16.990875+00,2026-05-30 13:40:16.990875+00,,,0.00,0,
d9dff8ba-0a39-483e-8c86-d405ef58e0dc,LN-0849,d5df83e8-1f51-4187-8df7-440f74ec1895,866a2b0d-da4d-403f-9343-390a810648e5,660.38,12.50,24,31.24,89.43,749.81,6.60,travel,C,active,2025-06-30,2027-06-30,2025-06-30,2026-05-30 13:40:16.751319+00,2026-05-30 13:40:16.751319+00,,,0.00,0,
d9e2d7b0-7420-44ed-a0d3-11d78afa218d,LN-1271,69a08829-a785-47a7-bac0-109baaffbe7b,0c6925f4-7d92-41a9-b358-1d126fb41279,491.22,12.50,24,23.24,66.50,557.72,4.91,homeImprovement,A,active,2025-01-30,2027-01-30,2025-01-30,2026-05-30 13:40:16.880606+00,2026-05-30 13:40:16.880606+00,,,0.00,1,2026-06-30
d9e91835-92b2-4ebe-b246-8e00b7157913,LN-0384,bacdecf9-46ff-4ed0-b65b-6db73635de49,0c6925f4-7d92-41a9-b358-1d126fb41279,619.10,12.50,24,29.29,83.78,702.88,6.19,event,A,active,2025-03-30,2027-03-30,2025-03-30,2026-05-30 13:40:16.593247+00,2026-05-30 13:40:16.593247+00,,,0.00,0,
da35acc9-8869-4786-8b95-921a34684fe3,LN-1683,76d0757b-dd56-46ba-8dd6-f524a594ad3f,89d1c7f8-46de-419f-b2ec-dc69213d45ca,264.31,12.50,24,12.50,35.79,300.10,2.64,emergency,A,paid_off,2024-02-25,2026-02-25,2024-02-25,2026-05-30 13:40:16.990875+00,2026-05-30 13:40:16.990875+00,,,0.00,0,
da456482-fe5a-4610-90fa-a05ee2da6a9e,LN-0178,50e480c2-d4c9-4019-8e85-c34f0aa487a0,0c6925f4-7d92-41a9-b358-1d126fb41279,402.98,12.50,24,19.06,54.54,457.52,4.03,travel,B,active,2025-10-30,2027-10-30,2025-10-30,2026-05-30 13:40:16.593247+00,2026-05-30 13:40:16.593247+00,,,0.00,0,
da7819a9-ddd3-4cec-8481-a40e396c0528,LN-0080,70892392-bb26-4b14-849d-78d0c2bd5e64,89d1c7f8-46de-419f-b2ec-dc69213d45ca,162.56,12.50,24,7.69,22.00,184.56,1.63,event,C,active,2026-03-30,2028-03-30,2026-03-30,2026-05-30 13:40:16.593247+00,2026-05-30 13:40:16.593247+00,,,0.00,0,
da914e7c-2257-4e09-a561-5cac4e6a0a84,LN-0504,77e090b6-c626-451d-af3d-0f96752ab961,89d1c7f8-46de-419f-b2ec-dc69213d45ca,522.37,12.50,24,24.71,70.75,593.12,5.22,emergency,C,active,2026-01-30,2028-01-30,2026-01-30,2026-05-30 13:40:16.751319+00,2026-05-30 13:40:16.751319+00,,,0.00,0,
da9472fb-babc-4ed9-afd9-77bb6bdcfbe3,LN-1951,75aa44b9-213a-444f-bb96-a229c89dce24,0c6925f4-7d92-41a9-b358-1d126fb41279,279.32,12.50,24,13.21,37.82,317.14,2.79,auto,A,paid_off,2024-03-19,2026-03-19,2024-03-19,2026-05-30 13:40:16.990875+00,2026-05-30 13:40:16.990875+00,,,0.00,0,
da960a87-1092-4b56-9433-de5d75c983eb,LN-1488,88089a51-e2d8-4e4c-af0f-2633e35e5e4b,0c6925f4-7d92-41a9-b358-1d126fb41279,418.91,12.50,24,19.82,56.70,475.61,4.19,auto,A,paid_off,2024-09-13,2026-09-13,2024-09-13,2026-05-30 13:40:16.880606+00,2026-05-30 13:40:16.880606+00,,,0.00,0,
da9be8b8-aec3-402f-9112-0624d995f9b2,LN-1461,e338c75b-dae2-493e-af55-dc08cbb37162,89d1c7f8-46de-419f-b2ec-dc69213d45ca,310.01,12.50,24,14.67,41.97,351.98,3.10,consolidation,A,paid_off,2024-09-04,2026-09-04,2024-09-04,2026-05-30 13:40:16.880606+00,2026-05-30 13:40:16.880606+00,,,0.00,0,
dad79d26-e4bc-4e19-9c68-bb37e76d2e98,LN-1165,4b2d1beb-0a26-4424-8c68-2f26876aff11,0c6925f4-7d92-41a9-b358-1d126fb41279,459.91,12.50,24,21.76,62.23,522.14,4.60,consolidation,B,active,2025-09-30,2027-09-30,2025-09-30,2026-05-30 13:40:16.880606+00,2026-05-30 13:40:16.880606+00,,,0.00,1,2026-06-30
dae838cc-9475-449b-baa0-f8d328001cf1,LN-0765,8c206cf9-23e6-471c-a1b0-ba62ec8a9a44,0c6925f4-7d92-41a9-b358-1d126fb41279,226.30,12.50,24,10.71,30.61,256.91,2.26,auto,A,active,2026-03-02,2028-03-02,2026-03-02,2026-05-30 13:40:16.751319+00,2026-05-30 13:40:16.751319+00,,,0.00,0,
db00d6f9-d70b-46fc-b15e-778af720ab79,LN-1235,73837fb5-0593-4d89-931b-315dae2a236a,0c6925f4-7d92-41a9-b358-1d126fb41279,353.54,12.50,24,16.73,47.86,401.40,3.54,homeImprovement,D,active,2025-07-30,2027-07-30,2025-07-30,2026-05-30 13:40:16.880606+00,2026-05-30 13:40:16.880606+00,,,0.00,0,
db66a0df-af90-4d0b-b7cc-665195b8d190,LN-1556,c989a3a2-1451-4583-8d68-a9db2c56831e,866a2b0d-da4d-403f-9343-390a810648e5,692.76,12.50,24,32.77,93.80,786.56,6.93,auto,A,paid_off,2024-10-10,2026-10-10,2024-10-10,2026-05-30 13:40:16.990875+00,2026-05-30 13:40:16.990875+00,,,0.00,0,
dbc9146a-a281-48e3-b6fb-3618dc1c3d10,LN-1487,a96e1089-0169-4247-944c-dff45e5a79ba,866a2b0d-da4d-403f-9343-390a810648e5,522.52,12.50,24,24.72,70.74,593.26,5.23,consolidation,A,paid_off,2024-03-12,2026-03-12,2024-03-12,2026-05-30 13:40:16.880606+00,2026-05-30 13:40:16.880606+00,,,0.00,0,
dc119745-4621-4d7d-8f49-1d9df87d6362,LN-1831,fb177768-ced6-48c8-a691-5b30f33a89b3,89d1c7f8-46de-419f-b2ec-dc69213d45ca,709.29,12.50,24,33.55,96.04,805.33,7.09,travel,A,paid_off,2024-12-03,2026-12-03,2024-12-03,2026-05-30 13:40:16.990875+00,2026-05-30 13:40:16.990875+00,,,0.00,0,
dc2e5533-a302-4a5a-94fe-8ffda9dba390,LN-0711,a85b1a8d-4da2-4bba-9ea2-1c387c83883e,89d1c7f8-46de-419f-b2ec-dc69213d45ca,691.73,12.50,24,32.72,93.66,785.39,6.92,auto,A,defaulted,2026-03-02,2028-03-02,2026-03-02,2026-05-30 13:40:16.751319+00,2026-05-30 13:40:16.751319+00,2026-04-30,written_off,691.73,4,
dc365015-b7b8-44ee-bd85-c0f0f2eb4bcf,LN-0079,b74ff453-d456-48e4-9b10-e4e9a786560c,89d1c7f8-46de-419f-b2ec-dc69213d45ca,292.41,12.50,24,13.83,39.56,331.97,2.92,homeImprovement,A,active,2026-01-30,2028-01-30,2026-01-30,2026-05-30 13:40:16.593247+00,2026-05-30 13:40:16.593247+00,,,0.00,0,
dc3c2308-64f1-41bc-ab86-8e7f8d841b7c,LN-1959,676764c8-8d11-4584-b0e0-cf98686c77aa,0c6925f4-7d92-41a9-b358-1d126fb41279,564.91,12.50,24,26.72,76.51,641.42,5.65,equipment,A,paid_off,2024-06-03,2026-06-03,2024-06-03,2026-05-30 13:40:16.990875+00,2026-05-30 13:40:16.990875+00,,,0.00,0,
dc3e16b6-925b-4608-b0e7-d026cd9174cf,LN-0282,8d126f9e-ab64-4585-b2af-16d258194d5b,0c6925f4-7d92-41a9-b358-1d126fb41279,327.56,12.50,24,15.50,44.32,371.88,3.28,travel,C,active,2025-11-30,2027-11-30,2025-11-30,2026-05-30 13:40:16.593247+00,2026-05-30 13:40:16.593247+00,,,0.00,0,
dc4153b4-c7ee-44b9-9947-09e9e47383ee,LN-0708,184bbc41-2278-42bf-9224-07c05f4ecde4,866a2b0d-da4d-403f-9343-390a810648e5,1081.56,12.50,24,51.17,146.43,1227.99,10.82,consolidation,B,active,2025-06-30,2027-06-30,2025-06-30,2026-05-30 13:40:16.751319+00,2026-05-30 13:40:16.751319+00,,,0.00,0,
dc6055da-ae72-43ce-9034-45f39f8eb72d,LN-0071,124e70af-ba85-40b7-9e7b-6daffb2dcb50,0c6925f4-7d92-41a9-b358-1d126fb41279,510.99,12.50,24,24.17,69.17,580.16,5.11,emergency,D,active,2025-12-30,2027-12-30,2025-12-30,2026-05-30 13:40:16.593247+00,2026-05-30 13:40:16.593247+00,,,0.00,0,
dc691bc9-de9f-4224-a425-1bde96885775,LN-1310,37817a8f-8460-4cdd-8c82-104fca1c7b93,0c6925f4-7d92-41a9-b358-1d126fb41279,260.57,12.50,24,12.33,35.24,295.81,2.61,equipment,B,active,2025-03-30,2027-03-30,2025-03-30,2026-05-30 13:40:16.880606+00,2026-05-30 13:40:16.880606+00,,,0.00,1,2026-06-30
dc6e699f-44ad-4cf8-a1a8-68ebc924dec9,LN-0852,60d6d115-e17a-46ac-bfdc-f06e43705e82,0c6925f4-7d92-41a9-b358-1d126fb41279,501.10,12.50,24,23.71,67.83,568.93,5.01,equipment,B,active,2025-04-30,2027-04-30,2025-04-30,2026-05-30 13:40:16.751319+00,2026-05-30 13:40:16.751319+00,,,0.00,0,
dc8c01f2-c284-4d69-97a2-5d19b312d0de,LN-0104,df675c1b-c420-4c39-a3e0-99865386969a,89d1c7f8-46de-419f-b2ec-dc69213d45ca,140.04,12.50,24,6.62,18.98,159.02,1.40,emergency,B,active,2025-06-30,2027-06-30,2025-06-30,2026-05-30 13:40:16.593247+00,2026-05-30 13:40:16.593247+00,,,0.00,2,2026-06-30
dcabbb39-045f-49fa-bbd9-e90d14a3459e,LN-0231,0131757a-e481-4f3f-ad81-edfcfed049da,0c6925f4-7d92-41a9-b358-1d126fb41279,309.16,12.50,24,14.63,41.82,350.98,3.09,homeImprovement,C,active,2025-06-30,2027-06-30,2025-06-30,2026-05-30 13:40:16.593247+00,2026-05-30 13:40:16.593247+00,,,0.00,1,2026-06-30
dcae8284-2c50-4a43-a874-20dac36da323,LN-0985,d00061c0-2a00-48fb-9428-9904929d3150,41340b75-3fa9-4cbd-bee5-5d10bb757dbb,1800.46,12.50,24,85.17,243.75,2044.21,18.00,consolidation,A,active,2026-03-02,2028-03-02,2026-03-02,2026-05-30 13:40:16.751319+00,2026-05-30 13:40:16.751319+00,,,0.00,0,
dcbc92d2-eb8a-42d5-ae42-4d80e39ecbe3,LN-0772,4de274a0-f5d2-4b6f-972a-2c58fa58d905,0c6925f4-7d92-41a9-b358-1d126fb41279,757.13,12.50,24,35.82,102.50,859.63,7.57,travel,A,active,2026-03-02,2028-03-02,2026-03-02,2026-05-30 13:40:16.751319+00,2026-05-30 13:40:16.751319+00,,,0.00,0,
dcd494c1-74b2-4e0b-8932-725dfbe7ee63,LN-0892,9304f02c-af70-42c9-8920-5d4875609707,0c6925f4-7d92-41a9-b358-1d126fb41279,825.15,12.50,24,39.04,111.67,936.82,8.25,equipment,A,active,2026-01-30,2028-01-30,2026-01-30,2026-05-30 13:40:16.751319+00,2026-05-30 13:40:16.751319+00,,,0.00,0,
dd0c0316-cefb-40f3-862c-ad86361cd377,LN-1370,821bc78d-cc69-4956-ad05-7c126d10aacc,866a2b0d-da4d-403f-9343-390a810648e5,597.70,12.50,24,28.28,80.91,678.61,5.98,equipment,B,paid_off,2024-11-19,2026-11-19,2024-11-19,2026-05-30 13:40:16.880606+00,2026-05-30 13:40:16.880606+00,,,0.00,0,
dd212309-008e-4bf8-ba84-74447f6a0a58,LN-0317,efe4621e-5bf3-441f-b756-993abb76dca9,0c6925f4-7d92-41a9-b358-1d126fb41279,478.13,12.50,24,22.62,64.70,542.83,4.78,emergency,A,active,2025-06-30,2027-06-30,2025-06-30,2026-05-30 13:40:16.593247+00,2026-05-30 13:40:16.593247+00,,,0.00,0,
dd4c4fa5-c8a2-4e63-ac22-a6a5b5f822c4,LN-0305,3929e915-5c68-4b60-a2ec-1204dbb32be8,0c6925f4-7d92-41a9-b358-1d126fb41279,782.44,12.50,24,37.02,105.93,888.37,7.82,emergency,A,active,2025-12-30,2027-12-30,2025-12-30,2026-05-30 13:40:16.593247+00,2026-05-30 13:40:16.593247+00,,,0.00,0,
dd61235a-eb93-4954-9447-058c7d355271,LN-1893,cf6ccdfa-2f1e-4919-a521-b28485fce1fc,89d1c7f8-46de-419f-b2ec-dc69213d45ca,227.14,12.50,24,10.75,30.76,257.90,2.27,consolidation,B,paid_off,2024-11-23,2026-11-23,2024-11-23,2026-05-30 13:40:16.990875+00,2026-05-30 13:40:16.990875+00,,,0.00,0,
dd68384c-50e2-4393-b3e2-0a4ef3f0e4a8,LN-0604,2f7f7c5f-7378-44fb-8185-762098679e4a,41340b75-3fa9-4cbd-bee5-5d10bb757dbb,637.63,12.50,24,30.16,86.32,723.95,6.38,emergency,D,active,2025-05-30,2027-05-30,2025-05-30,2026-05-30 13:40:16.751319+00,2026-05-30 13:40:16.751319+00,,,0.00,0,
dd8a97bb-4374-42eb-bbe0-db40e1f32107,LN-1409,492a7024-5703-4eff-b2c1-eac2b76fa271,89d1c7f8-46de-419f-b2ec-dc69213d45ca,310.16,12.50,24,14.67,42.00,352.16,3.10,travel,C,paid_off,2024-03-20,2026-03-20,2024-03-20,2026-05-30 13:40:16.880606+00,2026-05-30 13:40:16.880606+00,,,0.00,0,
ddc4dadb-7117-4f7a-b9ab-c17a68ae6c66,LN-1203,842546aa-571f-4a08-8aae-7eb67bb33423,866a2b0d-da4d-403f-9343-390a810648e5,924.19,12.50,24,43.72,125.10,1049.29,9.24,equipment,B,active,2025-06-30,2027-06-30,2025-06-30,2026-05-30 13:40:16.880606+00,2026-05-30 13:40:16.880606+00,,,0.00,0,
ddda763d-a1c0-4aa8-b6d8-e3e522289fff,LN-1879,ba48c58d-73db-4e94-a4d8-e1a4b38865bf,866a2b0d-da4d-403f-9343-390a810648e5,572.03,12.50,24,27.06,77.45,649.48,5.72,travel,A,paid_off,2024-03-12,2026-03-12,2024-03-12,2026-05-30 13:40:16.990875+00,2026-05-30 13:40:16.990875+00,,,0.00,0,
de12cc74-f77c-4d38-a916-0cf38c0da111,LN-1661,cffe7b5d-2f6a-4e3b-8587-84a2395da6fb,89d1c7f8-46de-419f-b2ec-dc69213d45ca,367.57,12.50,24,17.39,49.76,417.33,3.68,consolidation,D,paid_off,2024-10-12,2026-10-12,2024-10-12,2026-05-30 13:40:16.990875+00,2026-05-30 13:40:16.990875+00,,,0.00,0,
de62e29f-f802-49ff-adc5-63683090451c,LN-0029,4701194d-76a3-4798-ae46-87b2380893bb,0c6925f4-7d92-41a9-b358-1d126fb41279,941.66,12.50,24,44.55,127.47,1069.13,9.42,equipment,C,active,2025-03-30,2027-03-30,2025-03-30,2026-05-30 13:40:16.593247+00,2026-05-30 13:40:16.593247+00,,,0.00,0,
de676ea2-3f44-42fa-ba4e-1c415b06503a,LN-1071,9d897dca-ef58-4a73-aa69-5d2e3c1dcbd5,89d1c7f8-46de-419f-b2ec-dc69213d45ca,512.79,12.50,24,24.26,69.42,582.21,5.13,travel,B,active,2025-09-30,2027-09-30,2025-09-30,2026-05-30 13:40:16.880606+00,2026-05-30 13:40:16.880606+00,,,0.00,0,
de6ed616-a58f-4bc6-a005-9846555395a2,LN-0129,6f3053f7-fbcd-4481-9dd4-6d9e3f392f2d,89d1c7f8-46de-419f-b2ec-dc69213d45ca,247.61,12.50,24,11.71,33.51,281.12,2.48,event,B,active,2025-09-30,2027-09-30,2025-09-30,2026-05-30 13:40:16.593247+00,2026-05-30 13:40:16.593247+00,,,0.00,0,
de94d6f5-61f7-4214-92e5-0e219de72fe7,LN-1937,0f770bce-d7ec-4135-b167-b1d1262bf0dd,41340b75-3fa9-4cbd-bee5-5d10bb757dbb,583.21,12.50,24,27.59,78.96,662.17,5.83,auto,A,paid_off,2024-10-28,2026-10-28,2024-10-28,2026-05-30 13:40:16.990875+00,2026-05-30 13:40:16.990875+00,,,0.00,0,
debc0292-bf91-4e1a-b2ea-e75d000ab81b,LN-0116,c5587ddb-3ae4-4c7a-872c-e35fca4b4096,89d1c7f8-46de-419f-b2ec-dc69213d45ca,319.85,12.50,24,15.13,43.27,363.12,3.20,medical,C,active,2025-05-30,2027-05-30,2025-05-30,2026-05-30 13:40:16.593247+00,2026-05-30 13:40:16.593247+00,,,0.00,0,
debdaac8-d2f2-4e7e-b13e-d608c9a3b1b4,LN-0761,228f2998-c4d5-4d5a-bd62-7896c0eec1ae,0c6925f4-7d92-41a9-b358-1d126fb41279,522.76,12.50,24,24.73,70.77,593.53,5.23,consolidation,B,active,2025-05-30,2027-05-30,2025-05-30,2026-05-30 13:40:16.751319+00,2026-05-30 13:40:16.751319+00,,,0.00,0,
dec34fcd-c230-4c44-a8ce-75cd94d6b7c6,LN-1279,169cc434-7401-4c04-aae2-3cfd142e59f3,0c6925f4-7d92-41a9-b358-1d126fb41279,550.21,12.50,24,26.03,74.47,624.68,5.50,travel,C,active,2026-03-02,2028-03-02,2026-03-02,2026-05-30 13:40:16.880606+00,2026-05-30 13:40:16.880606+00,,,0.00,0,
deca54bb-be2e-46fc-91c5-07ad5b3e8e1b,LN-0353,a0a5a5d6-136b-4d4f-a2d4-54d5887cef95,89d1c7f8-46de-419f-b2ec-dc69213d45ca,250.88,12.50,24,11.87,33.96,284.84,2.51,emergency,A,active,2026-04-30,2028-04-30,2026-04-30,2026-05-30 13:40:16.593247+00,2026-05-30 13:40:16.593247+00,,,0.00,0,
dedeb378-d95c-4406-b0ef-3bf834847a81,LN-1321,95fe620e-aa82-4cf2-a477-7ee6d8aa2383,866a2b0d-da4d-403f-9343-390a810648e5,823.47,12.50,24,38.96,111.47,934.94,8.23,consolidation,C,active,2025-06-30,2027-06-30,2025-06-30,2026-05-30 13:40:16.880606+00,2026-05-30 13:40:16.880606+00,,,0.00,0,
df11abce-36e8-48e6-8047-59b11d3c9a04,LN-1122,02bd48f5-ff9c-4dc2-859c-cb9c1be1e127,0c6925f4-7d92-41a9-b358-1d126fb41279,843.46,12.50,24,39.90,114.19,957.65,8.43,auto,C,active,2026-04-30,2028-04-30,2026-04-30,2026-05-30 13:40:16.880606+00,2026-05-30 13:40:16.880606+00,,,0.00,0,
df579c1c-dd2e-421a-951e-cb3deee940a4,LN-0857,04c88d38-db6f-463c-9d32-db35ed2f1fa4,0c6925f4-7d92-41a9-b358-1d126fb41279,263.46,12.50,24,12.46,35.65,299.11,2.63,equipment,C,active,2025-03-30,2027-03-30,2025-03-30,2026-05-30 13:40:16.751319+00,2026-05-30 13:40:16.751319+00,,,0.00,0,
df60cae0-2ffa-492f-842d-5009c6dbf7dd,LN-0054,227e7df0-b6e1-4974-97be-acf4144efae5,0c6925f4-7d92-41a9-b358-1d126fb41279,822.84,12.50,24,38.93,111.39,934.23,8.23,homeImprovement,C,active,2025-10-30,2027-10-30,2025-10-30,2026-05-30 13:40:16.593247+00,2026-05-30 13:40:16.593247+00,,,0.00,0,
dfd39e36-66d6-4217-867f-88236b5aa1f9,LN-0340,39223964-098e-466c-b00d-d2b00b439e55,0c6925f4-7d92-41a9-b358-1d126fb41279,549.12,12.50,24,25.98,74.34,623.46,5.49,homeImprovement,A,active,2025-04-30,2027-04-30,2025-04-30,2026-05-30 13:40:16.593247+00,2026-05-30 13:40:16.593247+00,,,0.00,1,2026-06-30
dff670f8-33c5-45ec-87e7-c2e449d411e6,LN-1072,5595a607-9ef3-4a2e-8fee-35c39c1bea13,89d1c7f8-46de-419f-b2ec-dc69213d45ca,220.47,12.50,24,10.43,29.83,250.30,2.20,medical,A,active,2026-04-30,2028-04-30,2026-04-30,2026-05-30 13:40:16.880606+00,2026-05-30 13:40:16.880606+00,,,0.00,0,
e010884e-9bbc-43d1-96c0-facbb311493e,LN-0272,4ca7f4fe-0a64-41e5-b387-55fb5a076605,0c6925f4-7d92-41a9-b358-1d126fb41279,246.51,12.50,24,11.66,33.36,279.87,2.47,travel,D,active,2026-01-30,2028-01-30,2026-01-30,2026-05-30 13:40:16.593247+00,2026-05-30 13:40:16.593247+00,,,0.00,0,
e023dd69-bb94-4f98-b5dd-58a52268b2cd,LN-1216,c148cc0a-013e-459f-a24d-378bdd268da4,41340b75-3fa9-4cbd-bee5-5d10bb757dbb,673.90,12.50,24,31.88,91.23,765.13,6.74,event,B,active,2025-10-30,2027-10-30,2025-10-30,2026-05-30 13:40:16.880606+00,2026-05-30 13:40:16.880606+00,,,0.00,0,
e0860a99-f3b8-456a-9298-237f464d15f4,LN-1911,492a7024-5703-4eff-b2c1-eac2b76fa271,0c6925f4-7d92-41a9-b358-1d126fb41279,382.02,12.50,24,18.07,51.70,433.72,3.82,medical,C,paid_off,2024-07-11,2026-07-11,2024-07-11,2026-05-30 13:40:16.990875+00,2026-05-30 13:40:16.990875+00,,,0.00,0,
e08a0279-726d-4f0c-8351-79b615591e89,LN-0025,e789f74a-5bbf-4b9d-a5b6-b7be49d335df,89d1c7f8-46de-419f-b2ec-dc69213d45ca,500.81,12.50,24,23.69,67.80,568.61,5.01,equipment,B,active,2025-04-30,2027-04-30,2025-04-30,2026-05-30 13:40:16.593247+00,2026-05-30 13:40:16.593247+00,,,0.00,0,
e0971323-418c-4c37-913b-b06e4904b371,LN-1964,4287521b-2674-4e3d-ad05-deed9b56b034,89d1c7f8-46de-419f-b2ec-dc69213d45ca,134.07,12.50,24,6.34,18.15,152.22,1.34,auto,B,paid_off,2024-08-11,2026-08-11,2024-08-11,2026-05-30 13:40:16.990875+00,2026-05-30 13:40:16.990875+00,,,0.00,0,
e09cb150-7c7c-4303-b0b4-67fb988f9374,LN-1956,93294432-1ad3-41b1-ab06-1ab9e73d1a23,0c6925f4-7d92-41a9-b358-1d126fb41279,105.28,12.50,24,4.98,14.25,119.53,1.05,emergency,A,paid_off,2024-06-09,2026-06-09,2024-06-09,2026-05-30 13:40:16.990875+00,2026-05-30 13:40:16.990875+00,,,0.00,0,
e0a3ab21-3ac7-4f74-a3aa-fbd40ca588a7,LN-0243,3051fd23-47e4-4636-98a3-8b9352ab6735,0c6925f4-7d92-41a9-b358-1d126fb41279,1250.54,12.50,24,59.16,169.31,1419.85,12.51,auto,B,active,2025-10-30,2027-10-30,2025-10-30,2026-05-30 13:40:16.593247+00,2026-05-30 13:40:16.593247+00,,,0.00,0,
e0a8ab2d-90b5-4349-9c39-62f04155f174,LN-1751,04bb9c87-c64f-4315-856d-9a1b33701f32,0c6925f4-7d92-41a9-b358-1d126fb41279,1076.97,12.50,24,50.95,145.78,1222.75,10.77,equipment,A,paid_off,2024-11-14,2026-11-14,2024-11-14,2026-05-30 13:40:16.990875+00,2026-05-30 13:40:16.990875+00,,,0.00,0,
e0b03586-5415-4c4d-a5f8-b900b7657017,LN-0989,3dbeae00-4c97-451c-b8bf-63c27f41d873,0c6925f4-7d92-41a9-b358-1d126fb41279,322.65,12.50,24,15.26,43.71,366.36,3.23,event,C,active,2025-04-30,2027-04-30,2025-04-30,2026-05-30 13:40:16.751319+00,2026-05-30 13:40:16.751319+00,,,0.00,0,
e0c529d5-47fd-461d-8a82-7c6cc0db5889,LN-0148,cf6ccdfa-2f1e-4919-a521-b28485fce1fc,0c6925f4-7d92-41a9-b358-1d126fb41279,832.25,12.50,24,39.37,112.70,944.95,8.32,emergency,B,active,2025-07-30,2027-07-30,2025-07-30,2026-05-30 13:40:16.593247+00,2026-05-30 13:40:16.593247+00,,,0.00,0,
e114fa03-0e1c-42d9-bc6c-4997106cc974,LN-0028,57b3f351-2073-45ea-a974-c9ef0cfc8872,89d1c7f8-46de-419f-b2ec-dc69213d45ca,481.34,12.50,24,22.77,65.14,546.48,4.81,consolidation,D,active,2026-03-30,2028-03-30,2026-03-30,2026-05-30 13:40:16.593247+00,2026-05-30 13:40:16.593247+00,,,0.00,0,
e12a9041-73d0-4ca4-a867-3ee83758e730,LN-1049,7056158a-a55d-48d6-a483-e6b7c5f4bf7f,89d1c7f8-46de-419f-b2ec-dc69213d45ca,178.40,12.50,24,8.44,24.16,202.56,1.78,travel,B,active,2025-10-30,2027-10-30,2025-10-30,2026-05-30 13:40:16.880606+00,2026-05-30 13:40:16.880606+00,,,0.00,0,
e14e46ff-6228-4761-9699-9b613604579b,LN-0755,16f475eb-8086-40b2-a817-e608d316976b,0c6925f4-7d92-41a9-b358-1d126fb41279,471.62,12.50,24,22.31,63.86,535.48,4.72,event,C,active,2025-10-30,2027-10-30,2025-10-30,2026-05-30 13:40:16.751319+00,2026-05-30 13:40:16.751319+00,,,0.00,0,
e1c67b9f-0c82-411a-95d0-e709979bc4e6,LN-0273,19105cf9-6a14-480c-bf41-c507d41870f5,89d1c7f8-46de-419f-b2ec-dc69213d45ca,388.40,12.50,24,18.37,52.62,441.02,3.88,consolidation,D,active,2026-03-02,2028-03-02,2026-03-02,2026-05-30 13:40:16.593247+00,2026-05-30 13:40:16.593247+00,,,0.00,0,
e1df5e20-81a8-4d51-b71a-f46321944427,LN-0436,8d8518f3-c4ff-429b-b74b-7cb41de5b7b4,0c6925f4-7d92-41a9-b358-1d126fb41279,1139.45,12.50,24,53.90,154.26,1293.71,11.39,homeImprovement,A,active,2025-09-30,2027-09-30,2025-09-30,2026-05-30 13:40:16.593247+00,2026-05-30 13:40:16.593247+00,,,0.00,0,
e1ebe20b-cbce-4997-a7a0-1845c1d6cae9,LN-1963,676764c8-8d11-4584-b0e0-cf98686c77aa,89d1c7f8-46de-419f-b2ec-dc69213d45ca,547.74,12.50,24,25.91,74.16,621.90,5.48,consolidation,A,paid_off,2024-02-04,2026-02-04,2024-02-04,2026-05-30 13:40:16.990875+00,2026-05-30 13:40:16.990875+00,,,0.00,0,
e208a02f-a08e-4bb7-a469-8a26cddd1bfc,LN-0289,4835ff6f-5e5a-4ea0-b24c-c9c4cf32e94a,0c6925f4-7d92-41a9-b358-1d126fb41279,119.58,12.50,24,5.66,16.17,135.75,1.20,event,C,active,2026-04-30,2028-04-30,2026-04-30,2026-05-30 13:40:16.593247+00,2026-05-30 13:40:16.593247+00,,,0.00,0,
e20ac9d1-4f6c-4c6e-a1d0-cba01fdeea32,LN-0027,742c4883-a776-4018-b432-eb86946962c8,89d1c7f8-46de-419f-b2ec-dc69213d45ca,188.64,12.50,24,8.92,25.56,214.20,1.89,homeImprovement,B,active,2025-03-30,2027-03-30,2025-03-30,2026-05-30 13:40:16.593247+00,2026-05-30 13:40:16.593247+00,,,0.00,0,
e2232bbf-eeb9-4cd2-bc77-7c3525687e1f,LN-1454,64ef19bd-2394-4816-a21e-9087e59e77e1,89d1c7f8-46de-419f-b2ec-dc69213d45ca,74.85,12.50,24,3.54,10.12,84.97,0.75,event,C,paid_off,2024-12-21,2026-12-21,2024-12-21,2026-05-30 13:40:16.880606+00,2026-05-30 13:40:16.880606+00,,,0.00,0,
e265edeb-5688-431f-9a13-b2dae6121e3f,LN-0330,5bea271b-a542-4b7a-8010-ae40e74c0cbc,0c6925f4-7d92-41a9-b358-1d126fb41279,788.79,12.50,24,37.32,106.75,895.54,7.89,travel,B,defaulted,2025-01-30,2027-01-30,2025-01-30,2026-05-30 13:40:16.593247+00,2026-05-30 13:40:16.593247+00,2026-03-30,written_off,515.68,4,
e26f55f8-a05d-446c-834e-f72f15acc535,LN-0132,b35e8ee4-00d6-4f5d-8efb-c9b34653085b,0c6925f4-7d92-41a9-b358-1d126fb41279,323.13,12.50,24,15.29,43.75,366.88,3.23,medical,A,active,2025-06-30,2027-06-30,2025-06-30,2026-05-30 13:40:16.593247+00,2026-05-30 13:40:16.593247+00,,,0.00,0,
e28b527e-e4f0-46d6-93c8-39811f8409f9,LN-1384,0de5e2d0-4e86-428e-82eb-8bab2959da9d,41340b75-3fa9-4cbd-bee5-5d10bb757dbb,1340.20,12.50,24,63.40,181.43,1521.63,13.40,travel,A,paid_off,2024-11-27,2026-11-27,2024-11-27,2026-05-30 13:40:16.880606+00,2026-05-30 13:40:16.880606+00,,,0.00,0,
e2a35619-0137-430a-b0bb-63b02ba0523c,LN-0749,0df09c4b-f7af-4cfe-b63d-93d84e3fd204,89d1c7f8-46de-419f-b2ec-dc69213d45ca,206.65,12.50,24,9.78,27.95,234.60,2.07,auto,C,active,2025-08-30,2027-08-30,2025-08-30,2026-05-30 13:40:16.751319+00,2026-05-30 13:40:16.751319+00,,,0.00,3,2026-06-30
e2aba984-bcbb-4321-bca5-027c54bd6f27,LN-1738,7d73ac07-a49e-4ce6-9793-c16ab0c03083,89d1c7f8-46de-419f-b2ec-dc69213d45ca,145.40,12.50,24,6.88,19.68,165.08,1.45,emergency,C,paid_off,2024-09-11,2026-09-11,2024-09-11,2026-05-30 13:40:16.990875+00,2026-05-30 13:40:16.990875+00,,,0.00,0,
e2b67011-a58b-48b3-b981-230c5d4ab120,LN-1069,f5fbfb13-b376-4959-9698-3f31d13ea182,89d1c7f8-46de-419f-b2ec-dc69213d45ca,466.09,12.50,24,22.05,63.10,529.19,4.66,consolidation,A,active,2025-10-30,2027-10-30,2025-10-30,2026-05-30 13:40:16.880606+00,2026-05-30 13:40:16.880606+00,,,0.00,0,
e2c46869-2273-4a5d-a548-792d0529d681,LN-1228,de16b11f-1549-41bb-9d57-9c5053f65e71,0c6925f4-7d92-41a9-b358-1d126fb41279,766.76,12.50,24,36.27,103.78,870.54,7.67,event,D,active,2025-03-30,2027-03-30,2025-03-30,2026-05-30 13:40:16.880606+00,2026-05-30 13:40:16.880606+00,,,0.00,0,
e309df1c-1791-44ba-8e63-5b93f69ffff7,LN-1582,39223964-098e-466c-b00d-d2b00b439e55,0c6925f4-7d92-41a9-b358-1d126fb41279,525.96,12.50,24,24.88,71.22,597.18,5.26,consolidation,A,paid_off,2024-02-19,2026-02-19,2024-02-19,2026-05-30 13:40:16.990875+00,2026-05-30 13:40:16.990875+00,,,0.00,0,
e31e86e1-9767-48df-a4f6-6727f1eaaf59,LN-1752,f077a645-db0f-4e5c-a29e-ccafe8ec8111,866a2b0d-da4d-403f-9343-390a810648e5,1223.21,12.50,24,57.87,165.59,1388.80,12.23,equipment,A,paid_off,2024-09-10,2026-09-10,2024-09-10,2026-05-30 13:40:16.990875+00,2026-05-30 13:40:16.990875+00,,,0.00,0,
e32f17d2-8b7a-4724-974e-b944a7f0f6cb,LN-0875,491c1f7d-38ae-4352-aa37-4dde8c25e9e4,0c6925f4-7d92-41a9-b358-1d126fb41279,1575.63,12.50,24,74.54,213.31,1788.94,15.76,equipment,A,active,2025-05-30,2027-05-30,2025-05-30,2026-05-30 13:40:16.751319+00,2026-05-30 13:40:16.751319+00,,,0.00,0,
e33a0dd2-4481-4579-b022-c76d5ba6c060,LN-1839,3e1b1060-74cd-4acc-a8d3-a91a9fef7500,41340b75-3fa9-4cbd-bee5-5d10bb757dbb,680.47,12.50,24,32.19,92.14,772.61,6.80,equipment,C,paid_off,2024-06-11,2026-06-11,2024-06-11,2026-05-30 13:40:16.990875+00,2026-05-30 13:40:16.990875+00,,,0.00,0,
e386e0a0-58d1-4669-82c5-ea2cec4db04f,LN-0404,da4ce10b-4674-44e1-a522-51eecf29fea9,0c6925f4-7d92-41a9-b358-1d126fb41279,77.53,12.50,24,3.67,10.53,88.06,0.78,homeImprovement,A,active,2025-09-30,2027-09-30,2025-09-30,2026-05-30 13:40:16.593247+00,2026-05-30 13:40:16.593247+00,,,0.00,0,
e38aa251-0fc5-433d-8582-060723fc1cd1,LN-1411,12a83725-ed66-43d9-ab24-68515d06d59d,89d1c7f8-46de-419f-b2ec-dc69213d45ca,174.20,12.50,24,8.24,23.58,197.78,1.74,travel,A,paid_off,2024-03-08,2026-03-08,2024-03-08,2026-05-30 13:40:16.880606+00,2026-05-30 13:40:16.880606+00,,,0.00,0,
e390f30b-1885-497a-992b-e561ac748cc1,LN-1636,5a3600d8-2539-460a-9ad6-2659c9c99425,89d1c7f8-46de-419f-b2ec-dc69213d45ca,391.86,12.50,24,18.54,53.04,444.90,3.92,equipment,A,paid_off,2024-02-02,2026-02-02,2024-02-02,2026-05-30 13:40:16.990875+00,2026-05-30 13:40:16.990875+00,,,0.00,0,
e3fc1ee6-aba6-425e-94ab-ee5fe4807dcb,LN-0853,6b486efe-fd51-4516-ae53-b0e26d4d89ab,866a2b0d-da4d-403f-9343-390a810648e5,1608.64,12.50,24,76.10,217.77,1826.41,16.09,consolidation,D,active,2025-03-30,2027-03-30,2025-03-30,2026-05-30 13:40:16.751319+00,2026-05-30 13:40:16.751319+00,,,0.00,0,
e404b42a-98b0-40e2-9699-7a8626338794,LN-0744,a20e8903-7642-4467-8f2f-531e6005192f,0c6925f4-7d92-41a9-b358-1d126fb41279,102.83,12.50,24,4.86,13.92,116.75,1.03,homeImprovement,B,active,2025-08-30,2027-08-30,2025-08-30,2026-05-30 13:40:16.751319+00,2026-05-30 13:40:16.751319+00,,,0.00,0,
e41d1a26-cb98-409c-98f1-7ea3fc89d7a6,LN-1303,2edf6be2-e901-4ef1-aabd-12f27cc929e5,0c6925f4-7d92-41a9-b358-1d126fb41279,652.28,12.50,24,30.86,88.27,740.55,6.52,equipment,A,active,2025-03-30,2027-03-30,2025-03-30,2026-05-30 13:40:16.880606+00,2026-05-30 13:40:16.880606+00,,,0.00,0,
e4330b41-1af8-411d-989a-ab9ba5fb2e8e,LN-0636,5049f262-62a4-43ba-84b7-7d0323505ce7,89d1c7f8-46de-419f-b2ec-dc69213d45ca,330.73,12.50,24,15.65,44.76,375.49,3.31,consolidation,B,active,2025-04-30,2027-04-30,2025-04-30,2026-05-30 13:40:16.751319+00,2026-05-30 13:40:16.751319+00,,,0.00,0,
e4333337-1f6c-462d-adb1-816a39f5e5d8,LN-0867,fbabbcb2-de53-4bc7-9f95-9571fe8a4a8b,0c6925f4-7d92-41a9-b358-1d126fb41279,345.98,12.50,24,16.37,46.83,392.81,3.46,equipment,A,active,2026-03-02,2028-03-02,2026-03-02,2026-05-30 13:40:16.751319+00,2026-05-30 13:40:16.751319+00,,,0.00,1,2026-06-30
e440e053-f9cd-44d0-8299-59d1a8bcf2d2,LN-1668,2e0f4a05-79d3-452a-9189-3ceb3e929aea,89d1c7f8-46de-419f-b2ec-dc69213d45ca,92.60,12.50,24,4.38,12.53,105.13,0.93,consolidation,B,paid_off,2024-01-11,2026-01-11,2024-01-11,2026-05-30 13:40:16.990875+00,2026-05-30 13:40:16.990875+00,,,0.00,0,
e45091ae-140b-49b9-b4d1-19ed61761ed1,LN-1746,bb23fe3a-d8ec-4cd9-b62e-8efad9a90a79,89d1c7f8-46de-419f-b2ec-dc69213d45ca,325.29,12.50,24,15.39,44.05,369.34,3.25,event,D,paid_off,2024-10-02,2026-10-02,2024-10-02,2026-05-30 13:40:16.990875+00,2026-05-30 13:40:16.990875+00,,,0.00,0,
e48e33d5-0d95-4937-922f-2f5213ee3b00,LN-1774,fde547d9-a88a-43a5-9c33-d8f7f883fcd1,89d1c7f8-46de-419f-b2ec-dc69213d45ca,68.59,12.50,24,3.24,9.29,77.88,0.69,homeImprovement,A,paid_off,2024-10-15,2026-10-15,2024-10-15,2026-05-30 13:40:16.990875+00,2026-05-30 13:40:16.990875+00,,,0.00,0,
e49b0049-3e53-4421-b613-e88bd12ffd41,LN-0861,4cfa17d2-f40b-439b-a562-6a204a0e2dd6,0c6925f4-7d92-41a9-b358-1d126fb41279,558.29,12.50,24,26.41,75.58,633.87,5.58,auto,B,defaulted,2025-03-02,2027-03-02,2025-03-02,2026-05-30 13:40:16.751319+00,2026-05-30 13:40:16.751319+00,2025-07-30,written_off,387.40,4,
e4c7c09c-172e-40b5-b5c5-648b6515ff74,LN-0507,177797ad-0a95-40f9-a3bf-9d4481daf430,89d1c7f8-46de-419f-b2ec-dc69213d45ca,94.62,12.50,24,4.48,12.80,107.42,0.95,medical,C,active,2025-10-30,2027-10-30,2025-10-30,2026-05-30 13:40:16.751319+00,2026-05-30 13:40:16.751319+00,,,0.00,0,
e4d8fc42-b69b-4c36-b070-0270506f64b9,LN-0484,c233b8b1-da64-48e2-b900-53d5c28d9a43,41340b75-3fa9-4cbd-bee5-5d10bb757dbb,776.63,12.50,24,36.74,105.13,881.76,7.77,homeImprovement,C,active,2025-11-30,2027-11-30,2025-11-30,2026-05-30 13:40:16.593247+00,2026-05-30 13:40:16.593247+00,,,0.00,0,
e4e3a194-bb69-49d5-ae4f-38ae484e8336,LN-1712,124e70af-ba85-40b7-9e7b-6daffb2dcb50,89d1c7f8-46de-419f-b2ec-dc69213d45ca,187.39,12.50,24,8.86,25.38,212.77,1.87,event,D,paid_off,2024-01-20,2026-01-20,2024-01-20,2026-05-30 13:40:16.990875+00,2026-05-30 13:40:16.990875+00,,,0.00,0,
e55526e5-8414-4838-8034-e023bc48cef0,LN-0382,2e0f4a05-79d3-452a-9189-3ceb3e929aea,89d1c7f8-46de-419f-b2ec-dc69213d45ca,318.24,12.50,24,15.06,43.07,361.31,3.18,consolidation,B,active,2025-03-30,2027-03-30,2025-03-30,2026-05-30 13:40:16.593247+00,2026-05-30 13:40:16.593247+00,,,0.00,0,
e579c592-c9f7-499e-9da5-a8e420d0a037,LN-1890,b325ae23-94ad-428e-bb06-8c1c8a2684ca,0c6925f4-7d92-41a9-b358-1d126fb41279,75.28,12.50,24,3.56,10.22,85.50,0.75,event,D,paid_off,2024-05-17,2026-05-17,2024-05-17,2026-05-30 13:40:16.990875+00,2026-05-30 13:40:16.990875+00,,,0.00,0,
e592920a-dca7-4019-a603-0c22934bd781,LN-0313,7481886c-0c41-459e-bc46-3e41e9070ed5,89d1c7f8-46de-419f-b2ec-dc69213d45ca,114.38,12.50,24,5.41,15.48,129.86,1.14,consolidation,A,active,2025-10-30,2027-10-30,2025-10-30,2026-05-30 13:40:16.593247+00,2026-05-30 13:40:16.593247+00,,,0.00,0,
e5aed076-a6ad-4348-9f2d-29e95b6d0ce7,LN-1704,e0c9c103-788b-4985-ac14-ae9295079d47,89d1c7f8-46de-419f-b2ec-dc69213d45ca,148.83,12.50,24,7.04,20.16,168.99,1.49,equipment,B,paid_off,2024-06-13,2026-06-13,2024-06-13,2026-05-30 13:40:16.990875+00,2026-05-30 13:40:16.990875+00,,,0.00,0,
e5baac39-0ab8-4079-8bcc-9e3a0b32d7e4,LN-0395,8915e82c-f707-4136-b3bf-40aa2b7ab48f,89d1c7f8-46de-419f-b2ec-dc69213d45ca,600.54,12.50,24,28.41,81.29,681.83,6.01,travel,A,active,2025-11-30,2027-11-30,2025-11-30,2026-05-30 13:40:16.593247+00,2026-05-30 13:40:16.593247+00,,,0.00,0,
e5f13091-e5dc-46c1-a770-5c379e0cd7b8,LN-0608,100afeea-6a3a-4890-a1fa-985a464843fd,0c6925f4-7d92-41a9-b358-1d126fb41279,417.15,12.50,24,19.73,56.51,473.66,4.17,consolidation,D,active,2025-03-30,2027-03-30,2025-03-30,2026-05-30 13:40:16.751319+00,2026-05-30 13:40:16.751319+00,,,0.00,0,
e60f0d15-609b-4821-9a7a-b326f5e39f63,LN-1760,afa339f6-7fd1-4639-a861-1ef09a1149b2,41340b75-3fa9-4cbd-bee5-5d10bb757dbb,942.95,12.50,24,44.61,127.62,1070.57,9.43,homeImprovement,D,paid_off,2024-03-19,2026-03-19,2024-03-19,2026-05-30 13:40:16.990875+00,2026-05-30 13:40:16.990875+00,,,0.00,0,
e633e109-e396-4f01-891b-77cfb8f4870c,LN-0933,76bd36fd-681b-44ce-be41-14d6d63e4899,0c6925f4-7d92-41a9-b358-1d126fb41279,821.69,12.50,24,38.87,111.24,932.93,8.22,emergency,A,active,2026-04-30,2028-04-30,2026-04-30,2026-05-30 13:40:16.751319+00,2026-05-30 13:40:16.751319+00,,,0.00,0,
e6468034-8429-47af-9ab9-cf8fbc39c7c3,LN-0560,4268309b-058a-47db-8033-9ae147d8e438,89d1c7f8-46de-419f-b2ec-dc69213d45ca,102.73,12.50,24,4.86,13.92,116.65,1.03,emergency,A,active,2026-01-30,2028-01-30,2026-01-30,2026-05-30 13:40:16.751319+00,2026-05-30 13:40:16.751319+00,,,0.00,0,
e651820b-3218-4c78-a17e-ae8ea5151ec8,LN-1631,8890e16c-71f0-4467-8118-b1391a5f9bc3,89d1c7f8-46de-419f-b2ec-dc69213d45ca,330.49,12.50,24,15.63,44.75,375.24,3.30,emergency,A,paid_off,2024-07-25,2026-07-25,2024-07-25,2026-05-30 13:40:16.990875+00,2026-05-30 13:40:16.990875+00,,,0.00,0,
e6979bd4-c6f2-43f7-937c-c9934e827b86,LN-0908,51c61ba6-e316-40f9-bd0f-a9d5164831c0,866a2b0d-da4d-403f-9343-390a810648e5,765.70,12.50,24,36.22,103.64,869.34,7.66,auto,B,active,2025-04-30,2027-04-30,2025-04-30,2026-05-30 13:40:16.751319+00,2026-05-30 13:40:16.751319+00,,,0.00,0,
e6f38184-945e-4e6c-81c8-3c01aca9348d,LN-0158,d78d68f9-9d0d-41b6-8bbf-4ccb6fc997bd,0c6925f4-7d92-41a9-b358-1d126fb41279,426.73,12.50,24,20.19,57.79,484.52,4.27,event,B,active,2025-03-30,2027-03-30,2025-03-30,2026-05-30 13:40:16.593247+00,2026-05-30 13:40:16.593247+00,,,0.00,0,
e70917a1-d3e2-4139-9315-9e34abaa78fa,LN-1419,73837fb5-0593-4d89-931b-315dae2a236a,0c6925f4-7d92-41a9-b358-1d126fb41279,352.56,12.50,24,16.68,47.72,400.28,3.53,event,D,paid_off,2024-12-20,2026-12-20,2024-12-20,2026-05-30 13:40:16.880606+00,2026-05-30 13:40:16.880606+00,,,0.00,0,
e7137586-f27d-41a1-936b-dfda81185780,LN-0255,34494f61-63e7-4cbb-91de-a2641a49045c,0c6925f4-7d92-41a9-b358-1d126fb41279,513.95,12.50,24,24.31,69.62,583.57,5.14,travel,C,active,2025-06-30,2027-06-30,2025-06-30,2026-05-30 13:40:16.593247+00,2026-05-30 13:40:16.593247+00,,,0.00,0,
e726eb3e-7948-47cf-a6b9-bfe2c908428c,LN-0012,8e65a9da-237e-41ed-a582-e3f7cdbf0b33,0c6925f4-7d92-41a9-b358-1d126fb41279,209.38,12.50,24,9.91,28.34,237.72,2.09,consolidation,C,active,2025-10-30,2027-10-30,2025-10-30,2026-05-30 13:40:16.593247+00,2026-05-30 13:40:16.593247+00,,,0.00,0,
e73e0c39-dd5b-4a2d-b38c-d73f8e17c45b,LN-1595,c198f66d-7d65-45bf-8034-cadd7b9be11d,0c6925f4-7d92-41a9-b358-1d126fb41279,103.04,12.50,24,4.87,13.94,116.98,1.03,travel,A,paid_off,2024-06-14,2026-06-14,2024-06-14,2026-05-30 13:40:16.990875+00,2026-05-30 13:40:16.990875+00,,,0.00,0,
e7600ec0-0879-44d1-8293-7096cb050afa,LN-0945,42bd2fff-7716-4c30-882f-b661a6282d7d,89d1c7f8-46de-419f-b2ec-dc69213d45ca,191.75,12.50,24,9.07,25.98,217.73,1.92,emergency,A,active,2025-10-30,2027-10-30,2025-10-30,2026-05-30 13:40:16.751319+00,2026-05-30 13:40:16.751319+00,,,0.00,0,
e78c9bff-b687-4498-9af4-b28b9c19ae8b,LN-1226,1db603f8-4501-4e6f-86fa-5ee43c73ee0a,0c6925f4-7d92-41a9-b358-1d126fb41279,550.01,12.50,24,26.02,74.46,624.47,5.50,event,A,active,2025-12-30,2027-12-30,2025-12-30,2026-05-30 13:40:16.880606+00,2026-05-30 13:40:16.880606+00,,,0.00,0,
e78f7cbb-ed6f-40a5-b09f-59f3a2b30a0a,LN-1457,8e35cfb0-ac95-4e9f-99f0-2d4f7ba2ae68,0c6925f4-7d92-41a9-b358-1d126fb41279,137.25,12.50,24,6.49,18.61,155.86,1.37,equipment,D,paid_off,2024-10-04,2026-10-04,2024-10-04,2026-05-30 13:40:16.880606+00,2026-05-30 13:40:16.880606+00,,,0.00,0,
e7b863d4-d240-47cc-8e54-db9e724626b2,LN-1600,5b7aefe7-202a-490c-be0d-c6551d3e68ef,0c6925f4-7d92-41a9-b358-1d126fb41279,82.36,12.50,24,3.90,11.16,93.52,0.82,medical,C,paid_off,2024-03-28,2026-03-28,2024-03-28,2026-05-30 13:40:16.990875+00,2026-05-30 13:40:16.990875+00,,,0.00,0,
e7c4b95e-f7e0-4fdb-8aa3-6fca5043d246,LN-0577,15176bdb-d1c2-4d3c-9a49-d300eba480cb,89d1c7f8-46de-419f-b2ec-dc69213d45ca,103.54,12.50,24,4.90,14.04,117.58,1.04,consolidation,B,active,2025-10-30,2027-10-30,2025-10-30,2026-05-30 13:40:16.751319+00,2026-05-30 13:40:16.751319+00,,,0.00,0,
e7df893c-35e6-4a9d-b54e-fde3538a2ada,LN-1840,2db7be19-13b1-48e8-a7ae-a08bee691a86,89d1c7f8-46de-419f-b2ec-dc69213d45ca,266.42,12.50,24,12.60,36.07,302.49,2.66,auto,A,paid_off,2024-09-24,2026-09-24,2024-09-24,2026-05-30 13:40:16.990875+00,2026-05-30 13:40:16.990875+00,,,0.00,0,
e8006a4f-0d54-4fca-8634-63853593ebd7,LN-1638,ad1fa418-f7e7-4d60-96eb-8b3f0aad2e0b,0c6925f4-7d92-41a9-b358-1d126fb41279,134.98,12.50,24,6.39,18.27,153.25,1.35,auto,B,paid_off,2024-11-17,2026-11-17,2024-11-17,2026-05-30 13:40:16.990875+00,2026-05-30 13:40:16.990875+00,,,0.00,0,
e8560819-3f26-467f-8293-4b0384d00056,LN-0643,b4cf8ed1-4ff2-43d1-8385-fd046611a4f3,89d1c7f8-46de-419f-b2ec-dc69213d45ca,348.40,12.50,24,16.48,47.18,395.58,3.48,equipment,B,active,2025-03-30,2027-03-30,2025-03-30,2026-05-30 13:40:16.751319+00,2026-05-30 13:40:16.751319+00,,,0.00,1,2026-06-30
e865d740-3229-499e-8776-8fecff8cce8c,LN-0662,4ee7bc22-e764-474f-afd0-56352d25729a,0c6925f4-7d92-41a9-b358-1d126fb41279,129.20,12.50,24,6.11,17.52,146.72,1.29,event,A,active,2025-08-30,2027-08-30,2025-08-30,2026-05-30 13:40:16.751319+00,2026-05-30 13:40:16.751319+00,,,0.00,0,
e8797576-322f-4a44-a28a-b2dd3ed40d88,LN-0497,e6980f46-ff7c-42cc-a1e7-c854cf136bc9,89d1c7f8-46de-419f-b2ec-dc69213d45ca,319.79,12.50,24,15.13,43.27,363.06,3.20,travel,A,active,2025-06-30,2027-06-30,2025-06-30,2026-05-30 13:40:16.593247+00,2026-05-30 13:40:16.593247+00,,,0.00,0,
e8ac4c6a-3656-4cfb-9c6e-1521d086cf8c,LN-0902,1af3be2b-b7e6-46cf-bea0-cc179da0e065,89d1c7f8-46de-419f-b2ec-dc69213d45ca,215.97,12.50,24,10.22,29.23,245.20,2.16,emergency,A,active,2025-10-30,2027-10-30,2025-10-30,2026-05-30 13:40:16.751319+00,2026-05-30 13:40:16.751319+00,,,0.00,1,2026-06-30
e8bcd072-5d60-41aa-bef1-aa7b5726d532,LN-0106,536b25b3-38ae-4b1d-a21e-3ac9803e18a8,89d1c7f8-46de-419f-b2ec-dc69213d45ca,503.83,12.50,24,23.83,68.22,572.05,5.04,medical,C,active,2026-04-30,2028-04-30,2026-04-30,2026-05-30 13:40:16.593247+00,2026-05-30 13:40:16.593247+00,,,0.00,0,
e8dbcdd3-cae8-4f2d-89ad-90912a52c58b,LN-0978,e75b8450-c7ff-457a-8d48-d11220ad5624,89d1c7f8-46de-419f-b2ec-dc69213d45ca,254.51,12.50,24,12.04,34.45,288.96,2.55,medical,A,active,2025-09-30,2027-09-30,2025-09-30,2026-05-30 13:40:16.751319+00,2026-05-30 13:40:16.751319+00,,,0.00,0,
e931a7f4-13bc-47b1-b784-7f2b630cf23f,LN-1168,cb15b11b-4068-414c-9aad-e9e9c23e7982,0c6925f4-7d92-41a9-b358-1d126fb41279,363.54,12.50,24,17.20,49.23,412.77,3.64,event,B,active,2026-04-30,2028-04-30,2026-04-30,2026-05-30 13:40:16.880606+00,2026-05-30 13:40:16.880606+00,,,0.00,0,
e955293e-4119-418f-8f1a-1eecdd8aa76a,LN-0726,7bf43682-eb16-4f91-b27b-9443886a17b2,89d1c7f8-46de-419f-b2ec-dc69213d45ca,200.93,12.50,24,9.51,27.21,228.14,2.01,emergency,D,active,2025-09-30,2027-09-30,2025-09-30,2026-05-30 13:40:16.751319+00,2026-05-30 13:40:16.751319+00,,,0.00,0,
e95b3792-63c1-432e-be09-fa9272262302,LN-1659,e2abd685-bb41-4ff5-a45d-6ad3ca747466,866a2b0d-da4d-403f-9343-390a810648e5,628.94,12.50,24,29.75,85.16,714.10,6.29,equipment,B,paid_off,2024-06-10,2026-06-10,2024-06-10,2026-05-30 13:40:16.990875+00,2026-05-30 13:40:16.990875+00,,,0.00,0,
e9727b84-4671-43a7-8277-0df2d871b327,LN-0776,91fe79ff-820e-48bc-9c05-13582c5d4e1d,89d1c7f8-46de-419f-b2ec-dc69213d45ca,122.59,12.50,24,5.80,16.62,139.21,1.23,consolidation,A,active,2025-08-30,2027-08-30,2025-08-30,2026-05-30 13:40:16.751319+00,2026-05-30 13:40:16.751319+00,,,0.00,0,
e98db3f6-2303-4313-af1e-4849793df344,LN-1053,be0947c4-2f66-45c0-aa74-41db9d5b593a,89d1c7f8-46de-419f-b2ec-dc69213d45ca,1830.09,12.50,24,86.58,247.72,2077.81,18.30,travel,B,active,2026-03-02,2028-03-02,2026-03-02,2026-05-30 13:40:16.880606+00,2026-05-30 13:40:16.880606+00,,,0.00,0,
e9940c87-a334-4c4d-85c8-03f8fe685e30,LN-1511,3024448d-8277-4d34-a17d-87082e777bed,89d1c7f8-46de-419f-b2ec-dc69213d45ca,171.10,12.50,24,8.09,23.19,194.29,1.71,homeImprovement,C,paid_off,2024-03-01,2026-03-01,2024-03-01,2026-05-30 13:40:16.990875+00,2026-05-30 13:40:16.990875+00,,,0.00,0,
e9ab633c-860e-48d6-aa18-3313ceca9890,LN-0627,6555f2ad-a40f-4d6c-8840-5dd35856cccb,0c6925f4-7d92-41a9-b358-1d126fb41279,794.58,12.50,24,37.59,107.59,902.17,7.95,travel,D,active,2026-03-02,2028-03-02,2026-03-02,2026-05-30 13:40:16.751319+00,2026-05-30 13:40:16.751319+00,,,0.00,0,
e9cd414c-6aee-44f4-8bdc-9c884573f353,LN-0074,aa06c889-5a65-422a-9ad9-eae96444db89,41340b75-3fa9-4cbd-bee5-5d10bb757dbb,930.53,12.50,24,44.02,125.97,1056.50,9.31,event,A,active,2025-05-30,2027-05-30,2025-05-30,2026-05-30 13:40:16.593247+00,2026-05-30 13:40:16.593247+00,,,0.00,1,2026-06-30
e9fabad9-6ae6-4ebd-bc44-58d47c12b552,LN-1985,d5b983df-6e60-496e-a9ca-57e63d35ab58,0c6925f4-7d92-41a9-b358-1d126fb41279,551.48,12.50,24,26.09,74.65,626.13,5.51,auto,A,paid_off,2024-06-28,2026-06-28,2024-06-28,2026-05-30 13:40:16.990875+00,2026-05-30 13:40:16.990875+00,,,0.00,0,
ea1bc33a-35cb-4ebe-b0aa-9fa6730c330f,LN-1681,dc859b27-ef6f-4a66-b90b-7266eedee3d0,0c6925f4-7d92-41a9-b358-1d126fb41279,645.57,12.50,24,30.54,87.42,732.99,6.46,homeImprovement,B,paid_off,2024-06-12,2026-06-12,2024-06-12,2026-05-30 13:40:16.990875+00,2026-05-30 13:40:16.990875+00,,,0.00,0,
ea237d7e-ee7c-4621-a357-ee4e548b09f5,LN-1000,e8320865-cfb1-4978-a216-0776e7392c89,89d1c7f8-46de-419f-b2ec-dc69213d45ca,672.98,12.50,24,31.84,91.08,764.06,6.73,event,B,active,2025-04-30,2027-04-30,2025-04-30,2026-05-30 13:40:16.751319+00,2026-05-30 13:40:16.751319+00,,,0.00,0,
ea2975bb-369c-4602-9e09-742b0621027c,LN-1127,1aeac0e1-cd99-4440-8d7f-eb0f87ab65e8,89d1c7f8-46de-419f-b2ec-dc69213d45ca,339.06,12.50,24,16.04,45.92,384.98,3.39,consolidation,A,active,2025-08-30,2027-08-30,2025-08-30,2026-05-30 13:40:16.880606+00,2026-05-30 13:40:16.880606+00,,,0.00,0,
ea38c609-dd0c-4df1-b480-1e3a24e65dd0,LN-1150,11b373fd-91fb-43ae-96fd-5763f2c942b6,89d1c7f8-46de-419f-b2ec-dc69213d45ca,63.84,12.50,24,3.02,8.64,72.48,0.64,equipment,A,active,2025-10-30,2027-10-30,2025-10-30,2026-05-30 13:40:16.880606+00,2026-05-30 13:40:16.880606+00,,,0.00,1,2026-06-30
ea4e23c9-8bc5-4e37-bf50-de574c68fa25,LN-1126,b1eed9b2-3351-4f8e-abda-658d5d243c62,41340b75-3fa9-4cbd-bee5-5d10bb757dbb,654.94,12.50,24,30.98,88.68,743.62,6.55,emergency,A,active,2026-03-30,2028-03-30,2026-03-30,2026-05-30 13:40:16.880606+00,2026-05-30 13:40:16.880606+00,,,0.00,0,
ea4fe1e5-c207-4557-b54d-e3cb17aaf938,LN-1221,9d785854-b24d-4b90-a175-4ac1fceddcae,89d1c7f8-46de-419f-b2ec-dc69213d45ca,174.26,12.50,24,8.24,23.60,197.86,1.74,travel,C,active,2025-08-30,2027-08-30,2025-08-30,2026-05-30 13:40:16.880606+00,2026-05-30 13:40:16.880606+00,,,0.00,0,
ea5767e4-c39e-472a-a438-fd6a8d7acd4e,LN-0371,83a5df35-6669-44b3-b0ec-b9889683896e,866a2b0d-da4d-403f-9343-390a810648e5,728.52,12.50,24,34.46,98.63,827.15,7.29,event,B,active,2025-12-30,2027-12-30,2025-12-30,2026-05-30 13:40:16.593247+00,2026-05-30 13:40:16.593247+00,,,0.00,0,
ea6952f6-a261-462c-ad93-323dc8edc73a,LN-0245,b067841f-8151-4e32-b960-368cae75e0ba,0c6925f4-7d92-41a9-b358-1d126fb41279,350.88,12.50,24,16.60,47.50,398.38,3.51,auto,A,active,2026-01-30,2028-01-30,2026-01-30,2026-05-30 13:40:16.593247+00,2026-05-30 13:40:16.593247+00,,,0.00,0,
ea7901e6-785a-4631-9b01-6bcfdf0b95de,LN-1215,9083d6e8-49f8-4b26-8c62-2b2b758d81eb,89d1c7f8-46de-419f-b2ec-dc69213d45ca,682.86,12.50,24,32.30,92.45,775.31,6.83,auto,B,active,2025-04-30,2027-04-30,2025-04-30,2026-05-30 13:40:16.880606+00,2026-05-30 13:40:16.880606+00,,,0.00,0,
ea85003e-1215-40b2-bdcb-eb9cd090f9bc,LN-1986,7e9142de-b5fe-4a89-af50-bedb3d7e0505,89d1c7f8-46de-419f-b2ec-dc69213d45ca,146.36,12.50,24,6.92,19.83,166.19,1.46,medical,A,paid_off,2024-03-11,2026-03-11,2024-03-11,2026-05-30 13:40:16.990875+00,2026-05-30 13:40:16.990875+00,,,0.00,0,
eab65bb9-3a54-4749-b58a-c000cd86943c,LN-1362,a8929faa-715b-4661-a1a7-16398c0885dc,89d1c7f8-46de-419f-b2ec-dc69213d45ca,527.72,12.50,24,24.97,71.42,599.14,5.28,auto,B,active,2026-03-02,2028-03-02,2026-03-02,2026-05-30 13:40:16.880606+00,2026-05-30 13:40:16.880606+00,,,0.00,0,
eaf549df-fa63-445a-909c-dab6006758f8,LN-1435,f49c7283-6ce0-4499-af37-cd3cad00dd56,0c6925f4-7d92-41a9-b358-1d126fb41279,674.30,12.50,24,31.90,91.26,765.56,6.74,emergency,B,paid_off,2024-07-22,2026-07-22,2024-07-22,2026-05-30 13:40:16.880606+00,2026-05-30 13:40:16.880606+00,,,0.00,0,
eb3dd0f5-b5af-4db8-92c8-08dcc1715157,LN-0453,c3101fdd-4581-4b83-9c7a-3341ce1a3aeb,41340b75-3fa9-4cbd-bee5-5d10bb757dbb,1036.09,12.50,24,49.01,140.30,1176.39,10.36,consolidation,B,active,2025-03-30,2027-03-30,2025-03-30,2026-05-30 13:40:16.593247+00,2026-05-30 13:40:16.593247+00,,,0.00,0,
eb48eb00-5092-40d5-8a7c-07e623e47edc,LN-0834,fe17475d-196a-4ee2-95c0-777c100f7761,89d1c7f8-46de-419f-b2ec-dc69213d45ca,198.87,12.50,24,9.41,26.93,225.80,1.99,event,B,active,2025-04-30,2027-04-30,2025-04-30,2026-05-30 13:40:16.751319+00,2026-05-30 13:40:16.751319+00,,,0.00,0,
eb987de5-410f-456d-84c7-92ca576e23ef,LN-1637,e7b08d3e-8a2b-495e-a0d3-5da6c96995ee,0c6925f4-7d92-41a9-b358-1d126fb41279,256.68,12.50,24,12.14,34.76,291.44,2.57,consolidation,B,paid_off,2024-08-26,2026-08-26,2024-08-26,2026-05-30 13:40:16.990875+00,2026-05-30 13:40:16.990875+00,,,0.00,0,
eb991a8f-8ff8-4ab4-8629-9fe3c5cc7195,LN-1318,69936481-2043-491b-8c7b-7a46a193c646,89d1c7f8-46de-419f-b2ec-dc69213d45ca,661.87,12.50,24,31.31,89.59,751.46,6.62,consolidation,D,active,2025-05-30,2027-05-30,2025-05-30,2026-05-30 13:40:16.880606+00,2026-05-30 13:40:16.880606+00,,,0.00,0,
ebad42ae-9872-4ea0-ae53-13df638bb573,LN-1762,b3d4ed86-48d8-489d-bda0-b5c2d1401c9f,0c6925f4-7d92-41a9-b358-1d126fb41279,252.86,12.50,24,11.96,34.26,287.12,2.53,travel,A,paid_off,2024-04-06,2026-04-06,2024-04-06,2026-05-30 13:40:16.990875+00,2026-05-30 13:40:16.990875+00,,,0.00,0,
ebafdb16-35a9-4a00-abd7-83d82514b4f8,LN-0780,7143323b-f0eb-49e8-a953-2b27f4983359,0c6925f4-7d92-41a9-b358-1d126fb41279,138.04,12.50,24,6.53,18.67,156.71,1.38,event,B,active,2026-01-30,2028-01-30,2026-01-30,2026-05-30 13:40:16.751319+00,2026-05-30 13:40:16.751319+00,,,0.00,0,
ebd2ee72-8181-4e13-acbc-7bc0c7aabaa9,LN-0279,aa9bc2f6-99f4-4ab0-8263-64823cbd98d7,89d1c7f8-46de-419f-b2ec-dc69213d45ca,238.68,12.50,24,11.29,32.33,271.01,2.39,medical,C,active,2026-03-02,2028-03-02,2026-03-02,2026-05-30 13:40:16.593247+00,2026-05-30 13:40:16.593247+00,,,0.00,0,
ebdd0676-cc0b-4cc1-9106-e7c673821ce1,LN-0207,2b994fff-e09d-4203-82b1-36960871e8ab,0c6925f4-7d92-41a9-b358-1d126fb41279,241.88,12.50,24,11.44,32.78,274.66,2.42,auto,C,active,2026-01-30,2028-01-30,2026-01-30,2026-05-30 13:40:16.593247+00,2026-05-30 13:40:16.593247+00,,,0.00,0,
ebe94f3c-50a2-4dd6-bac6-66838c5df340,LN-0488,724d0c14-b7c7-4706-8ba0-3cbd8bbc7a91,89d1c7f8-46de-419f-b2ec-dc69213d45ca,396.88,12.50,24,18.78,53.68,450.56,3.97,travel,B,active,2025-12-30,2027-12-30,2025-12-30,2026-05-30 13:40:16.593247+00,2026-05-30 13:40:16.593247+00,,,0.00,1,2026-06-30
ec06b626-db6d-4af7-8a87-95d9db5ffbed,LN-0446,ce5d01cf-367d-4730-bd01-54423b105703,0c6925f4-7d92-41a9-b358-1d126fb41279,264.85,12.50,24,12.53,35.85,300.70,2.65,auto,A,active,2026-01-30,2028-01-30,2026-01-30,2026-05-30 13:40:16.593247+00,2026-05-30 13:40:16.593247+00,,,0.00,1,2026-06-30
ec076b88-3960-4f1c-b0dc-09652fedbfa6,LN-0328,1ff47f6e-e86e-442f-88d8-82fd220ad3c5,89d1c7f8-46de-419f-b2ec-dc69213d45ca,379.38,12.50,24,17.95,51.36,430.74,3.79,event,A,active,2025-01-30,2027-01-30,2025-01-30,2026-05-30 13:40:16.593247+00,2026-05-30 13:40:16.593247+00,,,0.00,1,2026-06-30
ec12fb02-3b9e-47a3-87b7-7a33022db1d9,LN-0191,028fe04a-b591-4d7d-992c-24d64a9c9e37,89d1c7f8-46de-419f-b2ec-dc69213d45ca,373.17,12.50,24,17.65,50.51,423.68,3.73,consolidation,A,active,2026-03-30,2028-03-30,2026-03-30,2026-05-30 13:40:16.593247+00,2026-05-30 13:40:16.593247+00,,,0.00,0,
ec57be61-007e-48b3-930b-c928d30e15ed,LN-1193,1b84fb58-9672-4b31-9164-73b0ee86f891,0c6925f4-7d92-41a9-b358-1d126fb41279,250.28,12.50,24,11.84,33.87,284.15,2.50,travel,B,active,2026-03-30,2028-03-30,2026-03-30,2026-05-30 13:40:16.880606+00,2026-05-30 13:40:16.880606+00,,,0.00,0,
ec6ee15c-927c-4e57-9989-b4c15ee27ef6,LN-0470,b5fde743-61ee-444f-bd49-9492738763c9,0c6925f4-7d92-41a9-b358-1d126fb41279,479.03,12.50,24,22.66,64.85,543.88,4.79,homeImprovement,B,active,2025-10-30,2027-10-30,2025-10-30,2026-05-30 13:40:16.593247+00,2026-05-30 13:40:16.593247+00,,,0.00,2,2026-06-30
ec846588-f212-4e64-85c1-66d3ab358ca1,LN-1858,6694209a-7306-4b3f-9a87-86f853288712,89d1c7f8-46de-419f-b2ec-dc69213d45ca,302.18,12.50,24,14.30,40.90,343.08,3.02,homeImprovement,A,paid_off,2024-04-03,2026-04-03,2024-04-03,2026-05-30 13:40:16.990875+00,2026-05-30 13:40:16.990875+00,,,0.00,0,
ec86d14e-9a73-4799-bc18-6426a36277fb,LN-1769,3f5258fd-8ac4-4681-a6d8-bb8120ef85aa,89d1c7f8-46de-419f-b2ec-dc69213d45ca,97.77,12.50,24,4.63,13.23,111.00,0.98,equipment,A,paid_off,2024-08-22,2026-08-22,2024-08-22,2026-05-30 13:40:16.990875+00,2026-05-30 13:40:16.990875+00,,,0.00,0,
eca66af7-d3b7-42cd-804f-a1504057c4a9,LN-1615,2db7be19-13b1-48e8-a7ae-a08bee691a86,0c6925f4-7d92-41a9-b358-1d126fb41279,291.84,12.50,24,13.81,39.50,331.34,2.92,event,A,paid_off,2024-09-11,2026-09-11,2024-09-11,2026-05-30 13:40:16.990875+00,2026-05-30 13:40:16.990875+00,,,0.00,0,
ecb6aa91-de8a-4b55-9371-bbc48cde3833,LN-1095,2e073dea-228e-4898-954f-94ce8663a7c8,0c6925f4-7d92-41a9-b358-1d126fb41279,324.23,12.50,24,15.34,43.87,368.10,3.24,consolidation,B,active,2025-10-30,2027-10-30,2025-10-30,2026-05-30 13:40:16.880606+00,2026-05-30 13:40:16.880606+00,,,0.00,0,
ece66955-714a-46a4-9e7d-24bf2a5e642f,LN-0581,b8dd9aec-6c5d-49b8-abd1-ebba132aeb62,0c6925f4-7d92-41a9-b358-1d126fb41279,452.59,12.50,24,21.41,61.27,513.86,4.53,travel,C,active,2025-09-30,2027-09-30,2025-09-30,2026-05-30 13:40:16.751319+00,2026-05-30 13:40:16.751319+00,,,0.00,0,
ecf1a974-b51f-4367-807b-a871300f8ba0,LN-1684,a43a82ba-b21d-43c9-8da7-df809a444be8,89d1c7f8-46de-419f-b2ec-dc69213d45ca,308.31,12.50,24,14.59,41.74,350.05,3.08,event,A,paid_off,2024-03-03,2026-03-03,2024-03-03,2026-05-30 13:40:16.990875+00,2026-05-30 13:40:16.990875+00,,,0.00,0,
ecf88057-3951-4d18-9ae4-ef405f56de6d,LN-0831,cea29cb3-092e-483a-872b-c74e0cc6f8dc,89d1c7f8-46de-419f-b2ec-dc69213d45ca,1065.78,12.50,24,50.42,144.27,1210.05,10.66,emergency,C,active,2026-01-30,2028-01-30,2026-01-30,2026-05-30 13:40:16.751319+00,2026-05-30 13:40:16.751319+00,,,0.00,1,2026-06-30
ed1894a7-f5d3-48b4-ac01-390b3973c2d1,LN-0309,3147fb8b-8238-4e95-a00b-cfeadd4b3cd2,89d1c7f8-46de-419f-b2ec-dc69213d45ca,571.80,12.50,24,27.05,77.38,649.18,5.72,event,D,active,2025-06-30,2027-06-30,2025-06-30,2026-05-30 13:40:16.593247+00,2026-05-30 13:40:16.593247+00,,,0.00,0,
ed50f9ff-1bc0-4be5-8078-335f7db13407,LN-1755,fd3b4c75-5c35-454f-86c2-50a478cda485,866a2b0d-da4d-403f-9343-390a810648e5,716.88,12.50,24,33.91,97.05,813.93,7.17,travel,C,paid_off,2024-05-07,2026-05-07,2024-05-07,2026-05-30 13:40:16.990875+00,2026-05-30 13:40:16.990875+00,,,0.00,0,
ed520e29-5218-4a1a-9e8d-79f6b702b27e,LN-0035,a05095ec-0080-4c96-91c4-9e94ae3e18f6,89d1c7f8-46de-419f-b2ec-dc69213d45ca,480.81,12.50,24,22.75,65.07,545.88,4.81,event,D,active,2025-08-30,2027-08-30,2025-08-30,2026-05-30 13:40:16.593247+00,2026-05-30 13:40:16.593247+00,,,0.00,0,
ed52e814-6a5d-471f-a361-84888e77306a,LN-0541,681e8862-1f0b-4985-93da-e1fd722d8540,866a2b0d-da4d-403f-9343-390a810648e5,704.03,12.50,24,33.31,95.29,799.32,7.04,consolidation,A,active,2025-03-30,2027-03-30,2025-03-30,2026-05-30 13:40:16.751319+00,2026-05-30 13:40:16.751319+00,,,0.00,0,
ed740e8c-e57b-463a-86cc-0dc2a842cde0,LN-1966,b2d1af78-cb8b-4c9b-916b-d25df7477335,89d1c7f8-46de-419f-b2ec-dc69213d45ca,454.35,12.50,24,21.49,61.49,515.84,4.54,consolidation,A,paid_off,2024-04-28,2026-04-28,2024-04-28,2026-05-30 13:40:16.990875+00,2026-05-30 13:40:16.990875+00,,,0.00,0,
ed826b8c-4d9a-461d-ab38-36f4dc9066af,LN-1423,6e14ec94-6068-42bc-842c-5d75efd068e4,89d1c7f8-46de-419f-b2ec-dc69213d45ca,56.55,12.50,24,2.68,7.65,64.20,0.57,travel,C,paid_off,2024-05-22,2026-05-22,2024-05-22,2026-05-30 13:40:16.880606+00,2026-05-30 13:40:16.880606+00,,,0.00,0,
eda65721-8de6-4f1a-91b4-a9ee28e627bb,LN-0109,e92d1578-d2bc-4f0e-8064-6393ed66bc9c,89d1c7f8-46de-419f-b2ec-dc69213d45ca,519.63,12.50,24,24.58,70.33,589.96,5.20,homeImprovement,A,active,2026-03-30,2028-03-30,2026-03-30,2026-05-30 13:40:16.593247+00,2026-05-30 13:40:16.593247+00,,,0.00,0,
edebdda8-df2d-4c17-babe-380376fabeaa,LN-0582,7d73ac07-a49e-4ce6-9793-c16ab0c03083,0c6925f4-7d92-41a9-b358-1d126fb41279,108.84,12.50,24,5.15,14.74,123.58,1.09,consolidation,C,active,2025-10-30,2027-10-30,2025-10-30,2026-05-30 13:40:16.751319+00,2026-05-30 13:40:16.751319+00,,,0.00,0,
edf5fada-b3ce-4a5f-86cc-6e5146fa3a4e,LN-0046,a7423738-7541-422e-8bac-419d4b05c205,0c6925f4-7d92-41a9-b358-1d126fb41279,474.41,12.50,24,22.44,64.23,538.64,4.74,equipment,A,active,2026-04-30,2028-04-30,2026-04-30,2026-05-30 13:40:16.593247+00,2026-05-30 13:40:16.593247+00,,,0.00,0,
ee0ba7ef-89ee-4213-879d-fa7002e986cb,LN-0345,1b77d077-7ab1-470f-8ef7-b1e1daa13f6e,0c6925f4-7d92-41a9-b358-1d126fb41279,574.50,12.50,24,27.18,77.77,652.27,5.75,equipment,A,active,2026-04-30,2028-04-30,2026-04-30,2026-05-30 13:40:16.593247+00,2026-05-30 13:40:16.593247+00,,,0.00,0,
ee142e57-1208-4180-85ab-ad9debd1004a,LN-1954,d473a7ed-f282-4e33-ba51-e74dd9eb2ee2,41340b75-3fa9-4cbd-bee5-5d10bb757dbb,1094.70,12.50,24,51.79,148.17,1242.87,10.95,travel,B,paid_off,2024-01-16,2026-01-16,2024-01-16,2026-05-30 13:40:16.990875+00,2026-05-30 13:40:16.990875+00,,,0.00,0,
ee395bce-2396-458c-ba16-6717eebd6d89,LN-0464,f38f4626-a609-4151-9fd1-4c40efb8b59c,0c6925f4-7d92-41a9-b358-1d126fb41279,1320.31,12.50,24,62.46,178.72,1499.03,13.20,auto,B,active,2025-05-30,2027-05-30,2025-05-30,2026-05-30 13:40:16.593247+00,2026-05-30 13:40:16.593247+00,,,0.00,2,2026-06-30
ee3b39ce-0809-4edc-9db6-635ff9a13d29,LN-1534,c18e42f9-3824-4c2f-89f2-1942d1612378,0c6925f4-7d92-41a9-b358-1d126fb41279,541.75,12.50,24,25.63,73.32,615.07,5.42,emergency,A,paid_off,2024-11-17,2026-11-17,2024-11-17,2026-05-30 13:40:16.990875+00,2026-05-30 13:40:16.990875+00,,,0.00,0,
ee5d288d-3081-4abe-8bd0-5b2f345e568c,LN-1830,344e4c86-3d72-407c-806b-6870192265a3,89d1c7f8-46de-419f-b2ec-dc69213d45ca,1200.54,12.50,24,56.79,162.54,1363.08,12.01,homeImprovement,C,paid_off,2024-10-10,2026-10-10,2024-10-10,2026-05-30 13:40:16.990875+00,2026-05-30 13:40:16.990875+00,,,0.00,0,
ee6e3e54-e23b-4913-90b2-9604e13e40e5,LN-0041,4287521b-2674-4e3d-ad05-deed9b56b034,89d1c7f8-46de-419f-b2ec-dc69213d45ca,955.10,12.50,24,45.18,129.32,1084.42,9.55,consolidation,B,active,2025-10-30,2027-10-30,2025-10-30,2026-05-30 13:40:16.593247+00,2026-05-30 13:40:16.593247+00,,,0.00,0,
ee704e75-6d5d-4948-a611-442ea7251a82,LN-1821,3a3b8d4a-f5e5-4c9a-9cc8-b0ae6f1db971,41340b75-3fa9-4cbd-bee5-5d10bb757dbb,659.37,12.50,24,31.19,89.29,748.66,6.59,auto,B,paid_off,2024-02-07,2026-02-07,2024-02-07,2026-05-30 13:40:16.990875+00,2026-05-30 13:40:16.990875+00,,,0.00,0,
eed264b1-e8c1-4666-85d4-098a17a83db0,LN-0563,cffe7b5d-2f6a-4e3b-8587-84a2395da6fb,89d1c7f8-46de-419f-b2ec-dc69213d45ca,600.58,12.50,24,28.41,81.32,681.90,6.01,medical,D,active,2025-12-30,2027-12-30,2025-12-30,2026-05-30 13:40:16.751319+00,2026-05-30 13:40:16.751319+00,,,0.00,0,
eef07e44-39a5-4a8a-af9e-f75979582075,LN-1547,3da6d72f-fae5-48f1-be7d-d4667e0f2865,0c6925f4-7d92-41a9-b358-1d126fb41279,393.38,12.50,24,18.61,53.27,446.65,3.93,event,A,paid_off,2024-01-11,2026-01-11,2024-01-11,2026-05-30 13:40:16.990875+00,2026-05-30 13:40:16.990875+00,,,0.00,0,
ef060491-b2f8-4940-8459-34df9fce54f1,LN-0534,9e43c098-3d5f-4710-a46e-7f384f63fe2b,41340b75-3fa9-4cbd-bee5-5d10bb757dbb,1403.58,12.50,24,66.40,190.02,1593.60,14.04,event,B,active,2025-11-30,2027-11-30,2025-11-30,2026-05-30 13:40:16.751319+00,2026-05-30 13:40:16.751319+00,,,0.00,1,2026-06-30
ef2e24e7-f209-4fc6-a7b0-e324b60faa66,LN-1569,3840c70e-789d-4c70-81cb-970fa02708f6,866a2b0d-da4d-403f-9343-390a810648e5,505.22,12.50,24,23.90,68.37,573.59,5.05,medical,A,paid_off,2024-01-20,2026-01-20,2024-01-20,2026-05-30 13:40:16.990875+00,2026-05-30 13:40:16.990875+00,,,0.00,0,
ef365c76-9dc9-405d-ba8c-58de5ecc496a,LN-1941,131c7519-d006-4791-ab13-e8507a8f2b2f,866a2b0d-da4d-403f-9343-390a810648e5,1099.55,12.50,24,52.02,148.85,1248.40,11.00,auto,A,paid_off,2024-09-01,2026-09-01,2024-09-01,2026-05-30 13:40:16.990875+00,2026-05-30 13:40:16.990875+00,,,0.00,0,
ef46f7ff-47f2-4daf-8fd8-b7d6f3e92903,LN-0457,e7f69354-7bab-4174-82f7-a90a576b532c,89d1c7f8-46de-419f-b2ec-dc69213d45ca,357.85,12.50,24,16.93,48.45,406.30,3.58,consolidation,A,active,2026-03-30,2028-03-30,2026-03-30,2026-05-30 13:40:16.593247+00,2026-05-30 13:40:16.593247+00,,,0.00,0,
ef6fdd28-be00-4cff-84ab-2ed569ee1780,LN-1653,85810ea6-eef4-4660-860d-deb49f0149d6,0c6925f4-7d92-41a9-b358-1d126fb41279,296.46,12.50,24,14.02,40.16,336.62,2.96,emergency,A,paid_off,2024-03-22,2026-03-22,2024-03-22,2026-05-30 13:40:16.990875+00,2026-05-30 13:40:16.990875+00,,,0.00,0,
efc53631-d7b9-4e84-b87c-34abdf71a591,LN-1640,5bbe5af2-7126-4aa9-b6f7-b766b66f6f81,0c6925f4-7d92-41a9-b358-1d126fb41279,266.60,12.50,24,12.61,36.10,302.70,2.67,equipment,B,paid_off,2024-06-06,2026-06-06,2024-06-06,2026-05-30 13:40:16.990875+00,2026-05-30 13:40:16.990875+00,,,0.00,0,
efe9f13a-2e3e-46cf-bc4d-7ef13fed38e9,LN-1458,ede3fdc2-c41b-49e8-b2cc-846d00c603a9,0c6925f4-7d92-41a9-b358-1d126fb41279,186.53,12.50,24,8.82,25.26,211.79,1.87,homeImprovement,A,paid_off,2024-10-28,2026-10-28,2024-10-28,2026-05-30 13:40:16.880606+00,2026-05-30 13:40:16.880606+00,,,0.00,0,
eff2604b-ba3c-4f0e-8c2c-e6e13f30fe57,LN-1629,f4399f24-a371-4b58-a237-fd68329d89e9,866a2b0d-da4d-403f-9343-390a810648e5,644.76,12.50,24,30.50,87.31,732.07,6.45,auto,A,paid_off,2024-06-21,2026-06-21,2024-06-21,2026-05-30 13:40:16.990875+00,2026-05-30 13:40:16.990875+00,,,0.00,0,
f00071ea-cf6f-4aaf-acc7-f7d2c980ac8c,LN-0841,871c8e41-97b5-46fe-ba5b-83e247a828e9,89d1c7f8-46de-419f-b2ec-dc69213d45ca,518.75,12.50,24,24.54,70.21,588.96,5.19,emergency,A,active,2026-03-30,2028-03-30,2026-03-30,2026-05-30 13:40:16.751319+00,2026-05-30 13:40:16.751319+00,,,0.00,0,
f0051bc7-dbe8-4a91-88dd-ed05f226543d,LN-1316,76e908a1-c345-4c6c-b305-d9d456fce893,0c6925f4-7d92-41a9-b358-1d126fb41279,662.44,12.50,24,31.34,89.66,752.10,6.62,equipment,A,defaulted,2025-01-30,2027-01-30,2025-01-30,2026-05-30 13:40:16.880606+00,2026-05-30 13:40:16.880606+00,2025-09-30,written_off,433.10,4,
f008770d-6824-4640-9455-0a57672a56bd,LN-1747,937ff0cd-ddb3-49e9-b901-81f3a99d3b0f,41340b75-3fa9-4cbd-bee5-5d10bb757dbb,664.06,12.50,24,31.41,89.88,753.94,6.64,event,B,paid_off,2024-06-06,2026-06-06,2024-06-06,2026-05-30 13:40:16.990875+00,2026-05-30 13:40:16.990875+00,,,0.00,0,
f02e7cbf-8547-4bae-9d35-e4f8fd5ca476,LN-0336,3247fa72-0541-4899-8424-ef9a43bfeafc,89d1c7f8-46de-419f-b2ec-dc69213d45ca,342.07,12.50,24,16.18,46.30,388.37,3.42,consolidation,A,active,2026-01-30,2028-01-30,2026-01-30,2026-05-30 13:40:16.593247+00,2026-05-30 13:40:16.593247+00,,,0.00,0,
f08186d5-2da4-47a8-b4e1-e70b914a3a2e,LN-1728,c1d6b5e3-f80f-428c-9f37-1b5f7d67ac41,0c6925f4-7d92-41a9-b358-1d126fb41279,421.22,12.50,24,19.93,57.01,478.23,4.21,emergency,D,paid_off,2024-09-19,2026-09-19,2024-09-19,2026-05-30 13:40:16.990875+00,2026-05-30 13:40:16.990875+00,,,0.00,0,
f09dd3a7-7d2e-4bca-a45d-4fc2aa0d0cd4,LN-0410,1dbe56f9-918b-440b-a87c-db5f910b91fe,866a2b0d-da4d-403f-9343-390a810648e5,858.23,12.50,24,40.60,116.20,974.43,8.58,homeImprovement,A,active,2025-10-30,2027-10-30,2025-10-30,2026-05-30 13:40:16.593247+00,2026-05-30 13:40:16.593247+00,,,0.00,0,
f0cdd58f-7932-42a7-8a27-e467663a7671,LN-0546,9a7805e4-ac95-4f01-b048-9fdb96cd754b,89d1c7f8-46de-419f-b2ec-dc69213d45ca,77.61,12.50,24,3.67,10.54,88.15,0.78,auto,B,active,2025-07-30,2027-07-30,2025-07-30,2026-05-30 13:40:16.751319+00,2026-05-30 13:40:16.751319+00,,,0.00,0,
f0d34104-2308-4abd-8c57-739da530852a,LN-1960,56c57062-219f-451f-9567-8edb472100e5,0c6925f4-7d92-41a9-b358-1d126fb41279,299.93,12.50,24,14.19,40.61,340.54,3.00,auto,C,paid_off,2024-09-18,2026-09-18,2024-09-18,2026-05-30 13:40:16.990875+00,2026-05-30 13:40:16.990875+00,,,0.00,0,
f11b0f33-5c6d-4a7e-bdc5-d84922c376bc,LN-1076,93294432-1ad3-41b1-ab06-1ab9e73d1a23,0c6925f4-7d92-41a9-b358-1d126fb41279,338.36,12.50,24,16.01,45.78,384.14,3.38,travel,A,active,2026-03-30,2028-03-30,2026-03-30,2026-05-30 13:40:16.880606+00,2026-05-30 13:40:16.880606+00,,,0.00,0,
f1afbe81-65a4-44a8-9b2a-2d6796f3af17,LN-1510,609c1114-91ef-4a6e-a30e-6b57fed75b76,0c6925f4-7d92-41a9-b358-1d126fb41279,432.42,12.50,24,20.46,58.52,490.94,4.32,homeImprovement,A,paid_off,2024-12-12,2026-12-12,2024-12-12,2026-05-30 13:40:16.990875+00,2026-05-30 13:40:16.990875+00,,,0.00,0,
f1dc2eab-1ce1-4722-bb3e-4e2294e7b19a,LN-0833,4d45aaa6-f5bd-47c1-b620-3f2b633a487f,89d1c7f8-46de-419f-b2ec-dc69213d45ca,883.19,12.50,24,41.78,119.57,1002.76,8.83,event,D,active,2026-04-30,2028-04-30,2026-04-30,2026-05-30 13:40:16.751319+00,2026-05-30 13:40:16.751319+00,,,0.00,0,
f1f1dd35-5c34-4e69-8fb1-a5ca01ad1ce3,LN-1923,a06487ba-c4ee-4fa8-8ff8-fa009192f5a6,89d1c7f8-46de-419f-b2ec-dc69213d45ca,313.95,12.50,24,14.85,42.51,356.46,3.14,consolidation,B,paid_off,2024-12-28,2026-12-28,2024-12-28,2026-05-30 13:40:16.990875+00,2026-05-30 13:40:16.990875+00,,,0.00,0,
f1f4bf25-8341-46d4-b382-7496e1767f4f,LN-1047,c213c808-fbe1-41c4-88f1-15f01454fb30,41340b75-3fa9-4cbd-bee5-5d10bb757dbb,863.54,12.50,24,40.85,116.91,980.45,8.64,event,B,active,2025-06-30,2027-06-30,2025-06-30,2026-05-30 13:40:16.880606+00,2026-05-30 13:40:16.880606+00,,,0.00,0,
f1ff7918-95a0-4526-9498-c0482f82c662,LN-1177,7aea28b9-a3d9-45af-8179-57b24922a46c,866a2b0d-da4d-403f-9343-390a810648e5,662.95,12.50,24,31.36,89.76,752.71,6.63,equipment,A,active,2026-03-30,2028-03-30,2026-03-30,2026-05-30 13:40:16.880606+00,2026-05-30 13:40:16.880606+00,,,0.00,0,
f2281a7e-27a5-41a0-a816-268c7fc9f344,LN-1914,028fe04a-b591-4d7d-992c-24d64a9c9e37,0c6925f4-7d92-41a9-b358-1d126fb41279,197.86,12.50,24,9.36,26.76,224.62,1.98,homeImprovement,A,paid_off,2024-06-18,2026-06-18,2024-06-18,2026-05-30 13:40:16.990875+00,2026-05-30 13:40:16.990875+00,,,0.00,0,
f2317884-278e-48e5-ad05-d06f010b1048,LN-1642,ba9be427-0dab-4962-9b15-4773145967eb,89d1c7f8-46de-419f-b2ec-dc69213d45ca,61.24,12.50,24,2.90,8.28,69.52,0.61,travel,A,paid_off,2024-08-16,2026-08-16,2024-08-16,2026-05-30 13:40:16.990875+00,2026-05-30 13:40:16.990875+00,,,0.00,0,
f2c274f4-38ec-4312-a38b-1cb1eee042b1,LN-0103,1d0becd5-8602-44a0-9da5-efa1be448df1,0c6925f4-7d92-41a9-b358-1d126fb41279,598.39,12.50,24,28.31,81.01,679.40,5.98,medical,A,active,2025-09-30,2027-09-30,2025-09-30,2026-05-30 13:40:16.593247+00,2026-05-30 13:40:16.593247+00,,,0.00,0,
f2d85fca-c97c-4367-97b8-c15534da389f,LN-0993,da8fb707-1ae9-40d0-ba04-33722038fd06,89d1c7f8-46de-419f-b2ec-dc69213d45ca,136.04,12.50,24,6.44,18.39,154.43,1.36,consolidation,B,active,2026-03-02,2028-03-02,2026-03-02,2026-05-30 13:40:16.751319+00,2026-05-30 13:40:16.751319+00,,,0.00,1,2026-06-30
f2f12d75-451b-406a-88b7-0b8baa23d4f8,LN-1416,3929e915-5c68-4b60-a2ec-1204dbb32be8,41340b75-3fa9-4cbd-bee5-5d10bb757dbb,1047.30,12.50,24,49.54,141.78,1189.08,10.47,consolidation,A,paid_off,2024-03-02,2026-03-02,2024-03-02,2026-05-30 13:40:16.880606+00,2026-05-30 13:40:16.880606+00,,,0.00,0,
f3031181-32f1-4c2a-b920-011a2ec8d954,LN-0493,92706af5-fdff-41b8-9d35-52794d0b84ee,89d1c7f8-46de-419f-b2ec-dc69213d45ca,469.14,12.50,24,22.19,63.55,532.69,4.69,event,A,active,2025-07-30,2027-07-30,2025-07-30,2026-05-30 13:40:16.593247+00,2026-05-30 13:40:16.593247+00,,,0.00,0,
f33ec7bf-e7c8-4094-bd59-30ae8a929081,LN-1284,daf1f13b-d397-401f-8b94-59200651e03f,89d1c7f8-46de-419f-b2ec-dc69213d45ca,477.32,12.50,24,22.58,64.62,541.94,4.77,auto,B,active,2026-03-02,2028-03-02,2026-03-02,2026-05-30 13:40:16.880606+00,2026-05-30 13:40:16.880606+00,,,0.00,0,
f38d688a-8856-4a98-87ab-20306bf21201,LN-1670,4173cf11-bf43-429a-8214-384fd336cfa2,866a2b0d-da4d-403f-9343-390a810648e5,889.00,12.50,24,42.06,120.33,1009.33,8.89,equipment,A,paid_off,2024-07-07,2026-07-07,2024-07-07,2026-05-30 13:40:16.990875+00,2026-05-30 13:40:16.990875+00,,,0.00,0,
f39e36d9-e90b-448e-bdf4-ea8e2d693e6b,LN-1195,3e9ec09d-773c-4bb0-b02c-6e92515d759f,89d1c7f8-46de-419f-b2ec-dc69213d45ca,284.16,12.50,24,13.44,38.48,322.64,2.84,homeImprovement,A,active,2026-03-30,2028-03-30,2026-03-30,2026-05-30 13:40:16.880606+00,2026-05-30 13:40:16.880606+00,,,0.00,0,
f39ecc37-60f9-442c-a3bf-b71d07288c01,LN-1448,9c376121-bb16-4d42-8d8e-ae687407893f,0c6925f4-7d92-41a9-b358-1d126fb41279,93.67,12.50,24,4.43,12.71,106.38,0.94,homeImprovement,A,paid_off,2024-06-03,2026-06-03,2024-06-03,2026-05-30 13:40:16.880606+00,2026-05-30 13:40:16.880606+00,,,0.00,0,
f3c5ae0f-0ed8-4828-8131-e60d15522e35,LN-1740,f198e4be-ec01-4089-8746-cdb617a4cf4a,0c6925f4-7d92-41a9-b358-1d126fb41279,228.76,12.50,24,10.82,30.98,259.74,2.29,travel,A,paid_off,2024-11-04,2026-11-04,2024-11-04,2026-05-30 13:40:16.990875+00,2026-05-30 13:40:16.990875+00,,,0.00,0,
f3d2a344-3642-496c-8c0c-b4d07d0b466d,LN-0767,a5ded352-9a38-4dfd-8ab1-1a1ddff4e7b0,89d1c7f8-46de-419f-b2ec-dc69213d45ca,581.74,12.50,24,27.52,78.76,660.50,5.82,travel,A,active,2025-08-30,2027-08-30,2025-08-30,2026-05-30 13:40:16.751319+00,2026-05-30 13:40:16.751319+00,,,0.00,0,
f3d8c04f-9a64-4586-b238-782e3f3922a6,LN-1433,68da4869-27a4-4746-9543-31dab9a1e3cd,0c6925f4-7d92-41a9-b358-1d126fb41279,173.74,12.50,24,8.22,23.54,197.28,1.74,auto,A,paid_off,2024-09-03,2026-09-03,2024-09-03,2026-05-30 13:40:16.880606+00,2026-05-30 13:40:16.880606+00,,,0.00,0,
f3da1549-bb64-40cb-83a5-fd9e39ccf40f,LN-1141,dbcdac8c-fae7-40e1-ad28-5d6b8db8ac3b,89d1c7f8-46de-419f-b2ec-dc69213d45ca,1071.97,12.50,24,50.71,145.11,1217.08,10.72,travel,B,active,2026-03-02,2028-03-02,2026-03-02,2026-05-30 13:40:16.880606+00,2026-05-30 13:40:16.880606+00,,,0.00,1,2026-06-30
f3ddb1d1-047a-4f05-9879-ae92c3e4d066,LN-0005,84c498da-1576-4a36-a66e-80b70b9bc135,0c6925f4-7d92-41a9-b358-1d126fb41279,136.04,12.50,24,6.44,18.39,154.43,1.36,travel,B,active,2025-05-30,2027-05-30,2025-05-30,2026-05-30 13:40:16.593247+00,2026-05-30 13:40:16.593247+00,,,0.00,0,
f3f2889a-6dfd-4c63-a368-2bda31f70e8d,LN-0965,de3121ac-8f8e-409d-8d94-8a62767e450c,0c6925f4-7d92-41a9-b358-1d126fb41279,139.10,12.50,24,6.58,18.86,157.96,1.39,consolidation,A,active,2025-06-30,2027-06-30,2025-06-30,2026-05-30 13:40:16.751319+00,2026-05-30 13:40:16.751319+00,,,0.00,0,
f3fa273c-8986-4b78-bf8f-314d9e5dda24,LN-0417,146abe1b-a93c-408a-97bf-adc730504644,41340b75-3fa9-4cbd-bee5-5d10bb757dbb,784.11,12.50,24,37.09,106.16,890.27,7.84,event,B,active,2025-12-30,2027-12-30,2025-12-30,2026-05-30 13:40:16.593247+00,2026-05-30 13:40:16.593247+00,,,0.00,0,
f41e1740-20f1-4d0e-91cc-78667c78330d,LN-1648,0520b07e-0138-4424-a264-798935b944fc,89d1c7f8-46de-419f-b2ec-dc69213d45ca,334.42,12.50,24,15.82,45.26,379.68,3.34,travel,C,paid_off,2024-08-07,2026-08-07,2024-08-07,2026-05-30 13:40:16.990875+00,2026-05-30 13:40:16.990875+00,,,0.00,0,
f42568f3-241a-4fb2-b9a4-0b532c676b72,LN-1437,ed49f3ca-1f49-47ea-861e-6ace879cb675,0c6925f4-7d92-41a9-b358-1d126fb41279,388.75,12.50,24,18.39,52.64,441.39,3.89,medical,B,paid_off,2024-10-23,2026-10-23,2024-10-23,2026-05-30 13:40:16.880606+00,2026-05-30 13:40:16.880606+00,,,0.00,0,
f427ee7f-4859-4fbb-a490-f980f16c17a7,LN-1721,8902800d-9c4f-4c02-b069-a64b6c970ee2,0c6925f4-7d92-41a9-b358-1d126fb41279,812.41,12.50,24,38.43,109.97,922.38,8.12,emergency,C,paid_off,2024-08-22,2026-08-22,2024-08-22,2026-05-30 13:40:16.990875+00,2026-05-30 13:40:16.990875+00,,,0.00,0,
f45a82de-4dd5-462b-85ee-f8bd9aafe56d,LN-0011,b9a2c6d5-a536-4641-a438-4dddb3c3fe8f,0c6925f4-7d92-41a9-b358-1d126fb41279,160.28,12.50,24,7.58,21.73,182.01,1.60,homeImprovement,C,active,2025-05-30,2027-05-30,2025-05-30,2026-05-30 13:40:16.593247+00,2026-05-30 13:40:16.593247+00,,,0.00,0,
f46dfbb5-291d-465c-a703-8d66cd4575be,LN-1361,dd78e1c2-cf76-4cdd-9c9a-21774a39f87b,0c6925f4-7d92-41a9-b358-1d126fb41279,133.86,12.50,24,6.33,18.11,151.97,1.34,travel,A,active,2025-03-30,2027-03-30,2025-03-30,2026-05-30 13:40:16.880606+00,2026-05-30 13:40:16.880606+00,,,0.00,1,2026-06-30
f4804c2c-5db4-4da9-bfb4-c65ee2ff7c2b,LN-1573,1594a0de-ded1-4ecb-97ea-db5bc22c1237,0c6925f4-7d92-41a9-b358-1d126fb41279,68.81,12.50,24,3.26,9.32,78.13,0.69,emergency,A,paid_off,2024-01-16,2026-01-16,2024-01-16,2026-05-30 13:40:16.990875+00,2026-05-30 13:40:16.990875+00,,,0.00,0,
f4a85bb5-ad56-424a-8bc1-e15aed185bec,LN-0930,1a388feb-f49e-4939-aa11-88f38659b613,0c6925f4-7d92-41a9-b358-1d126fb41279,385.82,12.50,24,18.25,52.26,438.08,3.86,travel,B,active,2025-11-30,2027-11-30,2025-11-30,2026-05-30 13:40:16.751319+00,2026-05-30 13:40:16.751319+00,,,0.00,0,
f4b5eccc-1e0c-43be-8fea-b66e80a06f51,LN-1503,57b3f351-2073-45ea-a974-c9ef0cfc8872,89d1c7f8-46de-419f-b2ec-dc69213d45ca,363.42,12.50,24,17.19,49.23,412.65,3.63,consolidation,D,paid_off,2024-12-12,2026-12-12,2024-12-12,2026-05-30 13:40:16.990875+00,2026-05-30 13:40:16.990875+00,,,0.00,0,
f5483f39-cbcd-49bf-bb1a-b2199fd70bea,LN-1403,dd041005-9340-48b2-9ce6-5e2a12dd39f9,0c6925f4-7d92-41a9-b358-1d126fb41279,878.16,12.50,24,41.54,118.91,997.07,8.78,travel,A,paid_off,2024-08-22,2026-08-22,2024-08-22,2026-05-30 13:40:16.880606+00,2026-05-30 13:40:16.880606+00,,,0.00,0,
f556bf6b-6e72-4b7b-9055-3fe17b73e1f3,LN-1714,2ecba489-8c12-454a-91f4-afad623ab046,0c6925f4-7d92-41a9-b358-1d126fb41279,388.50,12.50,24,18.38,52.62,441.12,3.89,emergency,B,paid_off,2024-04-21,2026-04-21,2024-04-21,2026-05-30 13:40:16.990875+00,2026-05-30 13:40:16.990875+00,,,0.00,0,
f5803556-f78c-4795-be30-042c242e3988,LN-0586,b3d4ed86-48d8-489d-bda0-b5c2d1401c9f,41340b75-3fa9-4cbd-bee5-5d10bb757dbb,951.28,12.50,24,45.00,128.77,1080.05,9.51,consolidation,A,active,2026-03-30,2028-03-30,2026-03-30,2026-05-30 13:40:16.751319+00,2026-05-30 13:40:16.751319+00,,,0.00,0,
f5cd3fbd-1f56-47f2-96b3-4d697285a1dd,LN-0021,4d92400f-6fe8-450b-a49c-ff00c740e58f,866a2b0d-da4d-403f-9343-390a810648e5,660.77,12.50,24,31.26,89.46,750.23,6.61,consolidation,C,active,2025-07-30,2027-07-30,2025-07-30,2026-05-30 13:40:16.593247+00,2026-05-30 13:40:16.593247+00,,,0.00,0,
f5e7bebd-8b01-4b30-a64d-509b6921d0ea,LN-0249,a58a9ce7-6073-46dd-b4ba-c8d3458ee6fa,89d1c7f8-46de-419f-b2ec-dc69213d45ca,262.52,12.50,24,12.42,35.54,298.06,2.63,equipment,B,active,2026-03-30,2028-03-30,2026-03-30,2026-05-30 13:40:16.593247+00,2026-05-30 13:40:16.593247+00,,,0.00,0,
f5e85bc9-564f-45f4-9631-65bc58fa9eb9,LN-0059,489abe70-c319-4039-b792-238c7412272e,0c6925f4-7d92-41a9-b358-1d126fb41279,356.53,12.50,24,16.87,48.27,404.80,3.57,travel,A,active,2026-03-02,2028-03-02,2026-03-02,2026-05-30 13:40:16.593247+00,2026-05-30 13:40:16.593247+00,,,0.00,0,
f60c8b0a-1c54-4862-bf06-d9d25dc928db,LN-0089,02665be3-a07a-47e6-b6ba-9e2409d2a46b,89d1c7f8-46de-419f-b2ec-dc69213d45ca,161.83,12.50,24,7.66,21.88,183.71,1.62,equipment,A,active,2025-04-30,2027-04-30,2025-04-30,2026-05-30 13:40:16.593247+00,2026-05-30 13:40:16.593247+00,,,0.00,1,2026-06-30
f6142697-ea58-4bab-893a-274c34423b2b,LN-1835,06181d74-022b-4858-977b-11d67f117052,89d1c7f8-46de-419f-b2ec-dc69213d45ca,169.67,12.50,24,8.03,22.95,192.62,1.70,event,D,paid_off,2024-10-01,2026-10-01,2024-10-01,2026-05-30 13:40:16.990875+00,2026-05-30 13:40:16.990875+00,,,0.00,0,
f63aa7af-48a4-4073-9be5-f17e64dee0f5,LN-0712,5b75913e-9514-470f-bee7-1b8bdf60a3ac,866a2b0d-da4d-403f-9343-390a810648e5,713.55,12.50,24,33.76,96.57,810.12,7.14,auto,B,active,2026-01-30,2028-01-30,2026-01-30,2026-05-30 13:40:16.751319+00,2026-05-30 13:40:16.751319+00,,,0.00,1,2026-06-30
f6490c54-bb83-4494-8628-c50b04f4f132,LN-0381,200f892a-6e9e-4825-a1ea-94399f96e829,89d1c7f8-46de-419f-b2ec-dc69213d45ca,842.87,12.50,24,39.87,114.12,956.99,8.43,equipment,C,active,2025-03-02,2027-03-02,2025-03-02,2026-05-30 13:40:16.593247+00,2026-05-30 13:40:16.593247+00,,,0.00,1,2026-06-30
f670fa00-a85f-4cfb-9e3a-bf71961a2218,LN-0197,3306b148-3625-449c-89d4-541a9f152ff7,89d1c7f8-46de-419f-b2ec-dc69213d45ca,883.47,12.50,24,41.79,119.60,1003.07,8.83,medical,A,active,2025-10-30,2027-10-30,2025-10-30,2026-05-30 13:40:16.593247+00,2026-05-30 13:40:16.593247+00,,,0.00,0,
f6e729ae-86c7-4721-94b5-86ef2782685b,LN-1273,d1baf9fa-8bbc-4720-a363-0d77f2db3303,89d1c7f8-46de-419f-b2ec-dc69213d45ca,619.09,12.50,24,29.29,83.78,702.87,6.19,medical,C,active,2025-09-30,2027-09-30,2025-09-30,2026-05-30 13:40:16.880606+00,2026-05-30 13:40:16.880606+00,,,0.00,1,2026-06-30
f7646311-f370-40f7-a681-f76d2aaca8ce,LN-0332,57645d5c-ed5b-4e99-9b77-fb4d269fe23a,0c6925f4-7d92-41a9-b358-1d126fb41279,228.43,12.50,24,10.81,30.90,259.33,2.28,auto,D,active,2025-03-30,2027-03-30,2025-03-30,2026-05-30 13:40:16.593247+00,2026-05-30 13:40:16.593247+00,,,0.00,1,2026-06-30
f787355e-12da-4ab9-bbc3-eb357a0001b5,LN-1074,40af65ae-c891-4b60-8b22-a9d041bb5a93,0c6925f4-7d92-41a9-b358-1d126fb41279,305.76,12.50,24,14.46,41.39,347.15,3.06,travel,B,active,2025-12-30,2027-12-30,2025-12-30,2026-05-30 13:40:16.880606+00,2026-05-30 13:40:16.880606+00,,,0.00,0,
f799bcc3-6a27-4d00-9881-1f4e10b4c7db,LN-1134,d8db44f9-b8ad-46da-a215-69f299e3a988,0c6925f4-7d92-41a9-b358-1d126fb41279,981.72,12.50,24,46.44,132.91,1114.63,9.82,emergency,D,active,2025-11-30,2027-11-30,2025-11-30,2026-05-30 13:40:16.880606+00,2026-05-30 13:40:16.880606+00,,,0.00,0,
f7d6100a-5381-4e97-abc8-35145d5780dd,LN-1790,e6980f46-ff7c-42cc-a1e7-c854cf136bc9,0c6925f4-7d92-41a9-b358-1d126fb41279,329.55,12.50,24,15.59,44.62,374.17,3.30,emergency,A,paid_off,2024-08-06,2026-08-06,2024-08-06,2026-05-30 13:40:16.990875+00,2026-05-30 13:40:16.990875+00,,,0.00,0,
f7e9e878-279c-4766-b224-2a91adfb35bb,LN-0258,e3f15d28-42e1-453d-b9cb-1ff0b0555ac9,41340b75-3fa9-4cbd-bee5-5d10bb757dbb,1139.39,12.50,24,53.90,154.26,1293.65,11.39,auto,B,active,2026-01-30,2028-01-30,2026-01-30,2026-05-30 13:40:16.593247+00,2026-05-30 13:40:16.593247+00,,,0.00,0,
f8083b40-1e74-48dd-a3ac-9148e2a786ec,LN-1666,95fe620e-aa82-4cf2-a477-7ee6d8aa2383,89d1c7f8-46de-419f-b2ec-dc69213d45ca,697.72,12.50,24,33.01,94.48,792.20,6.98,equipment,C,paid_off,2024-04-27,2026-04-27,2024-04-27,2026-05-30 13:40:16.990875+00,2026-05-30 13:40:16.990875+00,,,0.00,0,
f82a0e18-d6a4-4ab9-a081-2a5843ed0c06,LN-0810,33aabbe1-6f7b-4dc3-8201-5a1c3c144373,0c6925f4-7d92-41a9-b358-1d126fb41279,531.78,12.50,24,25.16,71.99,603.77,5.32,equipment,A,active,2026-01-30,2028-01-30,2026-01-30,2026-05-30 13:40:16.751319+00,2026-05-30 13:40:16.751319+00,,,0.00,0,
f8362914-fd51-45d5-bc21-92943671c684,LN-0331,ea6747e1-83ce-49ee-a88a-c5140b52c8cd,866a2b0d-da4d-403f-9343-390a810648e5,883.38,12.50,24,41.79,119.58,1002.96,8.83,auto,A,active,2025-09-30,2027-09-30,2025-09-30,2026-05-30 13:40:16.593247+00,2026-05-30 13:40:16.593247+00,,,0.00,0,
f83d9b7a-3372-42f8-a926-dd7b25d8494c,LN-0987,dd1a1f56-90db-466c-9eda-baa69e52008a,41340b75-3fa9-4cbd-bee5-5d10bb757dbb,2021.62,12.50,24,95.64,273.66,2295.28,20.22,consolidation,B,active,2025-01-30,2027-01-30,2025-01-30,2026-05-30 13:40:16.751319+00,2026-05-30 13:40:16.751319+00,,,0.00,1,2026-06-30
f8775bd0-3f41-4909-b351-30836409b3ae,LN-0105,aa752c27-e6ad-429e-9d22-9e8de8fc8140,41340b75-3fa9-4cbd-bee5-5d10bb757dbb,858.25,12.50,24,40.60,116.20,974.45,8.58,equipment,A,active,2026-04-30,2028-04-30,2026-04-30,2026-05-30 13:40:16.593247+00,2026-05-30 13:40:16.593247+00,,,0.00,0,
f892df51-422e-43e5-85bf-3779d0aff062,LN-1445,50af30ea-5944-4eeb-be34-936979d6bf7e,89d1c7f8-46de-419f-b2ec-dc69213d45ca,447.11,12.50,24,21.15,60.55,507.66,4.47,event,B,paid_off,2024-07-26,2026-07-26,2024-07-26,2026-05-30 13:40:16.880606+00,2026-05-30 13:40:16.880606+00,,,0.00,0,
f8b088ab-a539-45e9-b580-0303bf84d49b,LN-1836,e3935d89-297a-4c91-a1a7-06ad8610335b,89d1c7f8-46de-419f-b2ec-dc69213d45ca,504.84,12.50,24,23.88,68.35,573.19,5.05,equipment,B,paid_off,2024-12-10,2026-12-10,2024-12-10,2026-05-30 13:40:16.990875+00,2026-05-30 13:40:16.990875+00,,,0.00,0,
f8df48cd-a272-449e-800f-19fcd9d0102e,LN-0367,66fe3d8b-0e6e-483c-becb-ef3f48d3244a,89d1c7f8-46de-419f-b2ec-dc69213d45ca,454.10,12.50,24,21.48,61.48,515.58,4.54,emergency,D,active,2025-05-30,2027-05-30,2025-05-30,2026-05-30 13:40:16.593247+00,2026-05-30 13:40:16.593247+00,,,0.00,1,2026-06-30
f8ee0cf7-5bf1-46f0-a51e-6d18d951fddb,LN-1493,3d53a2ea-6b69-44e0-89be-35d24e44e456,89d1c7f8-46de-419f-b2ec-dc69213d45ca,381.25,12.50,24,18.04,51.60,432.85,3.81,event,A,paid_off,2024-08-17,2026-08-17,2024-08-17,2026-05-30 13:40:16.880606+00,2026-05-30 13:40:16.880606+00,,,0.00,0,
f9410630-d04f-42d8-9cf3-083d9ab75a1f,LN-1564,dc859b27-ef6f-4a66-b90b-7266eedee3d0,41340b75-3fa9-4cbd-bee5-5d10bb757dbb,1388.92,12.50,24,65.71,188.02,1576.94,13.89,auto,B,paid_off,2024-12-15,2026-12-15,2024-12-15,2026-05-30 13:40:16.990875+00,2026-05-30 13:40:16.990875+00,,,0.00,0,
f96b3c52-2d12-45dd-8bc4-8905d0641442,LN-1849,cb15b11b-4068-414c-9aad-e9e9c23e7982,0c6925f4-7d92-41a9-b358-1d126fb41279,528.86,12.50,24,25.02,71.60,600.46,5.29,emergency,B,paid_off,2024-06-04,2026-06-04,2024-06-04,2026-05-30 13:40:16.990875+00,2026-05-30 13:40:16.990875+00,,,0.00,0,
f96b501d-ae7a-4556-a983-8282abc41b9b,LN-0073,f54ae7ed-4b33-4118-a558-83ce093257e2,0c6925f4-7d92-41a9-b358-1d126fb41279,381.58,12.50,24,18.05,51.68,433.26,3.82,auto,B,active,2025-03-02,2027-03-02,2025-03-02,2026-05-30 13:40:16.593247+00,2026-05-30 13:40:16.593247+00,,,0.00,1,2026-06-30
f98049e7-f5ad-4997-b9f6-a7f38108834d,LN-0155,a56a9d02-a2de-41ef-b6cd-6bfae6105ebd,0c6925f4-7d92-41a9-b358-1d126fb41279,811.54,12.50,24,38.39,109.88,921.42,8.12,equipment,B,active,2026-03-02,2028-03-02,2026-03-02,2026-05-30 13:40:16.593247+00,2026-05-30 13:40:16.593247+00,,,0.00,0,
f9812641-8d3d-490b-8f8d-e5c3822f7854,LN-1771,b24aa281-31ee-42bf-9214-1a55543dc031,0c6925f4-7d92-41a9-b358-1d126fb41279,1024.53,12.50,24,48.47,138.71,1163.24,10.25,medical,D,paid_off,2024-12-05,2026-12-05,2024-12-05,2026-05-30 13:40:16.990875+00,2026-05-30 13:40:16.990875+00,,,0.00,0,
f9a08e8c-7687-4e00-8ea1-c6fba8c62c09,LN-1192,3982033f-0308-42bc-87ad-00ace6477613,0c6925f4-7d92-41a9-b358-1d126fb41279,779.33,12.50,24,36.87,105.50,884.83,7.79,event,A,active,2026-04-30,2028-04-30,2026-04-30,2026-05-30 13:40:16.880606+00,2026-05-30 13:40:16.880606+00,,,0.00,0,
f9ab59bb-7da7-4a52-818d-6abf1b990f80,LN-0213,cccc43d3-e59c-4d9c-bde0-e02037325cfc,0c6925f4-7d92-41a9-b358-1d126fb41279,1139.64,12.50,24,53.91,154.28,1293.92,11.40,homeImprovement,D,active,2026-03-02,2028-03-02,2026-03-02,2026-05-30 13:40:16.593247+00,2026-05-30 13:40:16.593247+00,,,0.00,0,
f9c6feb9-7ade-47b5-8ccc-85c15f70e22c,LN-1731,c3ac00ad-a437-4bb8-8417-a98df1cb84f1,89d1c7f8-46de-419f-b2ec-dc69213d45ca,345.21,12.50,24,16.33,46.74,391.95,3.45,homeImprovement,B,paid_off,2024-10-28,2026-10-28,2024-10-28,2026-05-30 13:40:16.990875+00,2026-05-30 13:40:16.990875+00,,,0.00,0,
f9e9b606-d9d0-4cb4-abfc-f46cec76c990,LN-1405,76109a2e-908f-4010-9aea-9371711a1582,0c6925f4-7d92-41a9-b358-1d126fb41279,405.15,12.50,24,19.17,54.86,460.01,4.05,travel,B,paid_off,2024-05-09,2026-05-09,2024-05-09,2026-05-30 13:40:16.880606+00,2026-05-30 13:40:16.880606+00,,,0.00,0,
fa3eecb8-707c-4085-831f-2ddc71933330,LN-0437,954b0f19-309c-4f24-b8bc-73456b70bcd3,89d1c7f8-46de-419f-b2ec-dc69213d45ca,1454.78,12.50,24,68.82,196.94,1651.72,14.55,emergency,A,active,2025-10-30,2027-10-30,2025-10-30,2026-05-30 13:40:16.593247+00,2026-05-30 13:40:16.593247+00,,,0.00,0,
fa4bc9b6-5bca-48c9-b0bc-73b22ec1400a,LN-1395,e2abd685-bb41-4ff5-a45d-6ad3ca747466,89d1c7f8-46de-419f-b2ec-dc69213d45ca,397.81,12.50,24,18.82,53.85,451.66,3.98,equipment,B,paid_off,2024-12-14,2026-12-14,2024-12-14,2026-05-30 13:40:16.880606+00,2026-05-30 13:40:16.880606+00,,,0.00,0,
fa537909-0f12-4ab3-9129-aaddac36c0a4,LN-0426,737b3fe6-a44f-414a-ba31-a3ac75858bce,89d1c7f8-46de-419f-b2ec-dc69213d45ca,394.22,12.50,24,18.65,53.35,447.57,3.94,emergency,A,active,2025-11-30,2027-11-30,2025-11-30,2026-05-30 13:40:16.593247+00,2026-05-30 13:40:16.593247+00,,,0.00,0,
fab53560-a70c-4d9b-9cc5-9915140a1d3f,LN-0998,c43c520f-67b2-49e0-878a-8f286027343a,89d1c7f8-46de-419f-b2ec-dc69213d45ca,499.61,12.50,24,23.64,67.59,567.20,5.00,event,D,active,2026-04-30,2028-04-30,2026-04-30,2026-05-30 13:40:16.751319+00,2026-05-30 13:40:16.751319+00,,,0.00,0,
fac927d1-4ffa-4c1a-8ce8-2462f85d7f33,LN-1299,70b133de-2314-44a1-91c2-f059183e5794,866a2b0d-da4d-403f-9343-390a810648e5,1071.07,12.50,24,50.67,144.99,1216.06,10.71,emergency,B,active,2026-03-02,2028-03-02,2026-03-02,2026-05-30 13:40:16.880606+00,2026-05-30 13:40:16.880606+00,,,0.00,0,
fad6ddd5-5ed6-4b5b-8818-4c53886b9238,LN-0193,c1055b1b-6cbf-46e5-84f4-3a35403ce9cf,0c6925f4-7d92-41a9-b358-1d126fb41279,186.76,12.50,24,8.84,25.27,212.03,1.87,emergency,D,active,2025-11-30,2027-11-30,2025-11-30,2026-05-30 13:40:16.593247+00,2026-05-30 13:40:16.593247+00,,,0.00,0,
fafec7fe-40d7-4e2f-ad9e-9b0ec8d6f1e6,LN-1231,49294946-9dcb-4477-aa38-a04981991a9b,41340b75-3fa9-4cbd-bee5-5d10bb757dbb,1234.78,12.50,24,58.41,167.16,1401.94,12.35,consolidation,C,active,2025-03-30,2027-03-30,2025-03-30,2026-05-30 13:40:16.880606+00,2026-05-30 13:40:16.880606+00,,,0.00,1,2026-06-30
fb72c877-9af3-4a68-9651-fbd97520d24c,LN-0348,66995924-68ea-4208-afed-67af5a946b15,89d1c7f8-46de-419f-b2ec-dc69213d45ca,366.27,12.50,24,17.33,49.57,415.84,3.66,emergency,A,active,2025-12-30,2027-12-30,2025-12-30,2026-05-30 13:40:16.593247+00,2026-05-30 13:40:16.593247+00,,,0.00,0,
fb8ec88a-c1a9-4b5a-a99c-3d330c028d33,LN-0077,4fbce5b7-6d66-4b5b-a948-a7fc0c3d7904,41340b75-3fa9-4cbd-bee5-5d10bb757dbb,733.95,12.50,24,34.72,99.37,833.32,7.34,medical,B,active,2025-12-30,2027-12-30,2025-12-30,2026-05-30 13:40:16.593247+00,2026-05-30 13:40:16.593247+00,,,0.00,0,
fb9ec1d8-a8ed-455a-8694-43957aa80b4d,LN-0644,b2e8b308-d31f-4ba8-9537-5729c709aa1c,89d1c7f8-46de-419f-b2ec-dc69213d45ca,173.84,12.50,24,8.22,23.57,197.41,1.74,consolidation,A,active,2025-03-30,2027-03-30,2025-03-30,2026-05-30 13:40:16.751319+00,2026-05-30 13:40:16.751319+00,,,0.00,1,2026-06-30
fbb84b53-6ec8-4d70-904d-29133c9e878a,LN-1328,ed7ce77a-4a8a-43d3-a40c-aeeecc127c57,89d1c7f8-46de-419f-b2ec-dc69213d45ca,727.42,12.50,24,34.41,98.51,825.93,7.27,medical,A,active,2026-03-30,2028-03-30,2026-03-30,2026-05-30 13:40:16.880606+00,2026-05-30 13:40:16.880606+00,,,0.00,0,
fc1fc61b-3bc5-4091-9b2a-d82220c6343e,LN-0102,97a47855-ce64-4cf6-8861-b0753484c3d9,89d1c7f8-46de-419f-b2ec-dc69213d45ca,237.51,12.50,24,11.24,32.15,269.66,2.38,event,A,active,2025-04-30,2027-04-30,2025-04-30,2026-05-30 13:40:16.593247+00,2026-05-30 13:40:16.593247+00,,,0.00,0,
fc4fdf0b-423c-4842-baf7-0bcc9c60a2a1,LN-0645,b52f45f0-6f9a-4158-9653-6f7bbad4c309,41340b75-3fa9-4cbd-bee5-5d10bb757dbb,791.52,12.50,24,37.44,107.16,898.68,7.92,homeImprovement,A,active,2025-06-30,2027-06-30,2025-06-30,2026-05-30 13:40:16.751319+00,2026-05-30 13:40:16.751319+00,,,0.00,2,2026-06-30
fc5293fe-8508-45de-9d22-21e1fd132ecf,LN-0506,524d0ea2-2c39-4515-ac09-4dba4a8a3d7d,89d1c7f8-46de-419f-b2ec-dc69213d45ca,563.06,12.50,24,26.64,76.21,639.27,5.63,consolidation,A,active,2025-01-30,2027-01-30,2025-01-30,2026-05-30 13:40:16.751319+00,2026-05-30 13:40:16.751319+00,,,0.00,1,2026-06-30
fc750d8b-1968-4dde-919f-414076981d28,LN-0408,8857c386-41d8-41a9-b4e3-9834b3b2864f,0c6925f4-7d92-41a9-b358-1d126fb41279,381.04,12.50,24,18.03,51.54,432.58,3.81,equipment,B,active,2025-03-30,2027-03-30,2025-03-30,2026-05-30 13:40:16.593247+00,2026-05-30 13:40:16.593247+00,,,0.00,1,2026-06-30
fc98b8bb-36c1-442e-9cf5-ca2475d0fdb5,LN-0351,15552d4a-aa10-4b12-ba09-294ee69d88dd,89d1c7f8-46de-419f-b2ec-dc69213d45ca,445.88,12.50,24,21.09,60.39,506.27,4.46,travel,A,active,2026-03-02,2028-03-02,2026-03-02,2026-05-30 13:40:16.593247+00,2026-05-30 13:40:16.593247+00,,,0.00,0,
fcac2653-d7c9-4340-ac05-ec2b1e473e2b,LN-1194,0aef1584-58d1-4261-a6ab-8566e8c5c1e0,0c6925f4-7d92-41a9-b358-1d126fb41279,762.87,12.50,24,36.09,103.28,866.15,7.63,auto,C,active,2025-08-30,2027-08-30,2025-08-30,2026-05-30 13:40:16.880606+00,2026-05-30 13:40:16.880606+00,,,0.00,0,
fcbf6d7a-f100-47de-87a3-1d23d64f92f9,LN-1320,c9327636-04dd-41e5-a183-7d04c5cad403,0c6925f4-7d92-41a9-b358-1d126fb41279,697.77,12.50,24,33.01,94.48,792.25,6.98,consolidation,C,active,2025-03-30,2027-03-30,2025-03-30,2026-05-30 13:40:16.880606+00,2026-05-30 13:40:16.880606+00,,,0.00,1,2026-06-30
fce77b1c-df54-408d-893c-d32d2213fbb7,LN-1818,68da4869-27a4-4746-9543-31dab9a1e3cd,0c6925f4-7d92-41a9-b358-1d126fb41279,77.79,12.50,24,3.68,10.54,88.33,0.78,homeImprovement,A,paid_off,2024-11-15,2026-11-15,2024-11-15,2026-05-30 13:40:16.990875+00,2026-05-30 13:40:16.990875+00,,,0.00,0,
fd0e3115-aa22-494d-972f-b19a532734ff,LN-1232,88b504c3-c521-42fa-8dc9-94e8ac6f03f3,0c6925f4-7d92-41a9-b358-1d126fb41279,426.79,12.50,24,20.19,57.82,484.61,4.27,travel,D,active,2025-09-30,2027-09-30,2025-09-30,2026-05-30 13:40:16.880606+00,2026-05-30 13:40:16.880606+00,,,0.00,0,
fdac07b8-c0e9-4855-baa0-1af9b7f9bf39,LN-1928,c56be4b0-d5ef-4593-a994-ce1f2494bac7,0c6925f4-7d92-41a9-b358-1d126fb41279,195.21,12.50,24,9.23,26.45,221.66,1.95,auto,D,paid_off,2024-08-10,2026-08-10,2024-08-10,2026-05-30 13:40:16.990875+00,2026-05-30 13:40:16.990875+00,,,0.00,0,
fdc119d7-b748-4127-b105-5fe1648ccb03,LN-1542,78a7dafb-ce2c-4d7b-b68a-93798a1e20b3,866a2b0d-da4d-403f-9343-390a810648e5,1355.91,12.50,24,64.14,183.54,1539.45,13.56,medical,C,paid_off,2024-04-26,2026-04-26,2024-04-26,2026-05-30 13:40:16.990875+00,2026-05-30 13:40:16.990875+00,,,0.00,0,
fe2b6081-1683-40d6-9b2b-ee1e148e3621,LN-1114,c1d6b5e3-f80f-428c-9f37-1b5f7d67ac41,89d1c7f8-46de-419f-b2ec-dc69213d45ca,455.61,12.50,24,21.55,61.68,517.29,4.56,travel,D,active,2025-03-30,2027-03-30,2025-03-30,2026-05-30 13:40:16.880606+00,2026-05-30 13:40:16.880606+00,,,0.00,0,
fe2fbdd7-507f-4d79-8524-0c87c1059e91,LN-1898,ddbf44d2-94ec-4609-8865-39b7ce3aa506,89d1c7f8-46de-419f-b2ec-dc69213d45ca,376.26,12.50,24,17.80,50.91,427.17,3.76,event,A,paid_off,2024-04-11,2026-04-11,2024-04-11,2026-05-30 13:40:16.990875+00,2026-05-30 13:40:16.990875+00,,,0.00,0,
fe35ca91-a6d6-4df7-8750-2401841ee59a,LN-0354,045b99aa-40bf-4f48-9899-0ee101acc77e,0c6925f4-7d92-41a9-b358-1d126fb41279,354.31,12.50,24,16.76,47.95,402.26,3.54,emergency,A,active,2025-09-30,2027-09-30,2025-09-30,2026-05-30 13:40:16.593247+00,2026-05-30 13:40:16.593247+00,,,0.00,0,
fe3976b4-00c5-4950-90c4-8214a066630b,LN-1447,f9496119-d02d-4479-91c1-ca1007f6202d,89d1c7f8-46de-419f-b2ec-dc69213d45ca,140.58,12.50,24,6.65,19.04,159.62,1.41,event,A,paid_off,2024-12-20,2026-12-20,2024-12-20,2026-05-30 13:40:16.880606+00,2026-05-30 13:40:16.880606+00,,,0.00,0,
fe437155-1477-4c34-b571-d30cd3e6a405,LN-1901,8e152cd0-b825-419e-a837-78f8e2126094,0c6925f4-7d92-41a9-b358-1d126fb41279,333.10,12.50,24,15.76,45.09,378.19,3.33,travel,C,paid_off,2024-07-10,2026-07-10,2024-07-10,2026-05-30 13:40:16.990875+00,2026-05-30 13:40:16.990875+00,,,0.00,0,
feaaf5c9-08d0-419a-842c-4470d958fc25,LN-1792,15552d4a-aa10-4b12-ba09-294ee69d88dd,41340b75-3fa9-4cbd-bee5-5d10bb757dbb,593.89,12.50,24,28.10,80.36,674.25,5.94,emergency,A,paid_off,2024-04-19,2026-04-19,2024-04-19,2026-05-30 13:40:16.990875+00,2026-05-30 13:40:16.990875+00,,,0.00,0,
feaca4df-ef1c-4aa3-9919-7fd10ae76715,LN-0052,ed10d36e-2e9f-4376-85dc-f5c2f3f6fd95,89d1c7f8-46de-419f-b2ec-dc69213d45ca,309.99,12.50,24,14.66,42.00,351.99,3.10,travel,A,active,2025-04-30,2027-04-30,2025-04-30,2026-05-30 13:40:16.593247+00,2026-05-30 13:40:16.593247+00,,,0.00,2,2026-06-30
fecc9b06-a84a-45df-852a-4663071feff9,LN-0280,de7ec331-ea06-4ea6-a625-805e57af618e,0c6925f4-7d92-41a9-b358-1d126fb41279,360.25,12.50,24,17.04,48.76,409.01,3.60,medical,A,active,2025-09-30,2027-09-30,2025-09-30,2026-05-30 13:40:16.593247+00,2026-05-30 13:40:16.593247+00,,,0.00,0,
feda1e61-98e5-4677-8891-0cf7f77770ec,LN-1456,75377db3-70d0-4bca-9b6c-2cd2dd23ae76,89d1c7f8-46de-419f-b2ec-dc69213d45ca,91.65,12.50,24,4.34,12.39,104.04,0.92,event,C,paid_off,2024-06-10,2026-06-10,2024-06-10,2026-05-30 13:40:16.880606+00,2026-05-30 13:40:16.880606+00,,,0.00,0,
ff059665-bc3d-4f69-b660-dac00221e067,LN-1175,3da6d72f-fae5-48f1-be7d-d4667e0f2865,0c6925f4-7d92-41a9-b358-1d126fb41279,101.87,12.50,24,4.82,13.78,115.65,1.02,event,A,active,2026-01-30,2028-01-30,2026-01-30,2026-05-30 13:40:16.880606+00,2026-05-30 13:40:16.880606+00,,,0.00,0,
ff24bc67-99a4-4ffa-a91a-e48e8b455858,LN-0294,fdcd08e2-b9f3-4148-a60a-fdbe3edff763,0c6925f4-7d92-41a9-b358-1d126fb41279,182.61,12.50,24,8.64,24.72,207.33,1.83,travel,A,active,2025-10-30,2027-10-30,2025-10-30,2026-05-30 13:40:16.593247+00,2026-05-30 13:40:16.593247+00,,,0.00,0,
ff789a5e-9732-4611-b9ab-9ba11d289d97,LN-0228,286a625f-0422-482e-a744-f01fa9c3a5f2,89d1c7f8-46de-419f-b2ec-dc69213d45ca,270.90,12.50,24,12.82,36.66,307.56,2.71,auto,D,active,2025-05-30,2027-05-30,2025-05-30,2026-05-30 13:40:16.593247+00,2026-05-30 13:40:16.593247+00,,,0.00,0,
ff8d2cfd-c121-4a33-8ca2-78c0cfb05554,LN-1689,5049f262-62a4-43ba-84b7-7d0323505ce7,866a2b0d-da4d-403f-9343-390a810648e5,1783.31,12.50,24,84.36,241.44,2024.75,17.83,auto,B,paid_off,2024-01-12,2026-01-12,2024-01-12,2026-05-30 13:40:16.990875+00,2026-05-30 13:40:16.990875+00,,,0.00,0,
ffa07848-53fc-4fe2-9759-bb4d1d2e19be,LN-1100,a615b8c1-6b01-42e8-a189-e783365060dc,89d1c7f8-46de-419f-b2ec-dc69213d45ca,369.34,12.50,24,17.47,50.00,419.34,3.69,homeImprovement,B,active,2025-12-30,2027-12-30,2025-12-30,2026-05-30 13:40:16.880606+00,2026-05-30 13:40:16.880606+00,,,0.00,0,
ffbe106a-99ca-4765-b9dd-6f9ff3ff6bfa,LN-1536,ceaf323b-406a-4a24-a759-3ffc9a8f3286,0c6925f4-7d92-41a9-b358-1d126fb41279,853.93,12.50,24,40.40,115.61,969.54,8.54,equipment,D,paid_off,2024-08-27,2026-08-27,2024-08-27,2026-05-30 13:40:16.990875+00,2026-05-30 13:40:16.990875+00,,,0.00,0,
fff50380-5277-4987-bb4b-21482c80d3ae,LN-1382,9a2019c5-9c84-4352-895c-7f38956dfffe,866a2b0d-da4d-403f-9343-390a810648e5,521.76,12.50,24,24.68,70.65,592.41,5.22,equipment,B,paid_off,2024-01-02,2026-01-02,2024-01-02,2026-05-30 13:40:16.880606+00,2026-05-30 13:40:16.880606+00,,,0.00,0,
